Numéro de la tâche,Date de création de la tâche,Nom de la personne initiatrice de la tâche,Site de réalisation de la tâche,Nature de la tâche,Description de la tâche,Date de début de la tâche,Durée estimée en heure(s) ou journée(s),Nombre de personnes souhaitées,Service N°1 mandaté pour la réalisation de la tâche,Service N°2 mandaté pour la réalisation de la tâche,Service N°3 mandaté pour la réalisation de la tâche
,,,,,,,,,,,
,,,,,,,,,,,
T_P1259,46002,Hicham El Hariri,Roseraie,Entretien général,"Roseraie 8 et 12 : créer une circulation d'air dans le grenier. Retirer la grille d'évacuation dans le WC, remplacer par un extracteur et poser le tuyau d'évacuation présent dans le grenier sur l'isolation (voir Jan pour explication)",46002,,2,Vincent,,
T_P1263,46002,Hicham El Hariri,Roseraie,Entretien général,remis en état des ardoises de protection ur les murs : remplacer ou refixer,46002,,1,Vincent,,
T_P1324,46098,Hicham El Hariri,Roseraie,Entretien général,"N° 31 : Tablette lavabo cassé, envisager de la remplacer.",46098,,1,Vincent,,
T_P1335,46134,Hicham El Hariri,Roseraie,Entretien général,N° 5 : Vider l'armoire du jardin,46134,,1,Vincent,,
T_P1334,46134,Hicham El Hariri,Roseraie,Entretien général,N° 5 : -installer une barre de soutien sur le mur près de la porte d'entrée,46134,,,Vincent,,
T_P1333,46134,Hicham El Hariri,Roseraie,Entretien général,"hotte ne fonctionne pas, verifier le cblage ""les deux prises en court-circuit)",46134,,2,Vincent,,
T_P1332,46134,Hicham El Hariri,Roseraie,Entretien général,manque barre pour rideau de douche,46134,,1,Vincent,,
T_P1337,46135,Hicham El Hariri,Roseraie,Menuiserie,N° 32 : la planche de rive de la porte arrière est tombée en partie et bloque la porte du jardin.Merci,46135,,,Vincent,,
T_P1336,46135,Hicham El Hariri,Roseraie,Entretien général,N° 31 : la tablette au dessus du lavabo est tombée mais elle n'est pas cassée. Si possible de lui refixer. Merci,46135,,,Vincent,,
T_P1340,46136,Hicham El Hariri,Magasin,Jardin / extérieur,Christian : peux-tu passer la débroussailleuse et tondre la pelouse au magasin social si le temps le permet.,46136,,1,Vincent,,
T_P1339,46136,Hicham El Hariri,Roseraie,Entretien général,adrianno et Christian : au N° 32 changer la planche de rive ,46136,,2,Vincent,,
T_P1338,46136,Hicham El Hariri,Roseraie,Menuiserie,Steve : il faut découper le meuble pour faire passer le tuyau d évacuation des fumées  de la hotte + régler les portes et fixer les poignées,46136,,1,Vincent,,
T_P1172,45880,Secrétariat général,Roseraie,Jardin / extérieur,Roseraie 9 - Les dalles de terrasse bougent et sont de travers alors madame a peur de tomber. Matériel stocké à l'Arbre de Vie (12 sacs de mortier). Intervention en mars-avril 2026,46096,2,2,Vincent,,
T_P1317,46085,Stéphanie Debeil,CPAS,Entretien général,"rue J Menin : -Refixer les barres de tenture au rez-de-chaussée ainsi que dans une des chambre.
-Réparation du carrelage (crédence) de la salle de bain.",46085,,1,Vincent,,
T_P1316,46085,Stéphanie Debeil,CPAS,Entretien général,traiter les taches d'humidité et refaire le mut abimé au 114/3,46085,,1,Vincent,,
T_P1321,46093,Stéphanie Debeil,CPAS,Entretien général,"rue J Menin : Refixer toutes les barres de tenture.
-Recoller les carrelages de crédence de la SDB (baignoire)
-Analyser les murs de SDB (humidité+++)",46093,,1,Vincent,,
T_P1327,46101,Stéphanie Debeil,CPAS,Entretien général,Réparer chauffage chambre 114/3 + moisissure toujours présente autour des châssis des velux et ce malgré une ventilation régulièr,46101,,1,Vincent,,
T_P1326,46101,Stéphanie Debeil,CPAS,Entretien général,Changer barillet boîte au lettre Jean Menin et 114/2,46101,,1,Vincent,,
T_P1331,46115,Stéphanie Debeil,CPAS,Entretien général,"114/1: La vanne thermostatique du salon/cuisine est déficiente.  Et 114/3: L'évacuation du ""trop plein"" de la baignoire présenterait une fuite",46115,1,1,Vincent,,
T_P1262,46002,Hicham El Hariri,Roseraie,Entretien général,N° 22 : humidité plafond WC,46002,,1,Vincent,,
T_P1265,46002,Hicham El Hariri,Roseraie,Entretien général,N° 41 : humidité constaté dans les coins,46002,,1,Vincent,,
T_P1266,46002,Hicham El Hariri,Roseraie,Entretien général,N° 24 : humidité vien dhez les voisins,46002,,1,Vincent,,
T_P1290,46042,Hicham El Hariri,Roseraie,Entretien général,N° 41 : Laura ->passer voir voir l'humidité qui apparait sur le mur du salon; mur qui sépare le salon et la salle de bain. merci,46042,,1,Vincent,,
T_P1304,46055,Hicham El Hariri,Roseraie,Entretien général,N° 12 : les moulures du plafond sont écaillées et des bêtes noires (des petites et beaucoup) sortent des fissures en venant du plafond… merci d'aller voir ,46055,,1,Vincent,,
T_P1303,46055,Hicham El Hariri,Roseraie,Entretien général,N° 23 : le carrelage de la cuisine se décolle. Merci de faire le nécessaire. ,46055,,1,Vincent,,
T_P1308,46069,Hicham El Hariri,Roseraie,Plomberie,"N° 24 Chemin du bon dieu : l'égoût est toujours bouché, 
Madame a mis 7 bouteilles de déboucheurs c'est déjà mieux mais ça s'écoule lentement.",46069,,,Vincent,,
T_P1312,46079,Hicham El Hariri,Roseraie,Entretien général,"Roseraie 6 : Fuite d'eau dans le débarras, verifier les tuiles defectu. !!! ",46079,,1,Vincent,,
T_P1311,46079,Hicham El Hariri,Roseraie,Entretien général,"Roseraie 18:
1.	Déchets dans le jardin à débarrasser (selon la propriétaire c'est le reste de l'ancien locataire et des travaux) - Merci de vérifier 
2.	Alarme incendie qui se déclenche tout le temps - merci de vérifier 
3.	Moustiquaire à placer (attendre les infos car le placement sera gratuit  mais le matériel sera facturé à la locataire -à vérifier après )
4.	Madame veut planter des oignons apparemment mais elle ne peut pas ",46079,,1,Vincent,,
T_P1313,46079,Hicham El Hariri,Roseraie,Entretien général,"Chemin du Bon dieu 14:
1.	Gros trou dans la chambre - suite aux travaux des chauffagistes
2.	Fixer l'aspirateur (idem N°3 de la roseraie 18) ",46079,,1,Vincent,,
T_P1318,46090,Hicham El Hariri,Roseraie,Plomberie,N°14 : Mme n'a plus d'eau au robinet de la cuisine.,46090,,1,Vincent,,
T_P1319,46093,Hicham El Hariri,Roseraie,Plomberie,Chemin du Bon Dieu N° 24 : changer le robinet,46093,,,Vincent,,
T_P1320,46093,Hicham El Hariri,Roseraie,Entretien général,"N° 23 : (Carrelage de cuisine qui se décolle) 																																										",46093,,,Vincent,,
T_P1323,46097,Hicham El Hariri,Roseraie,Entretien général,N° 16 : fixer la barre de douche,46097,,,Vincent,,
T_P1322,46097,Hicham El Hariri,Roseraie,Entretien général,Chemin du Bon Dieu 20 : la chasse coule,46097,,2,Vincent,,
T_P1325,46098,Hicham El Hariri,Roseraie,Electricité,"N° 24 : le néon de la salle de bain ne fonctionne plus.
Est-il possible de lui remplacer? Merci",46098,,,Vincent,,
T_P1152,45838,Secrétariat général,Roseraie,Jardin / extérieur,"Roseraie 16 - Madame nous informe que 3 sapins sont morts sur le côté de la maison , voir si possible pour les enlever",45838,,,Vincent,,
T_P1236,45968,Secrétariat général,Roseraie,Entretien général,"Etat des lieux de sortie Roseraie 16 - démonter et changer le bac de douche pour trouver la fuite, carrelage douche à changer + lavabo, vinyl chambre à changer, remplacer le WC, peinture: plafonds, murs ,radiateurs et portes intérieures. Changer caches prises et interrupteurs, dalles de terrasse à réparer, repeindre châssis,",45968,,,Vincent,,
T_P1240,45975,Secrétariat général,Roseraie,Entretien général,"Roseraie 18 - Madame ne souhaite pas garder les bacs à fleurs de l'ancienne locataire, les enlever et les jeter",45975,,,Vincent,,
T_P1241,45978,Secrétariat général,Roseraie,Entretien général,Roseraie 32- Planche de rive à l'arrière se détache,45978,,,Vincent,,
T_P1249,45982,Secrétariat général,Roseraie,Entretien général,"Etat des lieux de sortie Roseraie 10 - repeindre les murs, les portes intérieures, les plafonds, les radiateurs, les châssis, changer bac de douche, attention barre porte serviette enlevée car fait sauter les plombs, luminaire face au placard chambre ne fonctionne plus, changer cuvette wc, vérifier certaines prises sont à remplacer car cassées, voir pour souci au plafond du living car peinture s'écaille toujours, changer cuisine, nettoyer terrasse avant et arrière au karcher et refaire les joint si nécessaire",45982,,,Vincent,,
T_P1252,45993,Secrétariat général,Roseraie,Entretien général,"Roseraie 6 - Suite aux travaux réalisés ce jour par SBA chauffage sur le toit, l'isolation dans le plafond est trampée, voir pour changer ",45993,,,Vincent,,
T_P948,45602,Sophie Paternoster,Roseraie,Entretien général,Bon Dieu 20 et Roseraie 29 : les plaques de finition près des conduits de cheminée n'ont pas été repositionnées par SBA car il semble qu'il y ait une infiltration d'eau par le conduit de cheminée. A surveiller lors des prochaines pluies.,45602,1,1,Vincent,,
T_P1309,46072,Sophie Paternoster,Roseraie,Marchandises magasin,"A partir du 24 février, retirer les deux commandes IKEA pour la Roseraie 39 (cuisine + électroménager)",46077,3,2,Vincent,,
T_P1330,46113,Sophie Paternoster,CPAS,Entretien général,Mesurer l'emplacement à prévoir pour les distributeurs (Boissons et confiseries) afin de savoir si on sait les mettre côté à côté à la nouvelle cité administrative (espace disponible 190cm de largeur),46113,1,1,Vincent,,
T_P1329,46113,Sophie Paternoster,CPAS,Entretien général,Venir chercher des cartons (qui se trouve à l'accueil : 2 jeux de 5 cartons) pour les déposer à l'Arbre de Vie (voir Liora : ecobox pour cartouches Xerox),46113,1,1,Vincent,,
T_P1231,45957,Stéphanie Debeil,ILA,Entretien général,remettre de la peinture au 114/4 rue Charles Dupuis,45957,,1,Vincent,,
T_P1315,46084,Stéphanie Debeil,CPAS,Entretien général,"au 114/3 
-Chauffage fonctionne même quand la vanne thermostatique est à zéro.
-Moisissure autour des velux (cuisine/living/chambre/sdb)",46084,,1,Vincent,,
T_P1328,46101,Stéphanie Debeil,CPAS,Entretien général,Disposer les 2 lits bébé qui étaient à la rue Mandart et les mettre au  114/3.,46101,,1,Vincent,,
T_P049,44307,Alexis Passaro,CPAS,Electricité,"WC femme 1er étage - interrupteur à gauche de l'évier défectueux/bloqué. La lumière reste allumée en permanence. D'après moi, l'interrupteur est à remplacer.",44307,1h,1,Ouvriers_ADV,,
T_P056,44309,Alexis Passaro,CPAS,Parc voitures,"Déposer la plaque d'immatriculation et documents (assurance et certificat d'immatriculation) de la nouvelle camionnette du magasin social chez le concessionnaire à CAT Benelux, Rue Alfred Nobel, SN (Parc d'activités Seneffe-Manage), 7180 Seneffe => y aller le jour où on va chercher la commande Carrefour pour le magasin social",44309,15 min,1,Vincent,,
T_P057,44312,Alexis Passaro,CPAS,Sanitaire,Évacuation urinoires 1er étage bouchée,44312,3h45,2,Ouvriers_ADV,,
T_P063,44315,Alexis Passaro,CPAS,Entretien général,Le bras articulé ou les charnières de la porte de secours du service insertion (entre le bureau d'Alexis et de Julie/Thibault) grincent bruyamment. Serait-il possible de graisser ceux-ci? ,44315,1h,2,Vincent,,
T_P093,44361,Alexis Passaro,Magasin,Electricité,"Contrôle BTV au magasin social entre 14h00 et 17h00
Présence d'un ouvrier souhaitée
Agent BTV responsable de la mission : Monsieur Tahon 0473 300 880",44371,3,1,Vincent,,
T_P130,44417,Alexis Passaro,Magasin,Marchandises magasin,Retrait marchandise Carrefour à Nivelles en deux dois :  jeudi matin et vendredi matin ,44420,6h,1,Vincent,,
T_P011,44250,Corinne Buisseret,CPAS,Entretien général,retrait  marchandise charleroi goods to give,44252,3h45,1,Vincent,,
T_P013,44250,Corinne Buisseret,CPAS,Entretien général,retrait marchandises site de Nivelles ,44257,3H45,2,Vincent,,
T_P014,44250,Corinne Buisseret,CPAS,Entretien général,retrait de la palette de casse ,44258,3H,2,Vincent,,
T_P012,44250,Corinne Buisseret,CPAS,Entretien général,retrait stock gratuit carrefour bruxelles vente spéciale,44259,2 jours,2,Vincent,,
T_P027,44265,Corinne Buisseret,CPAS,Parc voitures,dépôt fiat fiorino chez auto it,44271,,1,Vincent,,
T_P036,44281,Corinne Buisseret,Magasin,Entretien général,retrait de mobilier chez un particulier ,44285,,2,Vincent,,
T_P041,44287,Corinne Buisseret,Magasin,Entretien général,retrait de mobilier chez un particulier à la rue des Meuniers 8 à 7973 Stambruges,44299,3h,2,Vincent,,
T_P059,44313,Corinne Buisseret,Magasin,Marchandises magasin,retrait marchandise Nivelles suite à leur mail,44314,3h,2,Vincent,,
T_P087,44348,Corinne Buisseret,Magasin,Entretien général,"passage d'un agent de la SWDE pour compteur bloqué entre 8h et 12h ,je serai avertie 15 min avant le passage de l'agent",44351,,1,Vincent,,
T_P097,44368,Corinne Buisseret,CPAS,Parc voitures,Dépôt de la vw caddy à Charleroi,44382,2,1,Vincent,,
T_P098,44368,Corinne Buisseret,CPAS,Parc voitures,récupération du véhicule à mobilité réduite à Marbais,44384,2H,1,Vincent,,
T_P148,44455,Corinne Buisseret,Magasin,Entretien général,renforcement de la porte avant du garage par l'intérieur pour sécuriser celle-ci qui s'ouvre parfois toute seule,44455,1h,,Vincent,,
T_P152,44463,Corinne Buisseret,Magasin,Marchandises magasin,reprendre 2 caisses de marchandises à la cave du cpas et les déposer à l'épicerie,44463,1h,1,Vincent,,
T_P175,44482,Corinne Buisseret,CPAS,Chauffage,le radiateur ne fonctionne pas dans mon bureau,44482,,1,Vincent,,
T_P177,44483,Corinne Buisseret,Magasin,Entretien général,placement d'un petit boitier à clé au magasin pour y mettre les clés du garage et du chalet ,44484,1 heure,1,Vincent,,
T_P182,44488,Corinne Buisseret,Magasin,Marchandises magasin,"suite aux grèves de Nivelles, nous pouvons aller chercher notre palette de casse ce jeudi",44490,1/2 journée,1,Vincent,,
T_P188,44496,Corinne Buisseret,Magasin,Entretien général,entretien de l'alarme intrusion et incendie à 8h30,44504,2h,1,Vincent,,
T_P194,44497,Corinne Buisseret,Magasin,Marchandises magasin,commande à aller chercher à Nivelles ,44504,4h,2,Vincent,,
T_P196,44498,Corinne Buisseret,Magasin,Marchandises magasin,"exceptionnellement, aller chercher la palette de casse à Nivelles vu a grosse de commande de jeudi",44505,1/2 journée,2,Vincent,,
T_P195,44497,Corinne Buisseret,Magasin,Marchandises magasin,retrait de 2 commandes  goods to give Charleroi,44516,4 h,1,Vincent,,
T_P211,44517,Corinne Buisseret,Magasin,Marchandises magasin,retrait de la commande du 4/11/2021 à Nivelles ,44518,4 h,2,Vincent,,
T_P227,44536,Corinne Buisseret,Magasin,Marchandises magasin,récepption de 7 palettes de produits FEAD,44537,,2,Vincent,,
T_P228,44536,Corinne Buisseret,Magasin,Marchandises magasin,retrait d'une palette de marchandises  Nivelles ,44539,1/2 journée,2,Vincent,,
T_P235,44543,Corinne Buisseret,Magasin,Entretien général,remplacer le distributeur d'esssuies-mains ,44543,,1,Vincent,,
T_P257,44573,Corinne Buisseret,Magasin,Marchandises magasin,prendre la commande  des produits d'entretien de chez Global net à l'arbre de vie pour les déposer à l'épicerie sociale (voir Sabine),44573,1 heure,1,Vincent,,
T_P258,44573,Corinne Buisseret,Magasin,Entretien général,réparation wc épicerie sociale,44573,,1,Vincent,,
T_P280,44606,Corinne Buisseret,Magasin,Marchandises magasin,retrait tmarchandises  Nivelles ,44609,1/2 journée,2,Vincent,,
T_P308,44648,Corinne Buisseret,Magasin,Marchandises magasin,réception de 5 palettes de lait et poulet,44649,44593,3,Vincent,Ouvriers_ADV,
T_P321,44671,Corinne Buisseret,Magasin,Marchandises magasin,retrait de marchandises goods to give Charleroi,44673,,1,Vincent,,
T_P368,44727,Corinne Buisseret,Magasin,Marchandises magasin,Retrait d'une palete de casse Nivelles ,44727,,1,Vincent,,
T_P381,44755,Corinne Buisseret,Magasin,Marchandises magasin,retrait de la marchandise chez carrefour Nivelles ,44756,4 heures ,2,Vincent,,
T_P422,44816,Corinne Buisseret,Magasin,Entretien général,entretien externe pour le frigo mural par Lebrun dès 8 heures ,44816,1,1,Vincent,,
T_P420,44812,Corinne Buisseret,Magasin,Marchandises magasin,retrait de marchandise pour épicerie sociale ,44818,4,2,Vincent,,
T_P440,44838,Corinne Buisseret,Magasin,Marchandises magasin,retrait de la palette de casse pour Nivelles ,44839,4h,1,Vincent,,
T_P439,44838,Corinne Buisseret,Magasin,Marchandises magasin,"réception de 16 palettes avec 3000 litres de lait, 1200 bouteilles d'huile d'olive,céréales, haricots…",44840,1 jour,3,Vincent,,
T_P475,44900,Corinne Buisseret,Magasin,Menuiserie,faire des doubles de clé,44901,,1,Vincent,,
T_P474,44900,Corinne Buisseret,Magasin,Marchandises magasin,"retrait de la marchandise chez carrefour B912 - KONTICH
neerveld 1 - 2550 KONTICH
SITE KUEHNE NAGEL,                                                                               attention, il faut venir chercher un document dans mon bureau",44903,,2,Vincent,,
T_P519,44951,Corinne Buisseret,Magasin,Marchandises magasin,retrait de la marchandise goods to gives charleroi,44952,,1,Vincent,,
T_P533,44966,Corinne Buisseret,Magasin,Marchandises magasin,"éception de 19 palettes de produits FEAD dont 3000 litres de lait, de 1200 boites de tomates...",44973,1 jour,2,Vincent,,
T_P534,44966,Corinne Buisseret,Magasin,Marchandises magasin,"réception de 19 palettes de produits FEAD dont 3000 litres de lait, de 1200 boites de tomates...",44973,1 jour ,1,Ouvriers_ADV,,
T_P574,45013,Corinne Buisseret,Magasin,Marchandises magasin,retrait de la marchandise chez carrefour contic,45014,,2,Vincent,,
T_P603,45057,Corinne Buisseret,Magasin,Marchandises magasin,retrait de la marchandise chez kontic,45061,,2,Ouvriers_ADV,,
T_P751,45315,Corinne Buisseret,Magasin,Marchandises magasin,retrait de la marchandise CHARLEROI,45316,,1,Vincent,,
T_P756,45320,Corinne Buisseret,Magasin,Marchandises magasin,retrait marchandise ,45321,,2,Vincent,,
T_P768,45329,Corinne Buisseret,Magasin,Marchandises magasin,"reception de 15 palettes de produits FEAD dont 2000 litres de lait , 1500 bouteilles d'huile, 1808 boites de haricots,…",45337,1 jour,3,Vincent,,Ouvriers_ADV
T_P789,45376,Corinne Buisseret,Magasin,Marchandises magasin,retrait de la marchandise à Kontick ,45378,,2,Vincent,,
T_P821,45412,Corinne Buisseret,Magasin,Marchandises magasin,RETRAIT DE LA COMMANDE CARREFOUR CHEZ KONTICK,45419,,2,Vincent,,
T_P816,45406,Corinne Buisseret,Magasin,Marchandises magasin,"réception de 12 palettes de marchandises FEAD 1200 paquets de farine , 1500 boites de thon...",45435,1 JOUR ,3,Vincent,,Ouvriers_ADV
T_P860,45470,Corinne Buisseret,Magasin,Marchandises magasin,retrait de la commande GOODS TO GIVE CHARLEROI,45476,,,Vincent,,
T_P881,45488,Corinne Buisseret,Magasin,Marchandises magasin,retrait marchandises chez kontich,45489,,1,Vincent,,
T_P869,45477,Corinne Buisseret,Magasin,Marchandises magasin,réception de palettes de marchandises FEAD qui représentent 420 colis,45502,,3,Vincent,,Ouvriers_ADV
T_P919,45568,Corinne Buisseret,Magasin,Marchandises magasin,17/10/2024 reception de quelques palettes du FEAD,45582,,3,Vincent,,Ouvriers_ADV
T_P939,45600,Corinne Buisseret,Magasin,Marchandises magasin,"RETRAIT DE LA COMMANDE CARREFOR CHEZ KONTIC,",45602,,2,Vincent,,
T_P972,45631,Corinne Buisseret,Magasin,Marchandises magasin,livraison de 3000 litres de lait dès 8h00,45643,,2,Vincent,,
T_P997,45649,Corinne Buisseret,Magasin,Marchandises magasin,retrait marchandise charleroi goods to give ,45660,,1,Vincent,,
T_P989,45645,Corinne Buisseret,Magasin,Marchandises magasin,retrait marchandise  paturages,45665,4,2,Vincent,,
T_P1019,45679,Corinne Buisseret,Magasin,Marchandises magasin,RETRAIT MARCHANDISE CHEZ KONTICK,45684,,2,Vincent,,
T_P1023,45686,Corinne Buisseret,Magasin,Marchandises magasin,retrait de la marchandise GOODS TI GIVE Charleroi,45688,,1,Vincent,,
T_P1050,45712,Corinne Buisseret,Magasin,Marchandises magasin,retrait marchandises Kontic,45714,,2,Vincent,,
T_P1035,45699,Corinne Buisseret,Magasin,Marchandises magasin,"réception de 11 palettes de marchandises FEAD 1200 paquets de farine , 1500 boites de thon, 2000 litres de lait,,,",45722,1j,3,Vincent,,Ouvriers_ADV
T_P1090,45763,Corinne Buisseret,Magasin,Marchandises magasin,retrait de la marchandise carrefour chez kontic,45772,,2,Vincent,,
T_P1100,45775,Corinne Buisseret,Magasin,Marchandises magasin,Retrait de la marchandise goods to give ,45783,,2,Vincent,,
T_P1130,45810,Corinne Buisseret,Magasin,Marchandises magasin,R2CEPTION DE 17 PALETEES FSE,45824,1 JOUR,3,Vincent,Ouvriers_ADV,
T_P1182,45890,Corinne Buisseret,Magasin,Marchandises magasin,retrait de la marchandise chez KONTIC,45895,,2,Vincent,,
T_P1185,45896,Corinne Buisseret,Magasin,Marchandises magasin,"réception de 14 palettes dont 1500 litres de lait, vol au vent…",45911,1 JOUR ,3,Vincent,,
T_P1245,45979,Corinne Buisseret,Magasin,Marchandises magasin,retrait de la marchandise carrefour chez kontic ,45981,,2,Vincent,,
T_P1250,45988,Corinne Buisseret,Magasin,Marchandises magasin,"Réception de palettes de 2250 l  de lait, spaghetti ,,, en tout 11 palettes ",46000,,3,Vincent,Ouvriers_ADV,
T_P003,44237,Evelyne Tacniere,Roseraie,Entretien général,"Chemin du Bon Dieu, 20 - cuisine: éviers bouchés",44237,,0,Vincent,,
T_P010,44249,Evelyne Tacniere,Roseraie,Chauffage,Roseraie 02 - voir chaudière ,44249,,1,Vincent,,
T_P019,44253,Evelyne Tacniere,Roseraie,Electricité,Roseraie 25 - frigo: ampoule à changer,44253,,1,Ouvriers_ADV,,
T_P022,44256,Evelyne Tacniere,Roseraie,Entretien général,Roseraie 08 - Etat des lieux sortant: - détapisser toute la maison + remise en peinture; à changer: flexible douche + pomme douche; décalcariser les filtres des robinetteries; décaper le châssis du velux; changer le filtre de la hotte; refaire le joint autour des plaques électriques; refixer le radiateur de la chambre à coucher; estimer si il faut changer le vinyle de la chambre à coucher; chaufferie: rouille sur le carrelage au niveau du sterput; à l'arrière (extérieur): descente de la gouttière: 2 attaches cassées; Globe mural: cassé sur le côté inférieur droit: à remplacer; à l'avant: devant le débarras: ardoise cassée,44256,,2,Vincent,,
T_P020,44256,Evelyne Tacniere,Roseraie,Entretien général,Roseraie 16 - retirer une barre de tenture et en remettre une autre,44256,,1,Vincent,,
T_P021,44256,Evelyne Tacniere,Roseraie,Entretien général,Roseraie 25 - frigo en panne : à remplacer,44256,,2,Vincent,,
T_P023,44257,Evelyne Tacniere,Roseraie,Sanitaire,Roseraie 29 - WC : chasse coule,44257,,1,Vincent,,
T_P024,44263,Evelyne Tacniere,Roseraie,Entretien général,Roseraie 15 - taches de couleurs sur le sol: à nettoyer,44263,,,Vincent,,
T_P028,44267,Evelyne Tacniere,Roseraie,Chauffage,Roseraie 27 - Cuisine: radiateur ne fonctionne plus,44267,,1,Vincent,,
T_P030,44271,Evelyne Tacniere,Roseraie,Chauffage,Roseraie 27 - radiateurs : hall d'entrée + salle de bain + chambre à coucher ne fonctionnent plus,44271,,1,Vincent,,
T_P032,44272,Evelyne Tacniere,Roseraie,Sanitaire,Roseraie 23 - WC: chasse coule,44272,,1,Vincent,,
T_P035,44280,Evelyne Tacniere,Roseraie,Entretien général,"Chemin du Bon Dieu, 14 - Cuisine: armoir du haut prête à tomber + Four: dénivellé + hotte (estimer si il faut la remplacer)",44280,,1,Vincent,,
T_P034,44280,Evelyne Tacniere,Roseraie,Entretien général,Roseraie 25 - Cuisine: évier bouché,44280,,1,Vincent,,
T_P037,44281,Evelyne Tacniere,Roseraie,Chauffage,Roseraie 06 - eau bouillante ,44281,,1,Ouvriers_ADV,,
T_P039,44287,Evelyne Tacniere,Roseraie,Menuiserie,Chemin du Bon Dieu 18 : porte d'entrée: clenche cassée,44287,,1,Vincent,,
T_P040,44287,Evelyne Tacniere,Roseraie,Entretien général,Roseraie 04 - Toit avant maison : tuile détachée + Cuisine: meuble du haut côté hotte: angle inférieur s'abîme ,44287,,1,Vincent,,
T_P044,44299,Evelyne Tacniere,Roseraie,Entretien général,Roseraie 16 - fixer le miroir par un clou,44299,,1,Vincent,,
T_P046,44300,Evelyne Tacniere,Roseraie,Sanitaire,Chemin du Bon Dieu 26 - WC: chasse bloque + robinet schell coule,44300,,1,Vincent,,
T_P047,44302,Evelyne Tacniere,Roseraie,Chauffage,Roseraie 06 - chaudière : bruyante voir aussi le vase d'expansion ,44302,,1,Vincent,,
T_P051,44308,Evelyne Tacniere,CPAS,,venir chercher une boite d'archive au secrétariat pour l'apporter à l'ACQ service financier (Eddy),44308,,2,Vincent,,
T_P050,44308,Evelyne Tacniere,CPAS,Electricité,inter-étages 1-2: interrupteur lavabo ne fonctionne plus (lampe reste allumée),44308,,1,Vincent,,
T_P053,44309,Evelyne Tacniere,Roseraie,Plomberie,Roseraie 06 - URGENT : Débarras: fuite d'eau après le compteur d'eau,44309,,1,Vincent,,
T_P054,44309,Evelyne Tacniere,Roseraie,Entretien général,Chemin du Bon Dieu 14 - Cuisine: porte du four prête à tomber,44309,,1,Vincent,,
T_P066,44315,Evelyne Tacniere,Roseraie,Plomberie,Chemin du Bon Dieu 14 : Robinet : joint à resserrer,44315,,1,Vincent,,
T_P065,44315,Evelyne Tacniere,Roseraie,Electricité,Roseraie 29 - WC: ampoule à changer (madame a la nouvelle ampoule) Pour info: madame est présente au domicile ce jour jusqu'à 14H15' et demain (vendredi) jusqu'à 11H00',44315,,1,Vincent,,
T_P069,44319,Evelyne Tacniere,CPAS,,CPAS : 8 boites de papier A4:  à remonter de la cave au 2ième étage,44319,,1,Ouvriers_ADV,,
T_P070,44320,Evelyne Tacniere,Roseraie,Entretien général,Roseraie 31 - Salle de bain: machine à laver: remettre de niveau,44320,,1,Ouvriers_ADV,,
T_P075,44326,Evelyne Tacniere,Roseraie,Chauffage,Roseraie 16 - problème chaudière,44326,,1,Ouvriers_ADV,,
T_P078,44333,Evelyne Tacniere,Roseraie,Chauffage,Roseraie 39 - problème au thermostat,44333,,1,Vincent,,
T_P080,44334,Evelyne Tacniere,Roseraie,Plomberie,Chemin du Bon Dieu 18 - Salle de bain: robinets lavabo difficiles à fermer + WC: fuite au joint + Débarras: fuite au tuyau d'eau,44334,,1,Vincent,,
T_P079,44334,Evelyne Tacniere,Roseraie,Entretien général,Roseraie 08 - Radiateur côté jardin: manque une visse - Chaîne de sécurité: cassée - Porte chambre /Salle de bain : ne se ferme pas - Salle de bain : lavabo : voir si fissure ou griffe - Madame demande un peu de couleur grise ,44334,,1,Vincent,,
T_P082,44335,Evelyne Tacniere,Roseraie,Chauffage,"Roseraie 07 - Chaudière : demande d'intervention des Ets BOUVE (Le chauffagiste AREN n'a pas voulu effectuer l'entretien de la chaudière, trop conséquent)",44335,,1,Ouvriers_ADV,,
T_P089,44354,Evelyne Tacniere,Roseraie,Plomberie,Roseraie 27 - Evier cuisine : tuyauterie coule,44354,,1,Vincent,,
T_P094,44362,Evelyne Tacniere,CPAS,Entretien général,Bureau du Président : rentrer l'armoire  qui se trouve dans le couloir,44362,,2,Vincent,,
T_P096,44365,Evelyne Tacniere,Roseraie,Entretien général,Roseraie 27 -  Meuble sous-évier : poubelle : à remplacer,44365,,1,Vincent,,
T_P100,44371,Evelyne Tacniere,Roseraie,Chauffage,Chemin du Bon Dieu 28: Living : petit radiateur : vanne cassée,44371,,1,Vincent,,
T_P099,44371,Evelyne Tacniere,Roseraie,Sanitaire,Chemin du Bon Dieu 28 - Salle de bain: lavabo: changer les filtres,44371,,1,Vincent,,
T_P102,44376,Evelyne Tacniere,Roseraie,Entretien général,Chemin du Bon Dieu 20 - Cuisine : évier bouché,44376,,1,Vincent,,
T_P103,44376,Evelyne Tacniere,CPAS,Entretien général,CPAS -  Inter-étage : porte d'entrée service insertion : à graisser,44376,,1,Vincent,,
T_P104,44376,Evelyne Tacniere,CPAS,Entretien général,CPAS - Inter-étage : porte d'entrée service insertion : graisser  les charnières,44376,,1,Vincent,,
T_P107,44377,Evelyne Tacniere,Roseraie,Chauffage,Roseraie 16 - Chaudière : plus d'eau chaude,44377,,1,Vincent,,
T_P109,44382,Evelyne Tacniere,CPAS,,CPAS : remonter papier A4 au secrétariat,44382,,2,Vincent,,
T_P126,44392,Evelyne Tacniere,CPAS,Electricité,CPAS - 2ième étage : bureau Sybille : néon à remplacer,44392,,1,Ouvriers_ADV,,
T_P125,44392,Evelyne Tacniere,CPAS,Electricité,CPAS - WC Hommes 2ième étage : interrupteur à remplacer,44392,,1,Ouvriers_ADV,,
T_P129,44410,Evelyne Tacniere,Roseraie,Chauffage,Chemin du Bon Dieu 26 : chaudière : thermostat à vérifier ,44410,,1,Ouvriers_ADV,,
T_P131,44419,Evelyne Tacniere,Roseraie,Sanitaire,Roseraie 06 - Salle de bain : bac de douche : rouille - ((voir si à remplacer),44419,,1,Vincent,,
T_P133,44420,Evelyne Tacniere,CPAS,Menuiserie,CPAS - 2ième étage : bureau Ghizlane : rehausser le bureau,44420,,1,Vincent,,
T_P132,44420,Evelyne Tacniere,Roseraie,Electricité,Roseraie 29 - Frigo table défectueux ,44420,,1,Ouvriers_ADV,,
T_P135,44433,Evelyne Tacniere,Roseraie,Sanitaire,Roseraie 27 - WC: chasse coule,44433,,1,Vincent,,
T_P139,44433,Evelyne Tacniere,CPAS,Entretien général,CPAS : bureau DG : descendre aux archives les registres qui se trouvent dans le bureau de la DG,44433,,1,Vincent,,
T_P136,44433,Evelyne Tacniere,Roseraie,Entretien général,Domaine de la Roseraie : arbre: voir si possibilité d'élager les branches du bouleau du voisin au Chemin du Bon Dieu 10,44433,,2,Ouvriers_ADV,,
T_P137,44433,Evelyne Tacniere,Roseraie,Sanitaire,Roseraie 27 - WC: chasse coule,44433,,1,Ouvriers_ADV,,
T_P138,44433,Evelyne Tacniere,CPAS,Entretien général,2ième étage : bureau Evelyne : descendre aux archives du personnel les boites qui se trouvent dans le bureau,44433,,1,Vincent,,
T_P140,44435,Evelyne Tacniere,Roseraie,Electricité,Roseraie 31 - Chambre à coucher: plafonnier: ampoule à changer,44435,,1,Ouvriers_ADV,,
T_P142,44438,Evelyne Tacniere,Roseraie,Entretien général,Domaine de la Roseraie : arbre: voir si possibilité d'élager les branches du bouleau du voisin au Chemin du Bon Dieu 10,44438,,,Vincent,,
T_P141,44438,Evelyne Tacniere,Roseraie,Chauffage,Roseraie 10 - salle de bain: radiateur: tuyau sortant du sol se désintègre,44438,,1,Vincent,,
T_P143,44438,Evelyne Tacniere,Roseraie,Electricité,Roseraie 31 - Chambre à coucher: plafonnier: ampoule à changer,44438,,1,Vincent,,
T_P144,44440,Evelyne Tacniere,Roseraie,Chauffage,"Chemin du Bon Dieu, 14 - chaufferie : remettre de l'eau dans le vase",44440,,1,Vincent,,
T_P146,44441,Evelyne Tacniere,CPAS,Entretien général,CPAS - Papier A4 : remonter 8 boites au secrétariat,44441,,2,Vincent,,
T_P145,44441,Evelyne Tacniere,CPAS,Plomberie,CPAS : WC 1er étage : urinoir : fuite d'eau,44441,,1,Vincent,,
T_P155,44467,Evelyne Tacniere,Roseraie,Sanitaire,Roseraie 12 - changer la pomme douche,44467,,1,Vincent,,
T_P153,44467,Evelyne Tacniere,Roseraie,Chauffage,Chemin du Bon Dieu 18 - vase : remettre de l'eau ,44467,,1,Vincent,,
T_P154,44467,Evelyne Tacniere,Roseraie,Jardin / extérieur,Chemin du Bon Dieu 18 - déplacer le piège à rat,44467,,1,Vincent,,
T_P157,44468,Evelyne Tacniere,Roseraie,Sanitaire,Roseraie 16 - WC : réservoir fuit,44468,,1,Ouvriers_ADV,,
T_P156,44468,Evelyne Tacniere,Roseraie,Chauffage,Roseraie 12 - Thermostat: à remettre en fonction,44468,,1,Ouvriers_ADV,,
T_P159,44469,Evelyne Tacniere,Roseraie,Chauffage,Roseraie 15 - maison vide - entretien chaudière à effectuer (urgent),44469,,1,Vincent,,
T_P158,44469,Evelyne Tacniere,Roseraie,Entretien général,"Roseraie 15 - Tâches à effectuer suite à l'état des lieux du 29.09.21: 1) WC: robinet ne se ferme pas d'où chasse coule, vérifier le système du réservoir - 2) contour plaques électriques --> refaire le joint en silicone -",44469,,1,Vincent,,
T_P163,44470,Evelyne Tacniere,Roseraie,Entretien général,"Chemin du Bon Dieu 22 : suite à l'état des lieux de ce 30.09.21, tâches suivantes à effectuer: 1) Débarras: changer le néon - 2) Meuble sous-évier: refixer la poubelle - 3) Contour plaques élect. : à refaire - 4) Dessus évier : enlever la colle de la faïence murale - 5) Chambre à coucher: ancien vinyle - 6) Chambre à coucher: luminaire face placards: changer l'ampoule - 7) Salle de bain: robinetterie lavabo: décalcariser les filtres 8) Tous les murs et plafonds à rafraîchir - 9) Jardin : terrasse : retirer les mauvaises herbes - 10) Luminaire extérieur : changer l'ampoule - 11) Porte d'entrée : serrure supérieure : à remplacer : ne fonctionne pas à la fermeture",44470,,2,Vincent,,
T_P161,44470,Evelyne Tacniere,Roseraie,Sanitaire,Roseraie 20 - Salle de bain: lavabo: robinet eau froide à remplacer (depuis trois semaines),44470,,1,Vincent,,
T_P160,44470,Evelyne Tacniere,Roseraie,Chauffage,Roseraie 01 - Chaudière: problème électrique niveau prise - le compteur se déclenche,44470,,1,Vincent,Ouvriers_ADV,
T_P164,44473,Evelyne Tacniere,Roseraie,Menuiserie,Chemin du Bon Dieu 18 - Porte du WC : à raboter,44473,,1,Vincent,,
T_P165,44474,Evelyne Tacniere,CPAS,Entretien général,CPAS - Papier A4 : remonter 8 boites au secrétariat,44474,,1,Vincent,,
T_P166,44474,Evelyne Tacniere,Roseraie,Chauffage,Roseraie 03 - Chaudière: coule ,44474,,1,Ouvriers_ADV,,
T_P167,44476,Evelyne Tacniere,Roseraie,Chauffage,Roseraie 02 - voir chaudière : écoulement d'eau du godet en plastique,44476,,1,Vincent,,
T_P171,44480,Evelyne Tacniere,Roseraie,Entretien général,Roseraie 15 - suite à l'état des lieux de ce 11/10/21: tâches à effectuer : Meuble sous-évier: 1) plaque face avant gauche : à refixer - 2) porte gauche: à remettre de niveau,44480,,1,Vincent,,
T_P170,44480,Evelyne Tacniere,Roseraie,Peinture,Roseraie 06 - peinture couleur jaune à mettre sur les tuyaux  d'arrivée d'eau,44480,,1,Vincent,,
T_P173,44481,Evelyne Tacniere,CPAS,Sanitaire,CPAS - WC Hommes 2ième étage : urinoirs bouchés,44481,,1,Vincent,,
T_P176,44482,Evelyne Tacniere,Roseraie,Jardin / extérieur,"dans le tournant en vis-à-vis du n° 16 Domaine de la Roseraie, plus de bornes de protection",44482,,1,Vincent,,
T_P183,44489,Evelyne Tacniere,Roseraie,Electricité,Chemin du Bon Dieu 24 - Taque électrique supérieure gauche + four en panne,44489,,1,Vincent,Ouvriers_ADV,
T_P185,44490,Evelyne Tacniere,Roseraie,Menuiserie,Roseraie 33 - Porte d'entrée : serrure supérieure à remplacer,44490,,1,Vincent,,
T_P184,44490,Evelyne Tacniere,Roseraie,Sanitaire,Roseraie 33 - WC : joint à refaire à la base du wc ,44490,,1,Vincent,,
T_P186,44495,Evelyne Tacniere,Roseraie,Electricité,Roseraie 30 - suite à l'état des lieux du 25/10/21 : luminaire extérieur à l'arrière : remplacer l'ampoule,44495,,1,Vincent,,
T_P187,44495,Evelyne Tacniere,Roseraie,Jardin / extérieur,"Roseraie 04 , Roseraie 06 et Roseraie 08 : Débarras : ardoises envolées ",44495,,1,Vincent,,
T_P189,44496,Evelyne Tacniere,CPAS,Menuiserie,Bureau GRH : 2ième étage: porte à raboter + voir serrure (difficulté à fermer),44496,,1,Vincent,,
T_P192,44496,Evelyne Tacniere,CPAS,Menuiserie,CPAS - 2ième étage : bureau Christophe : porte à remettre de niveau + serrure : clef difficulté de la tourner,44496,,1,Ouvriers_ADV,,
T_P193,44497,Evelyne Tacniere,Roseraie,Chauffage,Roseraie 24 - Chaudière: thermostat + vanne radiateur chambre ne fonctionne plus,44497,,1,Vincent,Ouvriers_ADV,
T_P197,44503,Evelyne Tacniere,CPAS,Electricité,CPAS : 2ième étage : bureau Sophie (Steve) :  néon à remplacer,44503,,1,Vincent,,
T_P198,44503,Evelyne Tacniere,CPAS,Entretien général,CPAS : Bureau Hélène COURCELLES : récupérer l'outillage,44503,,1,Vincent,,
T_P199,44503,Evelyne Tacniere,Roseraie,Menuiserie,Roseraie 39 - Refixer la moustiquaire,44503,,1,Vincent,,
T_P200,44503,Evelyne Tacniere,CPAS,Entretien général,CPAS : clefs à limer aux 2 étages,44503,,1,Ouvriers_ADV,,
T_P201,44504,Evelyne Tacniere,Roseraie,Chauffage,Roseraie 16 - Chaudière : plus d'eau chaude + plus de chauffage,44504,,1,Vincent,,
T_P208,44516,Evelyne Tacniere,Roseraie,Entretien général,Roseraie 17 : WC : plafond : humidité (moisissures),44516,,1,Vincent,,
T_P209,44516,Evelyne Tacniere,Roseraie,Menuiserie,Roseraie 37 - Porte d'entrée: serrure supérieure ne ferme plus ,44516,,1,Vincent,,
T_P207,44516,Evelyne Tacniere,Roseraie,Entretien général,"Roseraie 30 - Frigo table à récupérer - avant enlèvement, téléphoner à Monsieur VIRGA au 0495/654.436",44516,,2,Vincent,,
T_P206,44516,Evelyne Tacniere,Roseraie,Electricité,Roseraie 06 - Détecteur d'incendie : remettre le cache,44516,,1,Vincent,,
T_P212,44518,Evelyne Tacniere,Roseraie,Sanitaire,Roseraie 28 -  Salle de bain: lavabo: syphon coule à nouveau ,44518,,1,Vincent,,
T_P213,44518,Evelyne Tacniere,Roseraie,Entretien général,Roseraie 28 - Cuisine: meuble sous-évier: poubelle cassée,44518,,1,Vincent,,
T_P214,44523,Evelyne Tacniere,Roseraie,Entretien général,Roseraie 31 - Enlever la voiturette électrique et l'amener à l'ADV,44523,,2,Vincent,,
T_P217,44526,Evelyne Tacniere,Roseraie,Sanitaire,Roseraie 17 - Plafond WC : humidité sur l'ensemble du plafond (tout noir),44526,,1,Ouvriers_ADV,,
T_P218,44526,Evelyne Tacniere,Roseraie,Entretien général,"Roseraie 31 -  suite à l'état des lieux de ce 22.11.21, tâches à effectuer : voir listing papier donné le 23.11.21 ",44526,,2,Vincent,,
T_P219,44526,Evelyne Tacniere,Roseraie,Entretien général,"En parallèle à la Chaussée de l'Espérance et l'arrière du jardin communautaire, il se trouve un nid de frelons asiatique dans le haut de l'arbre : voir à qui appartient cet arbre (en référer à Hélène COURCELLES)",44526,,1,Ouvriers_ADV,,
T_P221,44529,Evelyne Tacniere,Roseraie,Menuiserie,Roseraie 08  - Porte d'entrée: bas de la porte se désagrége,44529,,1,Vincent,,
T_P220,44529,Evelyne Tacniere,Roseraie,Menuiserie,Roseraie 08 - Porte d'entrée: la clenche est déboitée,44529,,1,Vincent,,
T_P222,44530,Evelyne Tacniere,Roseraie,Chauffage,Roseraie 05 - Chaudière : pas d'eau chaude (Urgent),44530,,1,Ouvriers_ADV,,
T_P223,44531,Evelyne Tacniere,Roseraie,Jardin / extérieur,Roseraie 04 - Avant débarras : 2 plaques d'égout cassées,44531,,1,Ouvriers_ADV,,
T_P224,44532,Evelyne Tacniere,CPAS,,Papier A4 à remonter au secrétariat,44532,,1,Vincent,,
T_P230,44537,Evelyne Tacniere,CPAS,Electricité,CPAS - 2 ième étage : bureau Evelyne : néon à changer,44537,,1,Vincent,,
T_P229,44537,Evelyne Tacniere,CPAS,Sanitaire,CPAS - Inter-étage 1 - 2 : WC Dames :: wc bouché ,44537,,1,Vincent,,
T_P231,44538,Evelyne Tacniere,Roseraie,Chauffage,"Roseraie 27 - Chaudière: suite à l'entretien chaudière des Ets Bouvé, une pièce doit être remplacée ""pompe"" voir avec Ets Bouvé",44538,,1,Vincent,Ouvriers_ADV,
T_P234,44539,Evelyne Tacniere,Roseraie,Entretien général,Roseraie 07 - Evier bouché ,44539,,1,Vincent,,
T_P233,44539,Evelyne Tacniere,Roseraie,Entretien général,Roseraie 24 - WC : plafond : humidité,44539,,1,Vincent,,
T_P236,44544,Evelyne Tacniere,Roseraie,Chauffage,Roseraie 01 - Chaudière: plus d'eau chaude,44544,,1,Vincent,,
T_P237,44544,Evelyne Tacniere,CPAS,Entretien général,CPAS - Clefs à limer : bureaux:  Marie-Anne - Hyacinthia - Sophie,44544,,1,Ouvriers_ADV,,
T_P238,44547,Evelyne Tacniere,Roseraie,Electricité,Roseraie 29 - Living : luminaire : néon ne fonctionne plus ,44547,,1,Vincent,,
T_P239,44550,Evelyne Tacniere,Roseraie,Chauffage,Chemin du Bon Dieu 18 - URGENT - Chaudière: vase: se vide anormalement : remettre de l'eau ,44550,,1,Vincent,,
T_P240,44550,Evelyne Tacniere,Roseraie,Entretien général,Roseraie 06 - Canalisations : bouchées ,44550,,1,Vincent,,
T_P241,44551,Evelyne Tacniere,Roseraie,Sanitaire,Chemin du Bon Dieu 22 - URGENT - WC: bouché,44551,,1,Vincent,,
T_P242,44554,Evelyne Tacniere,Roseraie,Chauffage,Roseraie 27 - Chaudière : plus d'eau chaude + certains radiateurs restent froids,44554,,1,Vincent,,
T_P246,44564,Evelyne Tacniere,Roseraie,Sanitaire,"Roseraie 37 - WC : fuite d'eau  à la base de la cuvette - Avant de se présenter, téléphoner au 0485/278.985",44564,,1,Vincent,Ouvriers_ADV,
T_P248,44565,Evelyne Tacniere,Roseraie,Chauffage,Roseraie 05 - Chaudière : plus de chauffage (intervention Bouvé --> pièce à commander?????),44565,,1,Vincent,Ouvriers_ADV,
T_P247,44565,Evelyne Tacniere,Roseraie,Chauffage,Roseraie 19 - chaudière : écoulement d'eau venant d'une vanne vers le vase d'expansion,44565,,1,Vincent,Ouvriers_ADV,
T_P249,44566,Evelyne Tacniere,Roseraie,Entretien général,Roseraie 02 - Avant maison : Canalisation à déboucher,44566,,1,Vincent,Ouvriers_ADV,
T_P250,44567,Evelyne Tacniere,Roseraie,Menuiserie,Chemin du Bon Dieu 22 - Placement de deux barres pour rideaux et tentures,44567,,1,Vincent,Ouvriers_ADV,
T_P253,44568,Evelyne Tacniere,Roseraie,Electricité,Roseraie 33 - Cuisinière: taques : plombs sautent ,44568,,,Vincent,Ouvriers_ADV,
T_P252,44568,Evelyne Tacniere,Roseraie,Chauffage,Roseraie 16 - Chaudière: s'éteint constament,44568,,1,Vincent,Ouvriers_ADV,
T_P251,44568,Evelyne Tacniere,Roseraie,Chauffage,Roseraie 20 - Chaudière: bruit: cliquetis constant ,44568,,1,Vincent,Ouvriers_ADV,
T_P254,44568,Evelyne Tacniere,CPAS,Electricité,2ième étage : bureau Christophe  -  Sybille : 1 néon à remplacer,44568,,1,Vincent,Ouvriers_ADV,
T_P255,44573,Evelyne Tacniere,CPAS,Entretien général,CPAS - Papier A4 : descendre à la cave la palette de papier A4 + remonter 6 boites de papier A4,44573,,2,Vincent,Ouvriers_ADV,
T_P259,44573,Evelyne Tacniere,CPAS,Entretien général,CPAS - Venir retirer à l'accueil du CPAS les caisses d'échantillons de langes ,44573,,1,Vincent,Ouvriers_ADV,
T_P256,44573,Evelyne Tacniere,CPAS,Menuiserie,Bureau DG : mettre des stores occultants,44573,,2,Vincent,Ouvriers_ADV,
T_P260,44574,Evelyne Tacniere,Roseraie,Chauffage,Chemin du Bon Dieu 18 - Chaudière: RAPPEL - vase d'expansion se vide anormalement - voir demande d'intervention au 20.12.2021,44574,,1,Vincent,Ouvriers_ADV,
T_P261,44574,Evelyne Tacniere,Roseraie,Sanitaire,Roseraie 06 - Salle de bain : flexible pomme douche à remplacer,44574,,1,Vincent,,
T_P267,44585,Evelyne Tacniere,Roseraie,Sanitaire,Chemin du Bon Dieu 18 - wc : fuite d'eau,44585,,1,Vincent,,
T_P269,44586,Evelyne Tacniere,Roseraie,Menuiserie,Chemin du Bon Dieu 14 - porte d'entrée : serrure bloquée,44586,,1,Vincent,,
T_P271,44586,Evelyne Tacniere,Roseraie,Sanitaire,Roseraie 24 - WC : plafond : humidité,44586,,1,Vincent,,
T_P270,44586,Evelyne Tacniere,Roseraie,Electricité,Roseraie 09 - cuisine : taque électrique : côté mur - taque inférieure : compteur électrique se coupe,44586,,1,Vincent,,
T_P272,44589,Evelyne Tacniere,Roseraie,Chauffage,RAPPEL - Roseraie 19 - chaudière : écoulement d'eau venant d'une vanne vers le vase d'expansion,44589,,1,Vincent,Ouvriers_ADV,
T_P273,44592,Evelyne Tacniere,Roseraie,Entretien général,Roseraie 13 - Suite à l'état des lieux de sortie au 31.01.22 les tâches à effectuer sont: détapisser - reboucher tous les trous dans toutes les pièces - faire le joint au silicone autour de la taque électrique - Décalcariser les robinetteries - remplacer le flexible de la douche - Remettre une poignée au mur du wc - Remplacer la lunette du wc - faire un bon de commande pour une poubelle sous-évier - Remplacer dans la chambre à coucher le vinyle - Peindre entièrement la maison (voir listing Vincent),44592,,2,Vincent,,
T_P274,44593,Evelyne Tacniere,Roseraie,Chauffage,Roseraie 05 - Chaudière: plus d'eau chaude,44593,,1,Vincent,,
T_P275,44594,Evelyne Tacniere,Roseraie,Chauffage,Chemin du Bon Dieu 18 - Chaudière : plus d'eau chaude,44594,,1,Vincent,,
T_P276,44594,Evelyne Tacniere,Roseraie,Chauffage,Roseraie 32 - voir Thermostat ,44594,,1,Vincent,,
T_P277,44599,Evelyne Tacniere,Roseraie,Chauffage,Roseraie 39 - Chaudière: fait du bruit + Cuisine: robinet côté eau chaude fuit à la base de la tête du robinet,44599,,1,Vincent,,
T_P302,44642,Evelyne Tacniere,Roseraie,Entretien général,Roseraie 29 - changer ampoules chambre et exterieure,44642,1,1,Vincent,,
T_P303,44642,Evelyne Tacniere,Roseraie,Entretien général,visser 2 portières dans la cuisine (dessus hotte et dessous évier),44642,1,2,Vincent,,
T_P309,44649,Evelyne Tacniere,Roseraie,Entretien général,Chemin du bon Dieu 14 - problème thermostat ,44649,,1,Vincent,,
T_P310,44650,Evelyne Tacniere,Roseraie,Entretien général,Dalle de la terasse qui bougent - Roseraie 31,44650,1,1,Vincent,,
T_P311,44655,Evelyne Tacniere,Roseraie,Entretien général,Chemin du Bon Dieu 28 - Panne de chauffage,44655,1,1,Vincent,,
T_P312,44658,Evelyne Tacniere,Roseraie,Entretien général,Chemin du bon Dieu 22 - Toilette bouchée,44658,1,1,Vincent,,
T_P318,44666,Evelyne Tacniere,Roseraie,Entretien général,Chemin du bon dieu 18 - barre de salle de bain cassée,44666,1,1,Vincent,,
T_P320,44670,Evelyne Tacniere,CPAS,Entretien général,Double de clés - bureau Ghizlane et sophie,44670,1,1,Vincent,,
T_P323,44676,Evelyne Tacniere,Roseraie,Entretien général,Roseraie 32- Problème de chaudière ,44676,1,1,Vincent,,
T_P324,44676,Evelyne Tacniere,Roseraie,Entretien général,Roseraie 7 - Problème chauffage,44676,1,1,Vincent,,
T_P325,44677,Evelyne Tacniere,Roseraie,Entretien général,Roseraie 13 - évier qui coule (0498/24 75 13),44677,1,1,Vincent,,
T_P326,44679,Evelyne Tacniere,Roseraie,Entretien général,Chemin du Bon Dieu 22 - Fuite évier de la cuisine,44679,1,1,Vincent,,
T_P328,44680,Evelyne Tacniere,Roseraie,Entretien général,Roseraie 34 - plus de chauffage ni d'eau chaude,44680,1,1,Vincent,Ouvriers_ADV,
T_P329,44684,Evelyne Tacniere,CPAS,Entretien général,Passer voiture au contrôle technique ,44684,2,1,Vincent,,
T_P331,44687,Evelyne Tacniere,Roseraie,Entretien général,Roseraie 7 - Plus de signal (télévison),44687,1,1,Vincent,,
T_P333,44690,Evelyne Tacniere,Roseraie,Entretien général,Roseraie 13 - Le four ne s'allume plus,44690,1,1,Vincent,,
T_P334,44690,Evelyne Tacniere,Roseraie,Entretien général,Roseraie 24 - Tuile de la façade cassée,44690,1,1,Vincent,,
T_P332,44690,Evelyne Tacniere,CPAS,Entretien général,Déposer relieuse de chez Evelyne vers l'ADV (éduc. Aline),44690,1,1,Vincent,,
T_P335,44691,Evelyne Tacniere,Roseraie,Entretien général,Roseraie 17 - tuile de façade cassée,44691,1,1,Vincent,,
T_P336,44691,Evelyne Tacniere,Roseraie,Entretien général,Roseraie 30 - Baie vitrée coté jardin mal fixée,44691,1,1,Vincent,,
T_P337,44692,Evelyne Tacniere,Roseraie,Entretien général,Roseraie 8 - égout bouché,44692,1,1,Vincent,,
T_P338,44697,Evelyne Tacniere,CPAS,Entretien général,Porte bureau Stéph - vérifier serrure,44697,1,1,Vincent,,
T_P345,44699,Evelyne Tacniere,Roseraie,Entretien général,Roseraie 26 - Problème robinet + problème élèctrique salle de bain,44699,1,1,Vincent,,
T_P350,44700,Evelyne Tacniere,Roseraie,Entretien général,Roseraie 29 - Voir rideaux,44700,1,1,Vincent,,
T_P349,44700,Evelyne Tacniere,CPAS,Entretien général,Entretient véhicule Peugeot partner (garage Denis),44700,1,1,Vincent,,
T_P354,44705,Evelyne Tacniere,CPAS,Entretien général,Accueil CPAS - réagencement du matériel,44705,1,1,Vincent,,
T_P355,44705,Evelyne Tacniere,Roseraie,Entretien général,Laurent Marie-Christiane Roseraie 7 -  Prendre Relax du domicile vers le Hôme le Petit Paradis.                                                        Le 30/05/2022 à partir de 11h00,44705,1,2,Vincent,,
T_P356,44711,Evelyne Tacniere,Roseraie,Entretien général,Prendre en photo ardoises de chaque maison avant chaque tonte de pelouse,44711,1,1,Vincent,,
T_P357,44712,Evelyne Tacniere,CPAS,Entretien général,Fixer néon bureau du Président,44712,1,1,Vincent,,
T_P358,44712,Evelyne Tacniere,ILA,Entretien général,"Prendre meuble depuis la maison de Véro vers logement de transit (Rue de Pâturages, 32/34)",44712,1,1,Vincent,,
T_P365,44727,Evelyne Tacniere,Roseraie,Entretien général,Chemin du bon Dieu 24 - voir boite au lettre ,44727,1,1,Vincent,,
T_P369,44732,Evelyne Tacniere,Roseraie,Entretien général,Roseraie 27 - évier wc refoule,44732,1,1,Vincent,,
T_P370,44733,Evelyne Tacniere,Roseraie,Entretien général,Roseraie 12 - Humidité WC,44733,1,1,Vincent,,
T_P373,44743,Evelyne Tacniere,Roseraie,Entretien général,Chemin du bon Dieu 18 - plus d'eau chaude ,44743,1,1,Vincent,,
T_P375,44746,Evelyne Tacniere,Roseraie,Entretien général,Chemin du Bon Dieu 22 - Chasse d'eau ne fonctionne plus ,44746,1,1,Vincent,,
T_P386,44771,Evelyne Tacniere,ILA,Entretien général,Retrait de marchandises (Courtrai),44771,,1,Vincent,,
T_P396,44789,Evelyne Tacniere,Roseraie,Entretien général,Chemin du Bon Dieu 22 - Plus d'eau chaude ,44789,,1,Vincent,,
T_P397,44791,Evelyne Tacniere,Roseraie,Entretien général,Roseraie 13 - Fixer robinet,44791,,1,Vincent,,
T_P398,44798,Evelyne Tacniere,Roseraie,Entretien général,chemin du bon dieu 14 - problème robinet évier cuisine et vanne radiateur,44798,,1,Vincent,,
T_P399,44798,Evelyne Tacniere,Roseraie,Entretien général,chemin du bon dieu 24 - velux cassé + vanne du radiateur cassée,44798,,1,Vincent,,
T_P400,44799,Evelyne Tacniere,Roseraie,Entretien général,monter papier dans le bureau de Ghizlane,44799,,1,Vincent,,
T_P401,44799,Evelyne Tacniere,Roseraie,Entretien général,Roseraie 19 - changer ampoule,44799,,1,Vincent,,
T_P403,44803,Evelyne Tacniere,Roseraie,Entretien général,Chemin du bon dieu 14 - pas de crochets gouttière façade arrière,44803,,1,Vincent,,
T_P402,44803,Evelyne Tacniere,Roseraie,Entretien général,Roseraie 22 - changer tube éclairage salle de bain,44803,,1,Vincent,,
T_P409,44806,Evelyne Tacniere,CPAS,Entretien général,Monter papier dans le bureau de Ghizlane,44806,,1,Vincent,,
T_P411,44806,Evelyne Tacniere,ILA,Entretien général,Aller chercher colis au Forem et déposer aux logements Rue de Patûrages 34/1,44806,,1,Vincent,,
T_P410,44806,Evelyne Tacniere,CPAS,Entretien général,Descendre la commande de papier qui se trouve à l'accueil dans la cave ,44806,,1,Vincent,,
T_P415,44810,Evelyne Tacniere,Roseraie,Entretien général,Roseraie 34 - verrou porte arrière cassé,44810,,1,Vincent,,
T_P416,44811,Evelyne Tacniere,Roseraie,Entretien général,Roseraie 6 - changer le joint de la chaudière,44811,,1,Vincent,,
T_P419,44812,Evelyne Tacniere,Roseraie,Entretien général,Roseraie 33 - chasse qui coule + voir robinet. Monsieur demande de prévenir pour être sûre qu'il soit bien présent. Bolome Luc 0494/46 50 30 (fils),44812,,1,Vincent,,
T_P424,44817,Evelyne Tacniere,CPAS,Entretien général,Bureau Sophie - réparer néon ,44817,,1,Vincent,,
T_P423,44817,Evelyne Tacniere,CPAS,Entretien général,Bureau GRH - Interupteur lampe cassée ,44817,,1,Vincent,,
T_P425,44819,Evelyne Tacniere,CPAS,Entretien général,Wc près du réfèctoire - changer ampoule,44819,,1,Vincent,,
T_P429,44823,Evelyne Tacniere,ILA,Entretien général,Rue Charles Dupuis 114/3 - réparer la porte du meuble de la cuisine,44823,,1,Vincent,,
T_P427,44823,Evelyne Tacniere,Magasin,Entretien général,Voir Alexandre (enlever végétation au magasin sociale),44823,1,1,Vincent,,
T_P428,44823,Evelyne Tacniere,Roseraie,Entretien général,Roseraie 3 - Problème taque élèctrique ,44823,,1,Vincent,,
T_P430,44825,Evelyne Tacniere,Roseraie,Entretien général,Roseraie 17 - Problème serrure porte d'entrée (tourne qu'une seule fois),44825,,1,Vincent,,
T_P432,44826,Evelyne Tacniere,Roseraie,Entretien général,Roseraie 13 - robinet cuisine qui coule ,44826,,1,Vincent,,
T_P434,44832,Evelyne Tacniere,Roseraie,Entretien général,Chemin du Bon Dieu 28 - problème chaudière,44832,,1,Vincent,,
T_P438,44837,Evelyne Tacniere,Roseraie,Entretien général,Roseraie 31 - couper haie devant la baie vitrée ,44837,,1,Vincent,,
T_P437,44837,Evelyne Tacniere,Roseraie,Entretien général,Roseraie 22 - chasse qui coule ,44837,,1,Vincent,,
T_P442,44840,Evelyne Tacniere,CPAS,Entretien général,Bureau Ghizlane - aide pour réaménagement du bureau ,44840,,1,Vincent,,
T_P446,44852,Evelyne Tacniere,CPAS,Entretien général,Bureau Soukaina - replacer les câbles ,44852,,1,Vincent,,
T_P447,44858,Evelyne Tacniere,Roseraie,Entretien général,Roseraie 17 - lampe salle de bain,44858,,1,Vincent,,
T_P450,44862,Evelyne Tacniere,ILA,Entretien général,Rue Charles Dupuis 114/4 - fixer planche afin d'éviter l'accès au cablage dangereux + faire les tâches qui ont été décrites lors de l'état des lieux  +                                                   Au 1er palier - jeter les 2 ventilateurs cassés.,44862,,1,Vincent,,
T_P449,44862,Evelyne Tacniere,ILA,Entretien général,Rue de Patûrages 34/1 et 34/2 - prendre les 2 hottes ainsi que les 2 machines à laver et les stocker à l'ADV +                Au 34/2 - monter meuble.,44862,,1,Vincent,,
T_P454,44872,Evelyne Tacniere,Roseraie,Entretien général,Roseraie 7 - problème chaudière + refaire dalles terasse arrière,44872,,1,Vincent,,
T_P457,44874,Evelyne Tacniere,Roseraie,Entretien général,Roseraie 29 - réparer porte évier ,44874,,1,Vincent,,
T_P462,44881,Evelyne Tacniere,Roseraie,Entretien général,Roseraie 22 - purger radiateurs + montrer comment fonctionne nouvelle chaudière ,44881,,1,Vincent,,
T_P461,44881,Evelyne Tacniere,Roseraie,Entretien général,Pour Roseraie 23 - aller chez VOO Cora pour la prise de raccordement internet,44881,,1,Vincent,,
T_P464,44886,Evelyne Tacniere,Roseraie,Entretien général,Roseraie 22 - chauffage en panne,44886,,1,Vincent,,
T_P465,44886,Evelyne Tacniere,Roseraie,Entretien général,Roseraie 27 - réparer sonnette,44886,,1,Vincent,,
T_P469,44889,Evelyne Tacniere,Roseraie,Entretien général,Chemin du Bon Dieu 18 - évier bouché ,44889,,1,Vincent,,
T_P471,44894,Evelyne Tacniere,CPAS,Entretien général,Changer ampoule WC femme 1èr étage ,44894,,1,Vincent,,
T_P476,44900,Evelyne Tacniere,Roseraie,Entretien général,Roseraie 22 - humidité toilette,44900,,1,Vincent,,
T_P479,44907,Evelyne Tacniere,Roseraie,Entretien général,Roseraie 39 - problème thermostat,44907,,1,Vincent,,
T_P500,44925,Evelyne Tacniere,CPAS,Entretien général,Pour le 13 janvier 2023 en matinée - entretient alarme (ALSEC),44925,,1,Vincent,,
T_P499,44925,Evelyne Tacniere,Roseraie,Entretien général,Roseraie 2 - réparer serrure arrière,44925,,1,Vincent,,
T_P503,44930,Evelyne Tacniere,Roseraie,Entretien général,Roseraie 37 - tuiles à remplacer + Goutières à fixer,44930,,1,Vincent,,
T_P504,44930,Evelyne Tacniere,Roseraie,Entretien général,Roseraie 35 - Goutières à fixer,44930,,,Vincent,,
T_P506,44936,Evelyne Tacniere,Roseraie,Entretien général,Taille des haies par la Renouée - Dates de prestations : 08/06/2023 - 28/09/2023,44936,,1,Vincent,,
T_P505,44936,Evelyne Tacniere,Roseraie,Entretien général,Tonte de la pelouse par la Renouée - Dates de prestations : 14/04/2023 - 28/04/2023 - 12/05/2023 - 26/05/2023 - 09/06/2023 - 23/06/2023 - 07/07/2023 - 19/07/2023 - 18/08/2023 - 01/09/2023 - 15/09/2023 - 29/09/2023,44936,,1,Vincent,,
T_P508,44936,Evelyne Tacniere,Roseraie,Entretien général,Chantier Roseraie avec Renouée (être présent pour suivi) - Date de prestation : 08/03/2023,44936,,1,Vincent,,
T_P510,44936,Evelyne Tacniere,CPAS,Entretien général,Entretient détèction incendie le 17/01/2023 à 8h00,44936,,1,Vincent,,
T_P507,44936,Evelyne Tacniere,Roseraie,Entretien général,Roseraie 19 - Fuite robinet salle de bain et cuisine,44936,,1,Vincent,,
T_P509,44936,Evelyne Tacniere,CPAS,Entretien général,Monter papier A4 dans le bureau de Ghizlane,44936,,1,Vincent,,
T_P511,44937,Evelyne Tacniere,Roseraie,Entretien général,RDV installation défibrillateur - le 18/01/2023 entre 14h40 et 16h10,44937,,1,Vincent,,
T_P513,44938,Evelyne Tacniere,CPAS,Entretien général,Superviser entreprise SBMI - le 06/02/2023 à partir de 7h00,44938,,1,Vincent,,
T_P514,44943,Evelyne Tacniere,Roseraie,Entretien général,Roseraie 22 - ajouter eau chaudière,44943,,1,Vincent,,
T_P515,44943,Evelyne Tacniere,Roseraie,Entretien général,Roseraie 16 - WC qui coule + 1 carrelage cassé,44943,,1,Vincent,,
T_P516,44945,Evelyne Tacniere,Roseraie,Entretien général,Roseraie 3 - évacuation machine à laver bouchée,44945,,1,Vincent,,
T_P517,44945,Evelyne Tacniere,Roseraie,Entretien général,Chemin du Bon Dieu 28 - Voir chaudière,44945,,1,Vincent,,
T_P528,44963,Evelyne Tacniere,Roseraie,Entretien général,Roseraie 32 - voir lampe de la chambre,44963,,1,Vincent,,
T_P529,44963,Evelyne Tacniere,Roseraie,Entretien général,Chemin du Bon Dieu 14 - le robinet de la salle de bain coule + poser silicone douche ,44963,,1,Vincent,,
T_P531,44964,Evelyne Tacniere,CPAS,Entretien général,évier de la cuisine bouchée ,44964,,1,Vincent,,
T_P537,44970,Evelyne Tacniere,Roseraie,Entretien général,Roseraie 24 - Problème chaudière,44970,,1,Vincent,,
T_P542,44972,Evelyne Tacniere,Roseraie,Entretien général,Roseraie 9 - Robinet cuisine qui coule et planche WC fissurée,44972,,1,Vincent,,
T_P545,44973,Evelyne Tacniere,CPAS,Entretien général,Bureau Président - fixer cadre,44973,,1,Vincent,,
T_P544,44973,Evelyne Tacniere,CPAS,Entretien général,Bureau Président - fixer cadre,44973,,1,Ouvriers_ADV,,
T_P549,44980,Evelyne Tacniere,CPAS,Réunions ,Le 14/03/2023 à 8h30 avec Hélène et Michel - sujet : Roseraie,44980,,1,Vincent,,
T_P550,44980,Evelyne Tacniere,Roseraie,Entretien général,Roseraie 21 - plus de lumière dans la cuisine,44980,,1,Vincent,,
T_P553,44986,Evelyne Tacniere,ILA,Entretien général,Vendredi 03/03/2023 à 9h00 - Aller à la gare de Quaregnon prendre les valises d'une nouvelle famille,44986,,1,Vincent,,
T_P554,44986,Evelyne Tacniere,Roseraie,Entretien général,Roseraie 21 - Voir problème lampe cuisine,44986,,1,Vincent,,
T_P555,44987,Evelyne Tacniere,Roseraie,Entretien général,Roseraie 20 - évier bouché,44987,,1,Vincent,,
T_P557,44991,Evelyne Tacniere,Roseraie,Entretien général,Chercher panneaux à la commune pour ne pas stationner à la rue Anseele le 08/03 et 09/03,44991,,1,Vincent,,
T_P559,44991,Evelyne Tacniere,Roseraie,Entretien général,Chemin du Bon Dieu 22 - voir chaudière,44991,,1,Vincent,,
T_P560,44999,Evelyne Tacniere,Roseraie,Entretien général,Roseraie 6 - régler la température de la chaudière,44999,,1,Vincent,,
T_P563,44999,Evelyne Tacniere,ILA,Entretien général,Retrait marchandises IKEA - Le 16/03/2023 à 10h00,44999,,1,Vincent,,
T_P564,45001,Evelyne Tacniere,CPAS,Entretien général,Chemin du Bon Dieu 22 - Changer l'ampoule de la salle de bain ,45001,,1,Vincent,,
T_P565,45002,Evelyne Tacniere,Roseraie,Entretien général,Roseraie 31 - Chassis avant ne s'ouvre plus ,45002,,1,Vincent,,
T_P566,45002,Evelyne Tacniere,Roseraie,Entretien général,Roseraie 41 - Problème avec la serrure de la porte avant,45002,,1,Vincent,,
T_P569,45007,Evelyne Tacniere,CPAS,Entretien général,Voir si il reste des étagères métalique pour Inès,45007,,1,Vincent,,
T_P571,45009,Evelyne Tacniere,Roseraie,Entretien général,chemin du Bon Dieu 22 - lampe de la salle de bain à changer,45009,,1,Vincent,,
T_P575,45014,Evelyne Tacniere,ILA,Menuiserie,IKEA vendredi 31/03/2023 vers 10h00 - chercher armoire,45014,,1,Vincent,,
T_P577,45016,Evelyne Tacniere,CPAS,Chauffage,Bureau Inès - vérifier radiateur car ils chauffent trop,45016,,1,Vincent,,
T_P578,45019,Evelyne Tacniere,Roseraie,Entretien général,Roseraie 31 - Voir lampe extèrieure,45019,,1,Vincent,,
T_P582,45021,Evelyne Tacniere,Roseraie,Entretien général,Roseraie 27 - Problème de robinet cuisine,45021,,1,Ouvriers_ADV,,
T_P580,45021,Evelyne Tacniere,ILA,Entretien général,"Rue Charles Dupuis 114  - Jeter encombrant + couverture hall d'entrée. 
114/2 - Jeter la caisse qui se trouve devant,",45021,,1,Vincent,,
T_P585,45023,Evelyne Tacniere,Roseraie,Entretien général,Roseraie 17 - Problème chauffage,45023,,1,Vincent,,
T_P587,45027,Evelyne Tacniere,Roseraie,Entretien général,Roseraie 39 - changer ampoule wc,45027,,1,Vincent,,
T_P592,45033,Evelyne Tacniere,CPAS,Electricité,Installer prise électrique dans le sas accueil du CPAS - voir avec Hélène Courcelles pour les modalités ,45033,,2,Ouvriers_ADV,,
T_P591,45033,Evelyne Tacniere,Roseraie,Entretien général,Roseraie 7 - lavabo qui coule et carrelage cassé,45033,,1,Vincent,,
T_P594,45034,Evelyne Tacniere,Roseraie,Entretien général,Roseraie 19 - le détecteur de fumée s'est déclanché pendant la nuit,45034,,1,Vincent,,
T_P593,45034,Evelyne Tacniere,CPAS,Menuiserie,Allez chercher le materiel pour Inès chez Sébastien (voir Inès pour bon de commande et devis),45034,,1,Vincent,,
T_P596,45040,Evelyne Tacniere,CPAS,Entretien général,Le 03/05/2023 après-midi - Intervention Alsec,45040,,1,Vincent,,
T_P597,45042,Evelyne Tacniere,Roseraie,Entretien général,Roseraie 19 - Cuisinière ne fonctionne plus,45042,,1,Vincent,,
T_P604,45062,Evelyne Tacniere,CPAS,Entretien général,le 24/05/2023 entre 8h00 et 9h45 livraison armoire  - Monter dans le bureau de Jade,45062,,1,Vincent,,
T_P606,45062,Evelyne Tacniere,CPAS,Entretien général,lundi 22/05 allez chercher 6 ballots de foin chez Hendricks pour ines ,45062,,1,Vincent,,
T_P607,45068,Evelyne Tacniere,Roseraie,Entretien général,Roseraie 39 - Revisser porte d'entée,45068,,1,Vincent,,
T_P608,45069,Evelyne Tacniere,Roseraie,Entretien général,Chemin du B. D. 16 - Madame demande de refaire les dalles devant la porte d'entrée car elles bougent ,45069,,1,Vincent,,
T_P610,45070,Evelyne Tacniere,Roseraie,Entretien général,Roseraie 21 - évier bouché et voir chassis,45070,,1,Vincent,,
T_P611,45071,Evelyne Tacniere,Roseraie,Entretien général,Roseraie 39 - clignotant chaudière (plus d'eau chaude ni chauffage),45071,,1,Vincent,,
T_P613,45072,Evelyne Tacniere,Roseraie,Entretien général,Roseraie 21 - changer mitigeur cuisine,45072,,1,Vincent,,
T_P615,45076,Evelyne Tacniere,Roseraie,Entretien général,Chemin du B. D. 26 - Problème robinet douche,45076,,1,Vincent,,
T_P614,45076,Evelyne Tacniere,Roseraie,Entretien général,Chemin du . D. 14 - Fuite toilette,45076,,1,Vincent,,
T_P617,45076,Evelyne Tacniere,Roseraie,Entretien général,Roseraie 14 - Problème clinche fenêtre chambre,45076,,1,Vincent,,
T_P619,45079,Evelyne Tacniere,Roseraie,Entretien général,"Roseraie 35 - carrelage cuisine. 
Une vingtaine à recoller. ",45079,,1,Vincent,,
T_P622,45089,Evelyne Tacniere,Roseraie,Entretien général,Roseraie 31 - tailler haie,45089,,1,Vincent,,
T_P623,45089,Evelyne Tacniere,Roseraie,Entretien général,"Chemin du B, D, 18 - évier bouché",45089,,1,Vincent,,
T_P624,45090,Evelyne Tacniere,Roseraie,Entretien général,Chemin du B D 16 - Bois de la porte d'entrée décollé,45090,,1,Vincent,,
T_P629,45096,Evelyne Tacniere,Roseraie,Entretien général,Roseraie 14 - Problème taque ,45096,,1,Vincent,,
T_P630,45096,Evelyne Tacniere,Roseraie,Entretien général,Roseraie 31 - Plus d'électricité,45096,,1,Vincent,,
T_P631,45097,Evelyne Tacniere,Roseraie,Entretien général,Roseraie 3 - Tailler haie,45097,,1,Vincent,,
T_P634,45099,Evelyne Tacniere,Roseraie,Entretien général,Roseraie 5 - Egout bouché,45099,,1,Vincent,,
T_P638,45105,Evelyne Tacniere,Roseraie,Entretien général,Roseraie 14 - Jeter parasol cassé,45105,,1,Vincent,,
T_P640,45106,Evelyne Tacniere,Roseraie,Entretien général,Roseraie 19 - Voir robinet (eau),45106,,1,Vincent,,
T_P642,45107,Evelyne Tacniere,ILA,Entretien général,Le 30/06/2023 - Déménagement de Mme Villani,45107,,1,Vincent,,
T_P645,45107,Evelyne Tacniere,Roseraie,Entretien général,Roseraie 20 - Robinet qui coule,45107,,1,Vincent,,
T_P644,45107,Evelyne Tacniere,Roseraie,Entretien général,Roseraie 20 - Problème de chaudière,45107,,1,Vincent,,
T_P646,45107,Evelyne Tacniere,Roseraie,Entretien général,Roseraie 25 - Robinet qui coule,45107,,1,Vincent,,
T_P647,45110,Evelyne Tacniere,CPAS,Entretien général,Aller chercher les filtres hotte de chez Brunelle à l'Arbre de Vie (bureau Raphaël et Virginie),45110,,1,Vincent,,
T_P648,45110,Evelyne Tacniere,Roseraie,Entretien général,Roseraie 26 - voir si fuite à la chaudière,45110,,1,Vincent,,
T_P650,45112,Evelyne Tacniere,Roseraie,Entretien général,Roseraie 39 - plus d'eau chaude,45112,,1,Vincent,,
T_P653,45138,Evelyne Tacniere,Roseraie,Entretien général,Chemin du B D 14 - changer ampoule WC,45138,,1,Vincent,,
T_P655,45139,Evelyne Tacniere,Roseraie,Entretien général,"Roseraie 16 - Remplacer mitigeur, barre douche et refaire joints carrelages",45139,,1,Vincent,,
T_P657,45146,Evelyne Tacniere,Roseraie,Entretien général,Roseraie 32 - detecteur de fumée qui sonne,45146,,1,Vincent,,
T_P658,45146,Evelyne Tacniere,Roseraie,Entretien général,Roseraie 34 - changer planche wc,45146,,1,Vincent,,
T_P660,45147,Evelyne Tacniere,Roseraie,Entretien général,Roseraie 16 - changer paume douche,45147,,1,Vincent,,
T_P662,45148,Evelyne Tacniere,Roseraie,Entretien général,Roseraie 39 - diminuer chauffage,45148,,1,Vincent,,
T_P665,45152,Evelyne Tacniere,Roseraie,Entretien général,CBD 22 - Remplacement barillet porte jardin,45152,,1,Vincent,,
T_P664,45152,Evelyne Tacniere,Roseraie,Entretien général,barrilet porte d'entrée arrière (jardin) à changer,45152,,1,Vincent,,
T_P669,45163,Evelyne Tacniere,Roseraie,Electricité,Roseraie 31 - Taque de cuisson - conteur électrique ,45163,,1,Vincent,,
T_P671,45168,Evelyne Tacniere,Roseraie,Chauffage,Roseraie 39 - Panne de chauffage,45168,,1,Ouvriers_ADV,,
T_P672,45174,Evelyne Tacniere,Roseraie,Entretien général,Roserai 30 - Problème évacuation eau évier cuisine,45174,1,1,Ouvriers_ADV,,
T_P674,45175,Evelyne Tacniere,Roseraie,Entretien général,Roseraie 33 - la taque ne fonctionne plus,45175,,1,Ouvriers_ADV,,
T_P675,45176,Evelyne Tacniere,Roseraie,Entretien général,CBD 18 - Evacuation évier cuisine,45176,1,1,Ouvriers_ADV,,
T_P676,45176,Evelyne Tacniere,Roseraie,Entretien général,Roserai 27 - Dépanner sonnette qui sonne tout le temps),45176,,1,Vincent,,
T_P677,45177,Evelyne Tacniere,ILA,Entretien général,accueillir et surveiller le chantier de SBA Chauffage (1147 Rue charles Dupuis) le 13/09 dans la matinée - intervention sur les radiateurs - contact : monsieur MEURISSE 0473/29.90.84,45177,,,Vincent,,
T_P696,45202,Evelyne Tacniere,Roseraie,Jardin / extérieur,CBD 24 - Branche Rosier à couper ,45202,1,1,Vincent,,
T_P703,45210,Evelyne Tacniere,Roseraie,Chauffage,Roseraie 9 -la chaudière s'est déclenchée et radiateur allumé alors que 21 degrée ,45210,1,1,Vincent,,
T_P707,45218,Evelyne Tacniere,Roseraie,Entretien général,Roseraie 17 - lampe hall à changer,45218,1,1,Vincent,,
T_P709,45219,Evelyne Tacniere,Roseraie,Entretien général,Roseraie 39 - lampe devant à remplacer ,45219,1,1,Vincent,,
T_P716,45237,Evelyne Tacniere,Roseraie,Plomberie,Roseraie 30 - Evier bouché dans la cuisine (0495 65 44 36) ,45237,1,1,Vincent,,
T_P717,45238,Evelyne Tacniere,Roseraie,Plomberie,Roseraie 31 - robinet eau chaude douche coincé (0486 04 82 84) ,45238,1,1,Vincent,,
T_P720,45246,Evelyne Tacniere,CPAS,Entretien général,Toilette homme 2ème étage à réparer,45246,1,1,Vincent,,
T_P719,45246,Evelyne Tacniere,Roseraie,Electricité,"Roseraie 19 - lumière de la buanderie qui clignote
0495 21 44 16 ",45246,1,1,Vincent,,
T_P724,45257,Evelyne Tacniere,Roseraie,Electricité,"Roseraie 6 - sonnette ne fonctionne pas 065/80 01 80
M. Doyen est absent ce 27/11/2023 après midi ",45257,1,1,Ouvriers_ADV,,
T_P723,45257,Evelyne Tacniere,Roseraie,Electricité,"Roseraie 8 - plus d'électricité dans le logement 
0474/98 96 90 ",45257,1,1,Vincent,,
T_P725,45258,Evelyne Tacniere,Roseraie,Electricité,Ch du Bon Dieu 18 - lampe salle de bain en fonctionne plus 0471/87 77 39 ,45258,1,1,Ouvriers_ADV,,
T_P733,45268,Evelyne Tacniere,Roseraie,Electricité,"Roseraie 37 - four ne fonctionne pas 
065 82 43 26 - 0485/278 985 ",45268,1,1,Ouvriers_ADV,,
T_P734,45272,Evelyne Tacniere,Roseraie,Jardin / extérieur,Roseraie 34 - frigo à enlever - 0494/32 96 71 ,45272,1,1,Vincent,,
T_P735,45273,Evelyne Tacniere,CPAS,Entretien général,Remonter des rames de feuille ,45273,1,1,Ouvriers_ADV,,
T_P740,45296,Evelyne Tacniere,Roseraie,Jardin / extérieur,Roseraie 14 - Madame n'arrive plus à ouvrir la boite aux lettres avec sa clé ,45296,1,1,Vincent,,
T_P744,45300,Evelyne Tacniere,Roseraie,Menuiserie,Roseraie 16 - clinche de la porte du cagibi cassée ,45300,1,1,Vincent,,
T_P743,45300,Evelyne Tacniere,Roseraie,Chauffage,Roseraie 1 - le chauffage ne fonctionne pas bien ,45300,1,1,Vincent,,
T_P749,45313,Evelyne Tacniere,Roseraie,Entretien général,Roseraie 17 - porte entre le hall et le living bloquée - 0477/48 14 03 ,45313,1,1,Vincent,,
T_P752,45316,Evelyne Tacniere,Roseraie,Plomberie,Roseraie 39 - fuite dans le wc (voir chasse) - 065/78 75 46 ,45316,1,1,Vincent,,
T_P754,45317,Evelyne Tacniere,Roseraie,Entretien général,"Chemin du Bon Dieu 18 - ardoise tombé du toit, détecteur de fumée à vérifier",45317,1,1,Vincent,,
T_P758,45320,Evelyne Tacniere,Roseraie,Plomberie,Roseraie 4 - vanne du radiateur de la chambre qui coule - 0474/011 434 ,45320,1,1,Vincent,,
T_P762,45321,Evelyne Tacniere,Roseraie,Entretien général,"Roseraie 28 - frigo à enlever, poignées d'armoires et fuite chaufferie",45321,1,2,Vincent,,
T_P778,45342,Evelyne Tacniere,Roseraie,Sanitaire,Ch. du Bon Dieu 18 pas d'eau chaude 0471/87 77 39,45342,1,1,Vincent,,
T_P002,44236,Helene Courcelles,Roseraie,Sanitaire,"Roseraie 17: WC, humidité plafond",44236,,,Vincent,,
T_P001,44236,Helene Courcelles,CPAS,Menuiserie,"Bureaux 1er étage: Petite commune, infiltration d'eau niveaux des fenêtres",44236,,1,Vincent,,
T_P017,44252,Helene Courcelles,Roseraie,Electricité,Roseraie 13 - tube néon de cuisine à remplacer ,44253,,,Vincent,,
T_P026,44264,Helene Courcelles,Roseraie,Jardin / extérieur,Roseraie 31 - Prolonger la terrasse (3 fois 8 dalles),44264,1j,2,Ouvriers_ADV,,
T_P052,44308,Helene Courcelles,CPAS,Réunions ,amener l'écran de projection qui est dans le bureau de Véronique à l'ADV dans son bureau à la rue Destrée avant le 30 avril,44308,1h,1,Vincent,,
T_P058,44313,Helene Courcelles,CPAS,Entretien général,apporter l'écran de projection à l'espace Léon Delvallée vendredi matin,44316,1h,1,Vincent,,
T_P073,44323,Helene Courcelles,CPAS,Entretien général,mettre un plexi entre le bureau de jade et celui de Laora,44323,,,Vincent,,
T_P072,44323,Helene Courcelles,CPAS,Entretien général,évacuer la chaise de bureau à jeter dans le couloir du premier ,44323,,,Vincent,,
T_P077,44326,Helene Courcelles,Roseraie,Chauffage,"domaine de la roseraie N°16, nous devons demander que Bouvé intervienne, car il y a une panne que seul eux sont en mesure de faire (Michel s'en charge)",44326,,,Ouvriers_ADV,,
T_P074,44323,Helene Courcelles,cpas,Entretien général,ramener le rouleau de nappe qui est dans mon bureau au service animation de l'ADV. ,44327,,,Vincent,,
T_P101,44372,Helene Courcelles,CPAS,Entretien général,"certains travailleurs rencontrent des difficultés avec la serrure côté ""personnel"". Possible de vérifier ? ",44372,,,Vincent,,
T_P128,44396,Helene Courcelles,CPAS,Electricité,prévoir un cable réseau qui part de la prise 1-01 (bureau de marie-anne) et qui descend vers le VASARELI en passant par le plafond. Me prévenir quand c'est ok. ,44396,,,Ouvriers_ADV,,
T_P127,44396,Helene Courcelles,Roseraie,Chauffage,Roseraie 11 - problème de thermostat - radiateur qui coule,44396,,,Vincent,,
T_P134,44433,Helene Courcelles,CPAS,Electricité,remplacer le néon dans le bureau de Christophe,44433,,,Ouvriers_ADV,,
T_P150,44455,Helene Courcelles,CPAS,Entretien général,"renover le réfectoire pour le convertir en bureau (peinture, cablage, mobilier) - à voir ensemble",44455,,,Ouvriers_ADV,,
T_P149,44455,Helene Courcelles,Roseraie,Entretien général,Roseraie 8 - serrure défectueuse - y aller le 17/09 dans la matinée. ,44455,,,Vincent,,
T_P151,44455,Helene Courcelles,CPAS,Entretien général,"nettoyer les caves, monter des armoires supplémentaires, jeter le sac poubelle avec les combinaisons et les vêtements.",44455,,,Vincent,,
T_P162,44470,Helene Courcelles,CPAS,Electricité,Entretien annuel de la détection d'incendie Administration et CPAS - 3982 a,44470,,1,Vincent,,
T_P168,44476,Helene Courcelles,CPAS,Entretien général,rapatrier le matériel informatique qui est dans la salle de réunion de la maison de repos dans le réfectoire du CPAS et descendre le matériel du 2ème étage dans le réfectoire pour le 14/10 au plus tard. Me voir si détail,44476,,,Vincent,,
T_P172,44481,Helene Courcelles,Roseraie,Plomberie,Roseraie 28 - siphon coule,44481,,,Vincent,,
T_P179,44487,Helene Courcelles,CPAS,Electricité,suite contrôle VLV - installation d'un détecteur incendie dans le bureau qui a été cloisonné et raccordement à la centrale,44487,,,Ouvriers_ADV,,
T_P180,44487,Helene Courcelles,CPAS,Electricité,suite contrôle VLV - raccordement des chaudières à la centrale incendie + revoir l'installation de la conciergerie (me contacter si possible),44487,,,Ouvriers_ADV,,
T_P203,44504,Helene Courcelles,CPAS,Entretien général,la clef du bureau de marie-anne ne fonctionne pas (coince quand la porte est fermée). Voir s'il faut la limer un peu ou en faire une nouvelle. Elle est chez Evelyne. ,44504,,,Ouvriers_ADV,,
T_P204,44505,Helene Courcelles,CPAS,Entretien général,faire un inventaire des blocs de secours pour établissement du registre,44505,,,Vincent,,
T_P232,44538,Helene Courcelles,CPAS,Entretien général,installer une étagère de la cave dans le local informatique et descendre les caisses de matériel qui sont dans mon bureau dans le local informatique. Vérifier que Vincent a bien un double de la clef. Me prévenir quand c'est ok ou me contacter pour plus de détail. ,44538,,,Vincent,,
T_P244,44557,Helene Courcelles,Roseraie,Plomberie,BD 18 - WC coule,44557,,,Ouvriers_ADV,,
T_P243,44557,Helene Courcelles,Roseraie,Entretien général,Roseraie 2 - déboucher les évacuations d'eaux pluviales,44557,,,Vincent,,
T_P266,44581,Helene Courcelles,CPAS,Electricité,installer une prise réseau supplémentaire dans le bureau de Lorena. La connecter au patch du local informatique. M'informer quand c'est ok. ,44581,,1,Ouvriers_ADV,,
T_P286,44609,Helene Courcelles,CPAS,Entretien général,placer un plexi entre le bureau de sybille et éloise,44609,,,Vincent,,
T_P285,44609,Helene Courcelles,cpas,Entretien général,monter deux étagères. En mettre une dans le local informatique (à la place des tables) et une dans le bureau de Steve,44609,,,Vincent,,
T_P287,44610,Helene Courcelles,Roseraie,Entretien général,Roseraie 19 - plus d'eau chaude ,44610,,,Vincent,,
T_P288,44624,Helene Courcelles,CPAS,Entretien général,WC  : 2ième étage: voir serrure porte WC femme cassée ne se ferme pas ,44624,1,1,Ouvriers_ADV,,
T_P289,44627,Helene Courcelles,Roseraie,Entretien général,Chemin du bon dieu 22 hotte en panne et placement de deux barres de rideaux ,44627,1,1,Ouvriers_ADV,,
T_P291,44627,Helene Courcelles,Roseraie,Entretien général,Roseraie  - Lumière prêt du grillage à remettre ,44627,1,1,Vincent,,
T_P293,44630,Helene Courcelles,CPAS,Entretien général,Bureau président - Placement des anciens stores de la DG,44630,1,1,Vincent,,
T_P294,44630,Helene Courcelles,CPAS,Entretien général,CPAS - 2ème étage  - WC femme -  Serrure porte  cassée ne se ferme pas ,44630,1,1,Vincent,,
T_P296,44635,Helene Courcelles,Roseraie,Entretien général,Roseraie 23 - Problèem tuyauterie cuisine,44635,1,1,Vincent,,
T_P295,44635,Helene Courcelles,Roseraie,Entretien général,chemin bon dieu 14 - Néeon salle de bain et buanderie et entrée à remplacer ,44635,1,1,Vincent,,
T_P298,44636,Helene Courcelles,CPAS,Entretien général,CPAS- Placer une armoire qu bureau de Sybille,44636,1,2,Vincent,,
T_P297,44636,Helene Courcelles,Roseraie,Entretien général,Chemin duBon Dieu 22 - Hotte en panne ,44636,1,1,Vincent,,
T_P299,44637,Helene Courcelles,Roseraie,Chauffage,Roseraie 24 - Thermostat qui ne fonctionne pas ,44637,1,1,Vincent,,
T_P300,44638,Helene Courcelles,Roseraie,Entretien général,roseraie 10: WC BOUCHE,44638,1H,1,Vincent,,
T_P301,44642,Helene Courcelles,CPAS,Entretien général,devis pour installation de stores occultants dans le bureau du Président,44642,,,Vincent,,
T_P306,44644,Helene Courcelles,CPAS,Entretien général,me donner un descriptif des besoins en stores occultants pour les deux étages du batiment destrée. (me voir si besoin),44644,,,Vincent,,
T_P314,44662,Helene Courcelles,CPAS,Electricité,installer une prise réseau supplémentaire à l'insertion (dans le sas). M'informer quand c'est ok. ,44662,,,Ouvriers_ADV,,
T_P313,44662,Helene Courcelles,CPAS,Plomberie,Roseraie 27 - problème d'évacuation dans la douche - se présenter le 13/04,44662,,,Vincent,,
T_P371,44735,Helene Courcelles,Roseraie,Entretien général,un locataire de la rue Anseele dit qu'il y a des déchets derrière les habitations. Voir ce qu'il en est et si besoin les enlever. ,44735,1,1,Vincent,,
T_P388,44777,Helene Courcelles,Magasin,Entretien général,dépose 4 palettes le 4/08 au potager de l'insertion,44777,,1,Vincent,,
T_P393,44781,Helene Courcelles,CPAS,Entretien général,mettre les tables de jardin de niveau (cales? ),44781,,1,Vincent,,
T_P405,44805,Helene Courcelles,CPAS,Entretien général,remonter 2 armoires metalliques qui sont à la cave dans le bureau d'Alex,44809,,1,Vincent,,
T_P458,44874,Helene Courcelles,Roseraie,Plomberie,Faire pour avril 2023 - cartouche anticalcaire à remplacer dans toute les maisons (Roseraie et chemin du Bon Dieu) Ref: micromet 75 chez Van Marcke,44874,,1,Vincent,,
T_P488,44914,Helene Courcelles,Roseraie,Entretien général,Roseraie 17 - fissure mur + pavement relevé (pas mardi 20 PM),44914,,1,Vincent,,
T_P491,44915,Helene Courcelles,Roseraie,Entretien général,placer les nouveaux panneaux de signalisation à la Roseraie,44915,,1,Vincent,,
T_P495,44915,Helene Courcelles,CPAS,Entretien général,entretien de l'alarme intrusion le 13/01/23 dans la matinée.  Surveiller le chantier,44915,,1,Vincent,,
T_P493,44915,Helene Courcelles,Roseraie,Entretien général,Roseraie 25 - détecteur incendie,44915,,1,Vincent,,
T_P494,44915,Helene Courcelles,CPAS,Entretien général,Installation du défibrillateur à la rue DESTREE le 28/12/22 entre 9h30 et 11h. Surveiller le chantier. Me prévenir si absent. ,44915,,1,Vincent,,
T_P496,44915,Helene Courcelles,Roseraie,Entretien général,Roseraie 34 - alimentation de gaz devant la maison,44915,,1,Vincent,,
T_P492,44915,Helene Courcelles,CPAS,Entretien général,"remonter le petit bureau qui est à la cave dans le local de Christophe, Sybille et Eloïse",44915,,1,Vincent,,
T_P584,45022,Helene Courcelles,CPAS,Electricité,installer une prise réseau supplémentaire (bien vérifier qu'il n'y en a pas déjà 4) dans le bureau secrétariat du 1er (service social). Prévenir Tiziano quand c'est ok pour qu'il puisse la patcher. ,45022,,1,Ouvriers_ADV,,
T_P666,45152,Helene Courcelles,CPAS,Entretien général,Ëtre sur place le 21 août pour la distribution du matériel scolaire pour le service social (voir avec Stéphanie),45152,,1,Vincent,,
T_P668,45162,Helene Courcelles,CPAS,Entretien général,"faire un double de la clef de l'""aquarium"" au rez et du bureau de Rowena et me les donner ",45162,,1,Vincent,,
T_P680,45182,Helene Courcelles,Roseraie,Jardin / extérieur,Enlever rosier Bon Dieu 18 et mettre pelouse à la place,45182,,1,Vincent,,
T_P683,45184,Helene Courcelles,CPAS,Réunions ,réunion d'information pour tous les ouvriers le 28/09 à 13h30 à l'ADV - t'y rendre avec Ludovic,45184,,1,Vincent,,
T_P684,45187,Helene Courcelles,Roseraie,Electricité,aller voir problème électrique Roseraie 16,45187,,1,Ouvriers_ADV,,
T_P691,45190,Helene Courcelles,CPAS,Entretien général,sécuriser les trous faits par les carrotages du sol - me tenir informée de l'évolution du dossier et de la solution trouvée avant de la mettre en œuvre,45190,,1,Vincent,,
T_P705,45215,Helene Courcelles,CPAS,Entretien général,clef à reproduire,45215,,,Vincent,,
T_P706,45216,Helene Courcelles,Roseraie,Entretien général,"Roseraie 2 - ""trou ouvert "" - se rendre sur place pour examiner le problème et le résoudre",45216,,1,Vincent,,
T_P710,45219,Helene Courcelles,CPAS,Electricité,remplacer néons + interrupteur qui ne fonctionne plus dans le bureau de Véronique,45219,,1,Ouvriers_ADV,,
T_P715,45236,Helene Courcelles,Roseraie,Plomberie,Roseraie 9 - Robinet cuisine qui coule,45236,,1,Vincent,,
T_P718,45244,helene Courcelles,CPAS,Entretien général,me dire s'il nous reste des extincteurs en ordre pour placer dans une location. Il faudrait un 6kg à poudre ou mousse. ,45244,,1,Vincent,,
T_P736,45278,Helene Courcelles,Roseraie,Entretien général,Vérifier lumière salle de bains + humidité WC,45278,1,1,Vincent,,
T_P739,45294,Helene Courcelles,CPAS,Entretien général,Installer la machine à café au CPAS (la machine se trouve dans le bureau de Sophie) - alimentation eau de ville,45294,2,2,Ouvriers_ADV,,
T_P741,45299,Helene Courcelles,Roseraie,Menuiserie,RV avec LG Menuiseries le vendredi 12 janvier à 9h pour remplacement portes coulissantes au n° 16 et au n° 31 de la Roseraie (GSM : 0472/200.228),45303,3,1,Vincent,,
T_P748,45310,Helene Courcelles,Roseraie,Entretien général,Roseraie 24 - Mme Bruyère - moisissures dans le débarras,45310,1,1,Vincent,,
T_P757,45320,Helene Courcelles,Roseraie,Entretien général,Domaine de la Roseraie 28 : enlever le frigo (sale) + les poignées des armoires. Voir avec Nathalie Patelli,45320,1,2,Vincent,,
T_P803,45397,Helene Courcelles,Roseraie,Entretien général,"Roseraie 18 - carrelages tombent dans la sdb. Prévoir un chantier pour les remplacer. Une réparation avait déjà été faite mais ça n'est plus suffisant. Me tenir informée, svp. ",45397,,1,Vincent,,
T_P817,45407,Helene Courcelles,CPAS,Entretien général,Vérifier néon qui fait du bruit dans bureau président,45407,1,2,Vincent,,
T_P896,45531,Helene Courcelles,CPAS,Entretien général,Descendre l'écran et le clavier qui se trouvent dans le bureau d'Hélène dans le local informatique (clé dans le bureau d'Hélène),45531,1,1,Vincent,,
T_P911,45559,Helene Courcelles,Roseraie,Jardin / extérieur,"Roseraie 1 et 3 - entretenir les parterres devant les maisons car il semblerait qu'il y ait des rats. Si c'est le cas, avertir également Sophie pour prestation dératiseur",45559,,1,Vincent,,
T_P912,45559,Helene Courcelles,Roseraie,Chauffage,Roseraie 3 - expliquer à la locataire le fonctionnement du thermostat car elle rencontre des difficultés,45559,,1,Vincent,,
T_P935,45594,Helene Courcelles,Roseraie,Entretien général,Chemin Bon Dieu 28 - tâche humidité WC + donner avis sur petits travaux plafonnage (voir si besoin compagnons dépanneurs),45594,1,2,Vincent,,
T_P940,45600,Helene Courcelles,CPAS,Marchandises magasin,Ce mardi 5 novembre : aller rechercher un ordinateur portable chez Rowena (adresse voir Hélène),45601,1,1,Vincent,,
T_P982,45643,Helene Courcelles,Roseraie,Entretien général,Faire des photos de quelques assises repositionnées pour qu'on puisse voir le résultat,45643,,1,Vincent,,
T_P1046,45706,Helene Courcelles,CPAS,Entretien général,Portes accueil se ferment et s'ouvrent lentement (graisser les chaînes?),45706,1,2,Vincent,,
T_P1051,45713,Helene Courcelles,CPAS,Marchandises magasin,"Aller chercher une poussette triple chez Emmaus ce 25 févriern demander Anne-Marie (avant 17h et pas entre 12h et 13h) et la déposer à Barry pour qu'ils la lavent. Dès récupération de la poussette propre, la déposer au 11 rue de la Liberté (et récupérer une autre poussette à remettre à Ghizlane)",45713,2,1,Vincent,,
T_P1053,45714,Helene Courcelles,Roseraie,Entretien général,BON DIEU 16 : eau qui coule de la chaudière + barre de rideaux living,45714,1,1,Vincent,,
T_P1055,45715,Helene Courcelles,Roseraie,Entretien général,Roseraie 3 : bac de douche piqué. Vérifier,45715,1,1,Vincent,,
T_P1161,45854,Helene Courcelles,Roseraie,Entretien général,Roseraie 39 - remettre la moustiquaire en état,45854,,1,Vincent,,
T_P1253,45996,Helene Courcelles,CPAS,Electricité,interrupteur des toilettes du 2ème cassé - la lumière reste allumée,45996,,,Vincent,,
T_P1175,45880,Hicham El Hariri,ILA,Entretien général,"le vendredi 15/08 c'est un jr férié, merci de passé à l'ADV pour la tournée des secs poubelles",45880,2,1,Vincent,,
T_P1264,46002,Hicham El Hariri,Roseraie,Electricité,"N° 22 : hotte H.S. Voir la quantité du stock, merci",46002,,1,Vincent,,
T_P1260,46002,Hicham El Hariri,Roseraie,Entretien général,"Arroseraie : Faire 3 devis carrelages de type : METRO blanc 7,5x15 cm (BBM Ceramique, brico ou autres ... ), merci",46002,,1,Vincent,Ouvriers_ADV,
T_P1261,46002,Hicham El Hariri,Roseraie,Electricité,"Roseraie N° 12 : placer deux lustres, consigné avant l'intervention, voir point de fixation solide",46002,,1,Vincent,Ouvriers_ADV,
T_P1270,46014,Hicham El Hariri,Roseraie,Entretien général,Roseraie N°6 : Reparer les attaches de la gouttière à l'avant.,46014,,1,Vincent,,
T_P1271,46014,Hicham El Hariri,Roseraie,Entretien général,Roseraie n°9 : il y a beaucoup de feuilles mortes dans le Domaine.,46014,,2,Vincent,Ouvriers_ADV,
T_P1272,46020,Hicham El Hariri,CPAS,Plomberie,Urinoire bouché. Merci d'aller voir,46020,,1,Vincent,,
T_P1273,46020,Hicham El Hariri,CPAS,Electricité,test,46020,,1,Vincent,Ouvriers_ADV,
T_P1274,46020,Hicham El Hariri,CPAS,Entretien général,"Test d'envoi de mail à Vincent, Merci Vincent de confirmer la bonne réception de ce message par mail, téléphone ou sms. Jan Callemeyn",46020,,1,Vincent,,
T_P1278,46022,Hicham El Hariri,ILA,Entretien général,Cité cosmopolite N° 2 : relevé du compteur eau,46022,,1,Vincent,Ouvriers_ADV,
T_P1281,46022,Hicham El Hariri,ILA,Entretien général,Cité cosmopolite 2/21 : Relevé compteur Gaz,46022,,1,Vincent,Ouvriers_ADV,
T_P1275,46022,Hicham El Hariri,Roseraie,Entretien général,N° 14 : Réparer et plafonner le mur endommagé,46022,,1,Vincent,Ouvriers_ADV,
T_P1277,46022,Hicham El Hariri,ILA,Entretien général,rue mandart N° 28 : Relevé compteur d'eau ,46022,,1,Vincent,Ouvriers_ADV,
T_P1276,46022,Hicham El Hariri,Roseraie,Entretien général,"N°10 : fait le relevé du compteur à eau, merci",46022,,1,Vincent,Ouvriers_ADV,
T_P1280,46022,Hicham El Hariri,Roseraie,Entretien général,N° 10 : Relevé compteur Electricité. Merci,46022,,1,Vincent,Ouvriers_ADV,
T_P1279,46022,Hicham El Hariri,ILA,Entretien général,Cité cosmopolite N° 2/21 : relevé du compteur Gaz,46022,,,Vincent,Ouvriers_ADV,
T_P1282,46028,Hicham El Hariri,CPAS,Entretien général,évacuer les extincteurs au fond du Couloir de la cave du CPAS qui sont déclassés,46028,,1,Vincent,,
T_P1284,46030,Hicham El Hariri,Roseraie,Entretien général,N° 14 chemin de BD : recuperer les papiers (pour Laura au CPAS),46030,,1,Vincent,Ouvriers_ADV,
T_P1283,46030,Hicham El Hariri,Roseraie,Entretien général,N°6 : chercher des documents pour le CPAS (bureau de Laura) merci,46030,,,Vincent,Ouvriers_ADV,
T_P1287,46034,Hicham El Hariri,Roseraie,Entretien général,"N° 12 : l'eau coule du plafond dans son WC ainsi que dans le débarras autour du velux.
Bonne journée,",46034,,1,Vincent,,
T_P1286,46034,Hicham El Hariri,CPAS,Chauffage,Pas de chauffage dans les bureaux du service incersion !,46034,,1,Vincent,Ouvriers_ADV,
T_P1292,46042,Hicham El Hariri,Roseraie,Entretien général,"N° 14 : apparement il y a de l'eau qui coule dans la chaufferie et de l'humidité dans un des coins du WC (probablement que cela vient du toit). Merci de bien vouloir aller voir,",46042,,1,Vincent,Ouvriers_ADV,
T_P1294,46048,Hicham El Hariri,Roseraie,Plomberie,Roseraie N° 11 : le robinet de la cuisine fuit et ne coule pas bien. Voir si on peux récupérer celui de sa voisine du N°10.merci,46048,,1,Vincent,,
T_P1295,46048,Hicham El Hariri,Roseraie,Plomberie,N° 11 : le robinet de la cuisine fuit et ne coule pas bien. Voir si on peux récupérer celui de sa voisine du N°10 comme la cuisine va être démontée et remplacée. Merci,46048,,1,Vincent,Ouvriers_ADV,
T_P1296,46048,Hicham El Hariri,Roseraie,Plomberie,"N° 28 : Présence d'eau dans le local chaufferie.(assez bien)
Merci.",46048,,1,Vincent,,
T_P1298,46049,Hicham El Hariri,Roseraie,Entretien général,"N° 22 : le thermostat s'éteint tout seul et Madame doit chaque fois le rallumer.Merci,",46049,,1,Vincent,,
T_P1302,46050,Hicham El Hariri,CPAS,Plomberie,"Les 2 urinoirs sont bouchés. URGENT !!! Merci														",46050,,1,Vincent,,
T_P1301,46050,Hicham El Hariri,Roseraie,Entretien général,Chemin du Bon Dieu 22 : Madame ne sait plus ouvrir ses stores et demande de l'aide.Merci,46050,,,Vincent,,
T_P1300,46050,Hicham El Hariri,Roseraie,Chauffage,N° 19 : le radiateur du living coule,46050,,1,Vincent,,
T_P1305,46056,Hicham El Hariri,Roseraie,Entretien général,"			N° 34 : la planche du WC est cassée, madame demande si c'est possible de lui changer mais avec un modèle basique, pas cher + le bouton de la cuisinière est cassé et madame dit que c'est dangereux.														",46056,,1,Vincent,,
T_P1307,46065,Hicham El Hariri,CPAS,Plomberie,Urinoire bouché. Merci d'aller voir,46065,,1,Vincent,,
T_P1310,46079,Hicham El Hariri,ILA,Menuiserie,Aller à la rue Mandart 28 et voir s'il est possible de réparer la latte du lit,46079,,1,Vincent,,
T_P1314,46079,Hicham El Hariri,Roseraie,Menuiserie,Aller chercher la commande Ikea. Le colis est reçu et se trouve à l’accueil du CPAS. Merci,46079,,,Vincent,,
T_P701,45208,Jessica Greuse,CPAS,Electricité,remplacement de l'interrupteur local entretien premier étage,45208,10 nmin,1,Vincent,,
T_P700,45208,Jessica Greuse,CPAS,Menuiserie,pose de planches dans les deux locaux entretien en vue de faire des étagères ,45208,2h,1,Vincent,,
T_P697,45208,Jessica Greuse,CPAS,Menuiserie,rabotage de la porte du local entretien 2ème étage,45208,30 minutes,1,Vincent,,
T_P728,45267,Jessica Greuse,CPAS,Plomberie,fuite dans les wc dames du deuxième étage,45267,30 minutes,1,Ouvriers_ADV,,
T_P759,45320,Jessica Greuse,Roseraie,Entretien général,"frigo à enlever à la Roseraie 28, poignées d'armoires et fuite chaufferie",45320,30,2,Vincent,,
T_P772,45336,Jessica Greuse,Roseraie,Chauffage,roseraie 19 souci avec la vanne de chauffage dans la chambre ,45336,20 min,1,Vincent,,
T_P771,45336,Jessica Greuse,Roseraie,Entretien général,"Roseraie 16 souci avec le détecteur de fumé, il ne tient plus au plafond",45336,10 min,1,Vincent,,
T_P486,44909,Kimberley Collet,ILA,Entretien général,relevé compteur d'eau - Logements ILA + logements de transit,44910,,1,Vincent,,
T_P490,44914,Kimberley Collet,ILA,Entretien général,"Aller à Weba pour étagères à chaussures + aller à Babykid pour la poussette + aller à Extra pour les produits de nettoyage et apporter les marchandis à Mme Diallo (Rue Charles Dupuis, 114/4)",44914,,1,Vincent,,
T_P489,44914,Kimberley Collet,ILA,Entretien général,Venir chercher bon de commandes au bureau des étrangers,44914,,1,Vincent,,
T_P497,44917,Kimberley Collet,CPAS,Menuiserie,"réparer serrure Rue Charles Dupuis, 114/4",44917,,1,Vincent,,
T_P501,44928,Kimberley Collet,CPAS,Entretien général,déposer requête au tribunal du travail de Mons,44928,,1,Vincent,,
T_P502,44929,Kimberley Collet,CPAS,Entretien général,"Pour le 06/01/23 - Réceptionner la livraison du frigo pour la Rue Charles Dupuis, 114/2 en matinée",44929,,1,Ouvriers_ADV,,
T_P518,44949,Kimberley Collet,CPAS,Entretien général,venir chercher bon de commande pour cité cosmopolite au bureau des étrangers + aller chercher poignée à cyl blanc pour l'installer,44949,,1,Vincent,,
T_P523,44953,Kimberley Collet,ILA,Entretien général,rue mandart 28 - débarasser passage latéral + jeter les publicités + débarasser le grenier des maxi cosi en vérifiant les défectueux ,44953,,1,Vincent,,
T_P524,44956,Kimberley Collet,ILA,Entretien général,"Venir prendre le bon commande au service étrangers concernant les poêlons et casseroles pour les apporter à la Cité Cosmopolite 2/21, 7390 Quaregnon. Le matériel est à aller chercher chez le magasin Extra à Frameries",44956,,1,Vincent,,
T_P547,44977,Kimberley Collet,CPAS,Menuiserie,réparer porte d'entrée bâtiment rue charles dupuis ,44977,,1,Vincent,,
T_P548,44977,Kimberley Collet,ILA,Entretien général,"Aller Chez Mme DIALLO à la rue Charles Dupuis 114/4, 7390 Quaregnon pour prendre les mesures des rideaux de la salle de bain et venir les dire à Alex au service étrangers du CPAS de Quaregnon pour faire un nouveau bon de commande à cet effet.",44977,,1,Vincent,,
T_P562,44999,Kimberley Collet,ILA,Entretien général,"Apporter les chaises + bureau (IKEA) à la rue Charles Dupuis, 114/4 + apporter le micro onde à la rue mandart 28",44999,,1,Vincent,,
T_P561,44999,Kimberley Collet,CPAS,Entretien général,Venir au bureau des étrangers prendre 2 bons de commande pour aller chercher les marchandises à IKEA,44999,,1,Vincent,,
T_P567,45006,Kimberley Collet,ILA,Entretien général,"Venir chercher le bon de commande concernant les poubelles au service étranger, aller chercher la marchandise à Ikea et l'apporter à la rue mandart, 28",45006,,1,Vincent,,
T_P572,45012,Kimberley Collet,ILA,Entretien général,"Aller à la cité cosmopolite 2/21, 7390 Quaregnon (ILA) et vérifier la pression de la chaudière.",45012,,1,Vincent,,
T_P581,45021,Kimberley Collet,ILA,Entretien général,"Venir au service étrangers du CPAS prendre le bon commande pour les 2 armoires 5 pores à aller chercher à IKEA. Les armoires sont à installer à la rue Mandart 28, 7390 Quaregnon.",45021,,1,Vincent,,
T_P656,45139,Kimberley Collet,ILA,Plomberie,Aller voir cité cosmo (chez Mr Altawil) car problème de chauffe eau,45139,,1,Vincent,,
T_P654,45139,Kimberley Collet,ILA,Entretien général,"Faire le jardin de la rue mandart, 28 et changer l'ampoule de la cuisine",45139,,1,Vincent,,
T_P686,45188,Kimberley Collet,ILA,Plomberie,"Réparer évier ILA Rue Charles Dupuis, 114/4",45188,,1,Vincent,,
T_P698,45208,Kimberley Collet,ILA,Entretien général,"réparer meuble buffet chez Mme Irambona (Rue Mandart, 28 - ILA)",45208,,1,Vincent,,
T_P702,45209,Kimberley Collet,ILA,Menuiserie,"Faire double de clé de la boite aux lettres de la rue charles dupuis, 114/1",45209,,1,Vincent,,
T_P714,45233,Kimberley Collet,ILA,Entretien général,réparer armoire dans la chambre de Mr Altawil (Cité cosmopolite),45233,,1,Vincent,,
T_P727,45267,Kimberley Collet,ILA,Entretien général,"Relever les index compteur gaz à la rue mandart, 28 (le document est dans le bureau du service étranger)",45267,,1,Vincent,,
T_P729,45268,Kimberley Collet,ILA,Entretien général,Aller jeter les affaires que Monsieur SANTORO a laissé devant l'habitation (Rue de Pâturages),45268,,1,Vincent,,
T_P742,45299,Kimberley Collet,ILA,Chauffage,Le chauffage ne fonctionne plus à la rue Charles Dupuis 114/1 chez Cacqueux Jordan - URGENT car bébé dans le logement,45299,,1,Vincent,,
T_P745,45301,Kimberley Collet,ILA,Chauffage,Plus de chauffage chez Mme Diallo - ILA,45301,,1,Vincent,,
T_P796,45385,Kimberley Collet,CPAS,Entretien général,! URGENT ! - Venir chercher les marchandises dans le bureau de la direction du service social et l'apporter au logement de transit,45385,,1,Vincent,,
T_P813,45405,Kimberley Collet,ILA,Marchandises magasin,"Prendre le bon de commande au service étranger et aller chercher les deux armoires à chaussures à Weba pour les installer à Charles Dupuis, 114/1",45405,,1,Vincent,,
T_P1010,45670,Kimberley Collet,ILA,Entretien général,"Voir si les lattes du lit de Mme DIALLO peuvent être réparées - Charles Dupuis, 114/4",45670,,,Vincent,,
T_P1039,45701,Kimberley Collet,ILA,Marchandises magasin,Aller chercher un lit chez Ghizlane pour famille étrangère suivie par Audrey (s'arranger avec Ghizlane pour retrait marchandise),45701,,1,Vincent,,
T_P1054,45714,Kimberley Collet,ILA,Plomberie,réparer machine à laver qui ne fonctionne pas à la rue mandart 28,45714,,1,Vincent,,
T_P1159,45852,Kimberley Collet,ILA,Entretien général,Aller à la rue jean mennin et constater les dégâts de la fuite d'eau,45852,,1,Vincent,,
T_P1160,45853,Kimberley Collet,ILA,Plomberie,"Aller à la rue Charles Dupuis, 114/4 chez Mme Diallo car elle n'aurait plus d'eau",45853,,1,Vincent,,
T_P1162,45866,Liora Bruno,Roseraie,Entretien général,Roseraie 16 - Problème chauffe eau,45866,,1,Ouvriers_ADV,,
T_P1167,45873,Liora Bruno,CPAS,Entretien général,Chambre 202 - La lampe de la salle de bain clignote et la porte coulissante cale,45873,1,1,Ouvriers_ADV,,
T_P786,45365,Secrétariat général,Roseraie,Jardin / extérieur,Roseraie 21 - vérifier présence nid de guêpes dans la toiture. Si besoin revenir vers moi pour prestation externe. Laura,45365,1,1,Vincent,,
T_P788,45369,Secrétariat général,Roseraie,Chauffage,"Roseraie 16 - Mme Marlier Céline - Thermostat s'emballe même à 0 le chauffage se met en route, trop chaud.",45369,2,1,Vincent,,
T_P787,45369,Secrétariat général,Roseraie,Entretien général,"Roseraie 29 - Mme Dehon Ghislaine, détecteur fumée sonne (bip) toutes les 10 sec.",45369,30 minutes,1,Vincent,,
T_P790,45376,Secrétariat général,Roseraie,Chauffage,Roseraie n°4- thermostat se met en route même à 0 - trop de chauffage dans la maison  ,45376,1,1,Vincent,,
T_P791,45377,Secrétariat général,Roseraie,Menuiserie,"Roseraie n°28 - Madame Kunath demande un passage car la porte coulissante frotte contre le mur et enlève la peinture, Madame demande de la prévenir avant de passer au 0471/54.15.39",45377,1,1,Vincent,,
T_P797,45390,Secrétariat général,Roseraie,Entretien général,Roseraie 29- Dehon Giselle : Alarme sonne constamment pourtant pile déjà changée,45390,1,1,Vincent,,
T_P799,45391,Secrétariat général,Roseraie,Entretien général,"Chemin du Bon Dieu 18 - Spampinato Rosalia - la boîte aux lettres ne s'ouvre pas, si possible aujourd'hui car ensuite madame rentre à l'hôpital.",45391,1,1,Vincent,,
T_P800,45391,Secrétariat général,Roseraie,Electricité,"Roseraie 29 - Madame Defrise dit que depuis l'orage d'hier ,elle n'a plus d'électricité.",45391,1,1,Vincent,,
T_P801,45394,Secrétariat général,Roseraie,Chauffage,Roseraie 39- Radiateurs chauffent trop fort et la lampe clignotte dans la chambre,45394,1,1,Ouvriers_ADV,,
T_P808,45404,Secrétariat général,Roseraie,Electricité,"Roseraie 37- Madame Ferrara 065/824326 n'a plus d'éclairage dans la salle de bain, madame demande un passage soit ce matin soit demain matin si possible.",45404,1,1,Vincent,,
T_P819,45412,Secrétariat général,Roseraie,Chauffage,Roseraie 31 : l'entretien de la chaudière a été réalisé par l'entreprise de la locataire et celui-ci a indiqué que des pièces étaient défectueuses et à changer. Aller voir sur place si on sait changer les pièces nous-mêmes. Vincent en congé cette semaine (jusqu'au 5 mai),45412,1,1,Ouvriers_ADV,,
T_P822,45419,Secrétariat général,Roseraie,Entretien général,"Domaine de la Roseraie 6- Alarme incendie sonne, peut être la pile? Monsieur Doyen 065/80.01.80",45419,1,1,Vincent,,
T_P825,45427,Secrétariat général,Roseraie,Entretien général,"ROSERAIE 28- Chasse d'eau coule, la porte coulissante a dû mal à s'ouvrir et la taque électrique ne fonctionne pas bien ,madame souhaite changer pour une taque vitro.",45427,2,1,Vincent,,
T_P827,45433,Secrétariat général,Roseraie,Chauffage,Roseraie 31 : l'entretien de la chaudière a été réalisé par l'entreprise de la locataire et celui-ci a indiqué que des pièces étaient défectueuses et à changer. Aller voir sur place si on sait changer les pièces nous-mêmes,45433,1,1,Vincent,,
T_P828,45434,Secrétariat général,Roseraie,Jardin / extérieur,"ROSERAIE 16 - Madame nous informe avoir vu que des Bourdons ont fait un nid juste à côté de la porte d'entrée. Aller voir si il faut faire venir une société,",45434,1,1,Vincent,,
T_P830,45439,Secrétariat général,Roseraie,Chauffage,"Roseraie 32- Problème de chaudière, même le chauffage éteint, les radiateurs chauffent. ",45439,1,1,Vincent,,
T_P839,45450,Secrétariat général,Roseraie,Entretien général,"Roseraie 8- Madame nous informe que sur sa taque électrique , une partie ne fonctionne plus, Madame sera disponible à partir de mardi 11/06.",45450,1,1,Vincent,,
T_P840,45450,Secrétariat général,Roseraie,Entretien général,Roseraie 4 - Monsieur Leveque nous informe qu'une odeur d'égoût désagréable provient de la plaque dans la chaufferie. Tuyauterie bouchée? ,45450,,1,Vincent,,
T_P844,45455,Secrétariat général,Roseraie,Electricité,Roseraie 19 - Monsieur Lejeune a appelé pour demander un passage car la lampe de l'entrée clignotte sans arrêt.,45455,,1,Vincent,,
T_P851,45464,Secrétariat général,Roseraie,Plomberie,Chemin du Bon Dieu 18 - Madame Spampinato nous informe qu'il y a de l'eau qui coule à la base du WC,45464,,1,Vincent,,
T_P854,45467,Secrétariat général,Roseraie,Sanitaire,ROSERAIE 39- Madame Defrise n'a pas d'eau chaude ,45467,1,1,Vincent,,
T_P856,45468,Secrétariat général,CPAS,Entretien général,Fixer au mur les bacs courriers dans le bureau de Hélène Courcelles - ceux-ci ont été placés au mauvais endroit,45468,1,1,Vincent,,
T_P857,45468,Secrétariat général,Roseraie,Plomberie,"Roseraie 29- Madame Dehon demande un passage car son évier de cuisine fuit en dessous,Madame sera présente jeudi matin.",45468,1,1,Vincent,,
T_P861,45470,Secrétariat général,Roseraie,Plomberie,Chemin du Bon Dieu 18- Madame Spampinato nous informe que des ouvriers sont allés réparer la fuite à la base du WC avec un joint de silicone mais aujourd'hui ça coule de nouveau,45470,1,1,Vincent,,
T_P862,45474,Secrétariat général,Roseraie,Chauffage,ROSERAIE 32- Madame nous informe que son chauffage se met en route dès qu'elle prend de l'eau chaude même si son thermostat es à 15 °,45474,1,1,Vincent,,
T_P864,45474,Secrétariat général,Roseraie,Plomberie,Roseraie 30 - Monsieur nous informe qu'il n'arrive pas à ouvrir le robinet de l'évier de la salle de bain,45474,1,1,Vincent,,
T_P866,45475,Secrétariat général,Roseraie,Plomberie,Roseraie 7 - Madame ne parvient plus à fermer correctement le robinet de la sdb donc il coule - madame demande si c'est possible de le changer car elle a de l'arthrose et il est vraiment difficile à fermer pour elle.,45475,1,1,Vincent,,
T_P865,45475,Secrétariat général,Roseraie,Entretien général,"Roseraie 29 -Madame Dehon nous informe que depuis que la sortie de son évier de cuisine à été changée, les bouchons sont trop petits pour pouvoir retenir l'eau dans son évier et elle ne sait pas faire sa vaisselle.",45475,1,1,Vincent,,
T_P867,45476,Secrétariat général,Roseraie,Entretien général,"Chemin du Bon Dieu 22 - Madame demande si il est possible de passer changer 2 ampoules, sortir une plante à l'extérieur et quand les pelouses ont été tondues apparemment un morceau de la plaque qui couvre la réserve a été cassé, madame a peur que l'eau s'infiltre",45476,1,1,Vincent,,
T_P872,45482,Secrétariat général,Roseraie,Plomberie,Roseraie 4 - Monsieur Leveque nous signale que la colonne où l'on dépose le pommeau de douche est cassé. Il demande de le remplacer,45482,1,1,Vincent,,
T_P873,45483,Secrétariat général,Roseraie,Entretien général,"Roseraie 3 - Madame nous signale que avec les fortes pluies la gouttière déborde, peut être nettoyage nécessaire?",45483,1,1,Vincent,,
T_P876,45484,Secrétariat général,Roseraie,Sanitaire,ROSERAIE 39 - Madame nous informe qu'elle n'a plus d'eau chaude,45484,1,1,Vincent,,
T_P880,45488,Secrétariat général,Roseraie,Entretien général,ROSERAIE 2 - Madame nous informe qu'il y a une souris qui entre dans la maison - si possible mettre du silicone ,45488,1,1,Vincent,,
T_P882,45489,Secrétariat général,Roseraie,Menuiserie,Chemin du Bon Dieu 14 - Madame nous informe que la charnière de la porte arrière est cassée et que la porte ne tient plus,45489,1,1,Vincent,,
T_P883,45490,Secrétariat général,Roseraie,Chauffage,ROSERAIE 1 -Madame nous informe qu'elle n'a plus d'eau chaude,45490,1,1,Vincent,,
T_P889,45509,Secrétariat général,Roseraie,Plomberie,ROSERAIE 27- Madame demande s'il est possible de changer le robinet de la machine à laver car il coule,45509,1,1,Vincent,,
T_P890,45510,Secrétariat général,Roseraie,Entretien général,"Chemin du Bon Dieu 18- Madame Spampinato nous demande s'il est possible de faire un joint de silicone sous sa fenêtre car elle a encore des fourmis qui entrent,",45510,1,1,Vincent,,
T_P891,45512,Secrétariat général,Roseraie,Menuiserie,"Roseraie n°7 - Madame ne sais plus fermer sa porte d'entrée, la serrure se bloque",45512,1,1,Vincent,,
T_P893,45513,Secrétariat général,Roseraie,Entretien général,"cite cosmo : traces d'humidité dans la sdb -> à surveiller/déterminer la cause, traiter si nécessaire et rafraîchir le mur",45513,,1,Vincent,,
T_P895,45523,Secrétariat général,CPAS,Electricité,Changer le néon des toilettes homme 2ème étage car ne fonctionne plus,45523,1,1,Vincent,,
T_P903,45540,Secrétariat général,Roseraie,Plomberie,"Roseraie 24- Madame dit que le tuyau du radiateur de sa chambre fuit,elle a de l'eau par terre.",45540,,1,Vincent,,
T_P902,45540,Secrétariat général,Roseraie,Entretien général,Chemin du Bon Dieu 24 - Madame demande s'il est possible de passer chercher chez un seau de gravat (ce sont les anciens joints de carrelage de terrasse qui ont été récemment changés et qui a été oublié)+ à l'avant de la maison il y a une tuile qui se détache,45540,1,1,Vincent,,
T_P904,45546,Secrétariat général,Roseraie,Electricité,ROSERAIE 19 - Madame nous informe qu'il faut changer le tube de la lampe du débarras car elle n'a plus de lumière,45546,,1,Ouvriers_ADV,,
T_P906,45548,Secrétariat général,Roseraie,Chauffage,ROSERAIE 41 - Madame nous informe que son radiateur coule et du coup il a rouillé.,45548,,1,Ouvriers_ADV,,
T_P905,45548,Secrétariat général,Roseraie,Sanitaire,"ROSERAIE 39 - Madame nous informe qu'elle n'a plus d'eau chaude,",45548,,1,Ouvriers_ADV,,
T_P907,45551,Secrétariat général,Roseraie,Sanitaire,ROSERAIE 6 - Chasse d'eau coule,45551,,1,Ouvriers_ADV,,
T_P908,45553,Secrétariat général,Roseraie,Entretien général,Chemin du Bon Dieu 28 - intervention des pompiers qui ont cassé une fenêtre pour pouvoir entrer dans la maison car madame a fait une chute,45553,,1,Ouvriers_ADV,,
T_P909,45555,Secrétariat général,Roseraie,Sanitaire,Roseraie 26 -  faire un état du travail à effectuer et de l'éventuelle commande à passer pour le bac de douche en mauvais état,45555,,,Vincent,,
T_P917,45567,Secrétariat général,Roseraie,Sanitaire,Roseraie 19 - Madame nous demande de passer car son WC est bouché,45567,,,Vincent,,
T_P921,45569,Secrétariat général,Roseraie,Sanitaire,Roseraie 19 : locataire remercie pour le changement WC mais constate un peu d'eau au bord de celui-ci (joint?),45569,2,1,Vincent,,
T_P929,45582,Secrétariat général,Roseraie,Entretien général,Roseraie 8 - Madame demande si c'est possible de l'aider à pousser 2 nouveaux meubles vides au bon endroit.Si possible le mardi 22/10 .,45582,1,2,Vincent,,
T_P933,45587,Secrétariat général,Roseraie,Peinture,Roseraie 19 - Madame demande si Vincent peut mettre de la peinture sur le tour du velux car il pourrit avec l'humidité,45587,,1,Vincent,,
T_P936,45595,Secrétariat général,Roseraie,Sanitaire,Roseraie 18 -Pomme de douche déjà réparé mais problème encore ,45595,1,1,Vincent,,
T_P941,45601,Secrétariat général,Roseraie,Menuiserie,Roseraie 17 - Madame ne sait plus fermer l'armoire de cuisine où se trouve la poubelle,45601,,1,Vincent,,
T_P943,45602,Secrétariat général,Roseraie,Entretien général,"Roseraie 8 - Madame nous informe que son four ne fonctionne plus, il ne s'allume pas. Madame nous dit qu'elle sera absente jeudi matin",45602,,,Vincent,,
T_P942,45602,Secrétariat général,Roseraie,Plomberie,Roseraie 19 - Madame demande un passage car la chasse d'eau coule,45602,,,Vincent,,
T_P944,45602,Secrétariat général,Roseraie,Chauffage,Roseraie 34 - Madame n'a plus de chauffage et un message d'erreur clignotte sur la chaudière (S22/04),45602,,,Vincent,,
T_P945,45602,Secrétariat général,Roseraie,Entretien général,Chemin du Bon Dieu 14 - Madame Joly demande si Vincent saurai passer l'aider pour le relevé du compteur de gaz,45602,,,Vincent,,
T_P953,45608,Secrétariat général,Roseraie,Entretien général,"ROSERAIE 24 - Madame demande s'il est possible de mettre un collant sur le coffret du compteur à gaz en attendant que ORES répare, car la serrure est cassée ",45608,,1,Vincent,,
T_P955,45609,Secrétariat général,Roseraie,Entretien général,Chemin du Bon Dieu 20 - Madame demande si Vincent peut l'aider pour le relevé de compteur gaz car elle n'a pas la clé pour l'ouvrir,45609,,,Vincent,,
T_P956,45609,Secrétariat général,Roseraie,Chauffage,Roseraie 35 - Madame ne sait pas augmenter la t° sur le nouveau thermostat- son infirmière a essayé mais n'y arrive pas non plus,45609,,,Vincent,,
T_P957,45610,Secrétariat général,Roseraie,Entretien général,ROSERAIE 29 - Madame demande s'il est possible de l'aider à ouvrir le coffret de gaz pour faire son relevé-madame n'a pas la clé,45610,,,Vincent,,
T_P960,45610,Secrétariat général,CPAS,Entretien général,Installer le tableau magnétique dans le bureau du Président,45610,,,Vincent,,
T_P959,45610,Secrétariat général,CPAS,Entretien général,"La porte automatique à l'entrée grince un peu,Si c'est possible de mettre un peu d'huile",45610,,,Vincent,,
T_P961,45615,Secrétariat général,Roseraie,Entretien général,"ROSERAIE 23 - Madame nous informe qu'il pleut dans sa chambre, Voir si infiltration d'eau au plafond?",45615,,,Vincent,,
T_P965,45621,Secrétariat général,Roseraie,Chauffage,ROSERAIE 39 - Madame Defrise dit qu'elle demande 23 degrés au thermostat mais que les radiateurs ne chauffent pas,45621,,,Vincent,,
T_P968,45623,Secrétariat général,Roseraie,Entretien général,"Chemin du Bon Dieu 22 - Madame a essayé de relever son compteur d'eau seule mais n'y arrive pas,Si possible de passer vérifier avec elle",45623,,,Vincent,,
T_P970,45624,Secrétariat général,Roseraie,Entretien général,Roseraie 9 - Madame demande si c'est possible de vérifier avec elle sa consommation sur son compteur de gaz car elle ne sait pas l'ouvrir seule,45624,,,Vincent,,
T_P973,45631,Secrétariat général,Roseraie,Entretien général,Chemin du Bon Dieu 22 - Madame demande s'il est possible de l'aider à remettre la prise de son fauteuil électrique qui s'est enlevée car il faut se mettre à genou et madame n'y arrive pas,45631,,,Vincent,,
T_P974,45635,Secrétariat général,Roseraie,Entretien général,ROSERAIE 20 - Madame demande un passage chez elle car il y a une tâche d'humidité dans les toilettes et a peur que ça provienne du toit,45635,,,Vincent,,
T_P975,45635,Secrétariat général,CPAS,Entretien général,Remonter plusieurs caisses de papier dans le bureau de Stéphanie Debeil et au 2ème étage près de la photocopieuse. Merci,45635,1,2,Vincent,,
T_P976,45636,Secrétariat général,Roseraie,Entretien général,Roseraie 28 - Madame demande s'il est possible de fixer le siège à l'avant de la maison(sur la façade),45636,,,Vincent,,
T_P978,45636,Secrétariat général,Roseraie,Entretien général,Chemin du Bon Dieu 28 - la cuisinière de Madame ne fonctionne plus du tout,45636,,,Vincent,,
T_P977,45636,Secrétariat général,Roseraie,Chauffage,"Chemin du Bon Dieu 18 - Madame nous informe que sa chaudière coule encore , il y a 10 à 15 cm d'eau dans son seau,",45636,,,Vincent,,
T_P979,45639,Secrétariat général,Roseraie,Jardin / extérieur,Roseraie 9 - Madame demande s'il est possible de ramasser les feuilles et les branches dans le jardin et sur la terrasse car elle ne sait pas y accéder,45639,,,Vincent,,
T_P980,45642,Secrétariat général,Roseraie,Chauffage,"ROSERAIE 25 - Madame nous informe que malgré qu'elle demande 22 degrés au thermostat, la température de la maison n'est toujours que de 18,5 degrés après 3h.",45642,,,Vincent,,
T_P981,45642,Secrétariat général,Roseraie,Chauffage,Roseraie 4 - Monsieur nous informe que le filtre à eau qui est raccordé à la chaudière coule et qu'il a difficilement de l'eau chaude à la cuisine,45642,,,Vincent,,
T_P985,45643,Secrétariat général,Roseraie,Entretien général,"Roseraie 20 - Madame nous informe qu'on lui a proposé de remettre en peinture la tache d'humidité dans le WC mais elle ne veut pas. Madame nous demande si il ne faudrait pas faire venir un couvreur, saurais-tu nous faire un retour et nous donner ton avis?",45643,,,Vincent,,
T_P986,45643,Secrétariat général,CPAS,Entretien général,Le lampadaire à la porte d'entrée ne s'allume plus(le capteur ne détecte pas les mouvements) car il y a de l'eau à l'intérieur,45643,,,Vincent,,
T_P991,45645,Secrétariat général,Roseraie,Entretien général,Roseraie 28 - Madame nous informe que la serrure de la porte d'entrée ressort fortement et se demande si il ne faudrait pas la changer,45645,,,Vincent,,
T_P990,45645,Secrétariat général,Roseraie,Entretien général,Roseraie 17 - Si possible évacuer l'ancienne poubelle qui est restée dehors ,45645,,,Vincent,,
T_P995,45646,Secrétariat général,Roseraie,Entretien général,Roseraie 28 - Madame nous informe que lors du placement de la nouvelle chaudière les chauffagistes ont abîmé le plafond de la chaufferie.,45646,,,Vincent,,
T_P993,45646,Secrétariat général,Roseraie,Entretien général,Roseraie 6 - le radiateur de l'entrée ne se coupe pas même si monsieur ferme la vanne,45646,,,Vincent,,
T_P992,45646,Secrétariat général,Roseraie,Entretien général,"Chemin du Bon dieu 24 - Tâches à effectuer suite à l'état des lieux de ce 19.12.24 : Nettoyage de la terrasse avant, tâche d'humidité au plafond du WC, la porte de la chaufferie frotte au sol,éclairage de la cuisine à changer, il n'y a plus de poubelle dans le meuble sous évier, la joue de la cuisine à droite a gonflé dans le bas avec l'eau et ne tient plus, refaire le joint autour des plaques électriques, changer les tubes éclairage de la Salle de Bain,le robinet d'eau chaude du lavabo ne s'ouvre pas ,décalcariser les filtres et robinetteries.",45646,,,Vincent,,
T_P994,45646,Secrétariat général,Roseraie,Chauffage,"Roseraie 15 - Plus de chauffage, la chaudière ne se met pas en route.",45646,,,Vincent,,
T_P998,45656,Secrétariat général,Roseraie,Entretien général,Roseraie 6 - Monsieur demande s'il est possible de passe car le cache du néon de la salle de bain se détache et tombe.,45656,,,Vincent,,
T_P999,45660,Secrétariat général,Roseraie,Sanitaire,"Roseraie 4 - monsieur demande une réparation du WC, Vincent nous dit qu'il faut le changer",45660,,,Vincent,,
T_P1000,45663,Secrétariat général,Roseraie,Entretien général,Roseraie 27- Madame nous informe que plusieurs ardoises se sont envolées avec la tempête,45663,,,Ouvriers_ADV,,
T_P1001,45663,Secrétariat général,Roseraie,Sanitaire,"Roseraie 31 - un nouveau bac de douche a été installé chez madame mais l'eau ne s'écoule pas et déborde du bac, Madame nous dit que parfois il faut 1 h pour que le bac se vide.",45663,,,Vincent,,
T_P1004,45664,Secrétariat général,Roseraie,Plomberie,"ROSERAIE 6 - Monsieur nous dit que depuis le changement de cartouche, le robinet ne fonctionne plus bien. Monsieur veut que ce soit Vincent qui passe voir chez lui.",45664,,,Vincent,,
T_P1002,45664,Secrétariat général,Roseraie,Chauffage,ROSERAIE 9 - Madame ne sait plus augmenter la température au thermostat.,45664,,,Vincent,,
T_P1003,45664,Secrétariat général,Roseraie,Entretien général,"ROSERAIE 39 - La serrure de la boîte aux lettres est cassée , du coup elle reste ouverte ,le facteur a prévenu madame de mettre en ordre sa boîte et lui a déposé son courrier en main propre",45664,,,Vincent,,
T_P1007,45665,Secrétariat général,Roseraie,Plomberie,"Roseraie 37- Madame nous demande un passage car suite au changement de la cartouche pour le calcaire, le tuyau coule. ",45665,,,Vincent,,
T_P1008,45666,Secrétariat général,Roseraie,Entretien général,Roseraie 27 - Changer la pile de la sonnette de l'entrée car elle ne fonctionne plus,45666,,,Vincent,,
T_P1011,45670,Secrétariat général,Roseraie,Entretien général,Roseraie 12- Il y a une tâche d'humidité sur le plafond du WC et des gouttes coulent le long du mur,45670,,,Vincent,,
T_P1015,45671,Secrétariat général,Roseraie,Chauffage,"Roseraie 27 - La température dans la maison n'augmente pas malgré que madame a demandé 23 degrés au thermostat? Elle a toujours 19,5 °.",45671,,,Ouvriers_ADV,,
T_P1017,45678,Secrétariat général,Roseraie,Electricité,"Roseraie 29 - Changer le tube de l'éclairage de la salle de bain car il ne fonctionne plus, madame est disponible uniquement ce jeudi 23/01 ",45678,,,Vincent,,
T_P1018,45678,Secrétariat général,Roseraie,Plomberie,"Roseraie 37 - Fuite d'eau dans le local chaufferie et robinet d'eau chaude coule dans la sdb, madame a dû mettre un seau",45678,,,Vincent,,
T_P1021,45681,Secrétariat général,Roseraie,Entretien général,"ROSERAIE 2 : lorsque vous rafraîchirez la maison, laisser les rideaux et le petit meuble de la salle de bain au cas où les nouveaux locataires voudront les conserver",45681,,1,Vincent,Ouvriers_ADV,
T_P1022,45684,Secrétariat général,Roseraie,Entretien général,"Roseraie 22 - Madame ne sait plus ouvrir sa porte d'entrée; la serrure coince. Et une plaque du plafond de l'entrée se désintègre, madame a retrouvé des déchets de plafonnage au sol et un morceau de plaque était tombé",45684,,,Vincent,,
T_P1024,45688,Secrétariat général,Roseraie,Entretien général,"Etat des lieux de sortie : Roseraie  2 - Repeindre les murs et les plafonds de la maison, changer WC et lunette, repeindre les portes intérieures, refaire le joint de la taque et evier de cuisine, il n'y a pas de bouchons pour l'évier de cuisine, robinet du lavabo ne fonctionne pas, luminaire de terrasse ne s'allume pas, changer vinyle chambre,évacuer l'ancien siège resté dans la chaufferie, ne pas jeter les rideaux, les stores et les tentures au cas où le nouvau locataire voudrait les récupérer, les pots de fleurs à l'avant et à l'arrière de la maison seront récupéré ces jours-ci par le fils de madame.",45688,,,Ouvriers_ADV,Vincent,
T_P1025,45691,Secrétariat général,Roseraie,Chauffage,Roseraie 11- madame nous dit que de l'eau coule de la chaudière ou d'un tuyau,45691,,,Vincent,,
T_P1026,45691,Secrétariat général,Roseraie,Electricité,Roseraie 16 - Le néon de la pièce principale clignote sans arrêt,45691,,,Vincent,,
T_P1027,45691,Secrétariat général,Roseraie,Menuiserie,Roseraie 34 - Madame ne sait pas fermer sa porte d'entrée,45691,,,Vincent,,
T_P1028,45692,Secrétariat général,Roseraie,Sanitaire,Roseraie 14 - Madame nous informe que la chasse d'eau coule et a peur de consommer trop d'eau,45692,,,Vincent,,
T_P1034,45699,Secrétariat général,CPAS,Marchandises magasin,Commande Van Marcke pour le stock de la Roseraie livrée au CPAS. A ranger à la cave? À l'Arbre de Vie?,45699,1,2,Vincent,,
T_P1036,45699,Secrétariat général,CPAS,Sanitaire,Toilette bouchée dans les WC Hommes - 1er étage CPAS,45699,1,1,Vincent,,
T_P1038,45701,Secrétariat général,Roseraie,Entretien général,Roseraie 16 - Le rideau de la porte d'entrée est tombé et madame ne sait pas monter pour le remettre,45701,,,Ouvriers_ADV,,
T_P1041,45705,Secrétariat général,Roseraie,Chauffage,Roseraie 7 - Madame nous informe que de l'eau coule de la chaudière,45705,,,Vincent,,
T_P1042,45705,Secrétariat général,Roseraie,Chauffage,"Roseraie 27 - Madame nous informe que la cheminée fume beaucoup, elle se demande si c'est normal et elle a peur pour sa consommation car SBA avait augmenté la température de l'eau à la chaudière à 75° pour l'eau chaude.",45705,,,Vincent,,
T_P1043,45706,Secrétariat général,Roseraie,Sanitaire,Roseraie 1 - Tuyauterie coule au niveau de la chasse d'eau,45706,,,Vincent,,
T_P1045,45706,Secrétariat général,CPAS,Entretien général,Monter des caisses de papier A4 au 2ème étage + monter 2 caisses dans le bureau de Steve,45706,1,1,Vincent,,
T_P1059,45722,Secrétariat général,Roseraie,Entretien général,Roseraie 7 - La sonnette de la porte d'entrée ne fonctionne plus,45722,,,Vincent,,
T_P1061,45727,Secrétariat général,Roseraie,Plomberie,Roseraie 7 - Madame a une fuite d'eau sous l'évier de la cuisine,45727,,,Vincent,,
T_P1064,45727,Secrétariat général,Roseraie,Entretien général,Roseraie 22 - le tube de l'éclairage de la sdb ne fonctionne plus,45727,,,Vincent,,
T_P1068,45733,Secrétariat général,Roseraie,Chauffage,Chemin du Bon Dieu n°28 - Panne de chauffage,45733,,,Vincent,,
T_P1071,45735,Secrétariat général,Roseraie,Electricité,Roseraie 16 -Changer ampoule dans le WC car ne fonctionne plus,45735,,,Vincent,,
T_P1077,45736,Secrétariat général,CPAS,Entretien général,Déplacer mobilier au secrétariat 2ème étage,45736,2,2,Vincent,,
T_P1078,45736,Secrétariat général,Roseraie,Jardin / extérieur,"Roseraie 29- Madame nous informe que 2 fils pour étendre son linge à l'extérieur sont cassés, si possible de lui remplacer",45736,,,Vincent,,
T_P1079,45737,Secrétariat général,Roseraie,Entretien général,"Etat des lieux de sortie Roseraie 39 - Repeindre toute la maison: plafonds,murs ,portes intérieures et radiateurs.En façade,repeindrela planche de rive avec une peinture bois pour extérieur.Nettoyer le cache néon du débarras ,du hall et de la terrasse.Chambre: réparation du plafonnage car abîmé lors de la pose de la chaudière + voir si il faut changer le vinyl. Cuisine : Meuble sous évier en mauvais état, changer la poubelle, taque à récurer voir si encore ok, faïence murale gondolée à 1 endroit (se décolle), Joint évier /taque à refaire, voir pour le bruit de la hotte, joue externe ne tient plus. Salle de bain: changer pomme de douche, flexible de douche, voir si on peut récupérer  le lavabo et les joints de la douche avec un produit nettoyant plus mordant (joints noirs humidité)",45737,,,Vincent,,
T_P901,45903,Secrétariat général,Roseraie,Sanitaire,ROSERAIE 31- Aller voir en avril : Madame demande de voir pour les dalles de son jardin car elles bougent et ne sont pas stables,45748,,1,Vincent,,
T_P1083,45748,Secrétariat général,Roseraie,Chauffage,Roseraie 1 - Madame n'a plus ni de chauffage ni d'eau chaude. Le code erreur noté sur la chaudière est : S22,45748,,,Vincent,,
T_P1085,45754,Secrétariat général,Roseraie,Chauffage,"Roseraie- Chemin du Bon Dieu 20 , Madame nous informe que son chauffage ne s'allume pas.",45754,,,Vincent,,
T_P1087,45756,Secrétariat général,CPAS,Entretien général,Vider l'ancien local de la chaudière et le vestiaire pour pouvoir le remettre en ordre rapidement,45756,,,Vincent,,
T_P1091,45764,Secrétariat général,CPAS,Entretien général,Remonter 3 caisses de papier A4 au 2ème étage chaque lundi et informer le secrétariat du stock restant,45764,,,Vincent,,
T_P1095,45769,Secrétariat général,CPAS,Entretien général,"Tourniquet pour fardes du bureau du secrétariat à déplacer dans le bureau d'Hélène et jeter l'ancien qui est cassé,",45769,,,Vincent,,
T_P1096,45770,Secrétariat général,Roseraie,Plomberie,"Roseraie 22 - Tuyauterie sous évier coule un peu, le plastique est defectueux (voir si à changer)",45770,,,Vincent,,
T_P1098,45771,Secrétariat général,Roseraie,Jardin / extérieur,"Chemin du Bon Dieu 18 - 2 ardoises du mur de façade sont tombées, si possible les remettre, elles sont placées près du petit siège fixe.",45771,,,Vincent,,
T_P1101,45775,Secrétariat général,Roseraie,Sanitaire,Roseraie 19 - Lavabo salle de bain qui bouge + déchets qui tombent du plafond de la chaufferie ,45775,1,1,Vincent,,
T_P1099,45772,Secrétariat général,Roseraie,Entretien général,"Roseraie 39 : suite à l'état des lieux entrant, mettre des ampoules dans le living, la clé de la porte arrière est manquante (deux trousseaux porte d'entrée), porte du placard de la chambre ne tient pas",45776,1,2,Vincent,,
T_P1097,45771,Secrétariat général,CPAS,Marchandises magasin,Livraison d'une palette de papier au CPAS,45777,1,2,Vincent,,
T_P1084,45750,Secrétariat général,CPAS,Entretien général,Accrocher un tableau au mur dans le bureau du Président à sa demande. (demander à Laura pour endroit où le poser),45782,,,Vincent,,
T_P1104,45782,Secrétariat général,Roseraie,Entretien général,Roseraie 27 - Madame nous informe d'une odeur d'égoûts désagréable et demande si Vincent pourrait aller nettoyer au karcher comme déjà fait auparavant,45782,,,Vincent,,
T_P1108,45785,Secrétariat général,Roseraie,Entretien général,Roseraie n°34 - Madame nous informe que la sonnette de la porte d'entrée ne fonctionne plus et demande de la remplacer,45785,,,Vincent,,
T_P1109,45786,Secrétariat général,Roseraie,Entretien général,Roseraie 19 - Madame nous informe que 2 dalles de terrasse à l'avant de la maison se soulèvent et madame a peur de tomber ,45786,,,Vincent,,
T_P1112,45791,Secrétariat général,Roseraie,Entretien général,Roseraie 19 - le joint de la tâque électrique est à remplacer  si possible ce vendredi 16/05,45791,,,Vincent,,
T_P1114,45796,Secrétariat général,Roseraie,Entretien général,Roseraie 27 : agrandir la terrasse existante avec des dalles identiques (sans compliquer l'entretien des pelouses) ,45796,1,2,Vincent,,
T_P1116,45797,Secrétariat général,Roseraie,Entretien général,Roseraie 37 - Madame nous informe que le sterput sur la terrasse est bouché et l'eau s'écoule très lentement. Si possible déboucher car si il pleut ça va déborder,45797,,,Vincent,,
T_P1120,45799,Secrétariat général,Roseraie,Entretien général,ROSERAIE 27 - La nouvelle sonnette qui a été installée ne fonctionne pas bien car par moment elle ne sonne pas. Aller voir pour la régler,45799,,,Vincent,,
T_P1122,45803,Secrétariat général,Roseraie,Entretien général,Roseraie 17 - Remettre les tuiles sur le côté débarras,45803,,,Vincent,,
T_P1123,45803,Secrétariat général,Roseraie,Entretien général,Roseraie 16 - Lavabo de la salle de bain ne s'évacue pas bien et la chasse d'eau du WC coule dû au calcaire,45803,,,Vincent,,
T_P1126,45804,Secrétariat général,Roseraie,Entretien général,Roseraie 14 - Tâche d'humidité dans le WC qui vient peut- être du toit ou de la chaudière + carrelage de sdb qui ne tient pas et risque de tomber,45804,,,Vincent,,
T_P1129,45804,Secrétariat général,CPAS,Sanitaire,Evier WC femme 2ème étage : l'eau semble s'évacuer plus difficilement que d'habitude,45804,1,1,Vincent,,
T_P1128,45804,Secrétariat général,Roseraie,Plomberie,Roseraie 19 - Madame à installé une nouvelle machine à laver mais le robinet d'arrivée d'eau coule et madame a dû fermer les vannes et donc n'a plus de chauffage,45804,,,Vincent,,
T_P1125,45804,Secrétariat général,Roseraie,Plomberie,Roseraie 16 - Changer le mitigeur du lavabo,45804,,,Vincent,,
T_P1137,45818,Secrétariat général,Roseraie,Entretien général,"Chemin du Bon Dieu 14 - Etagères à l'intérieur du placard de la chambre sont tombées + Eau remonte à l'évier de la cuisine quand il pleut, si possible nettoyer le sterput",45818,,,Vincent,,
T_P1136,45818,Secrétariat général,Roseraie,Chauffage,Roseraie 19 - Madame a fait une mauvaise manipulation en voulant allumer le thermostat et ne sait plus baisser la température,45818,,,Vincent,,
T_P1141,45827,Secrétariat général,Roseraie,Entretien général,Chemin du Bon Dieu 22 - Aider madame a remettre 2 lames de stores qui sont tombées ,45827,,,Vincent,,
T_P1144,45831,Secrétariat général,Roseraie,Entretien général,Inspecter si le travail de tonte de La Renouée a bien été effectué et faire un compte rendu à Hélène,45831,,,Vincent,,
T_P1146,45831,Secrétariat général,Roseraie,Sanitaire,"Roseraie 28 - Madame nous informe que son bac de douche   a des éclats et que le joint a sauté, aller voir pour estimer si le bac doit être changé et faire un compte rendu à Hélène  car c'est un chantier a planifier",45831,,,Vincent,,
T_P1145,45831,Secrétariat général,Roseraie,Entretien général,"Vérifier le matin si des déchets ne sont pas à ramasser à l'entrée du Domaine (parking, près de l'arbre)",45831,,,Vincent,,
T_P1148,45834,Secrétariat général,Roseraie,Entretien général,Roseraie 14 - Madame nous informe que la porte coulissante à l'entrée est difficile à ouvrir apparemment elle bloque,45834,,,Vincent,,
T_P1149,45835,Secrétariat général,Roseraie,Entretien général,"Roseraie 27- Madame a acheté des meubles et un frigo à la dame qui quitte le logement du 18, si possible les déplacer d'une maison à l'autre, madame uniquement présente le matin  ",45835,,,Vincent,,
T_P1151,45838,Secrétariat général,CPAS,Electricité,La lampe des toilettes homme au deuxième étage ne s'éteint pas,45838,,,Vincent,,
T_P1158,45847,Secrétariat général,Roseraie,Sanitaire,"Roseraie 14 - La barre du pommeau de douche est tombée, aller voir pour refixer",45847,,,Vincent,,
T_P1168,45874,Secrétariat général,Roseraie,Entretien général,Chemin du Bon Dieu 18 - Madame demande si'il est possible de l'aider pour jeter 2 télévisions et 1 chaise au parc à container ,45874,,,Vincent,,
T_P1170,45876,Secrétariat général,Roseraie,Electricité,"Roseraie 29 - Le tube de la lampe de la salle à manger ne fonctionne plus, Madame en a acheté 1 si c'est possible  aller lui remplacer ",45876,,,Vincent,,
T_P1171,45876,Secrétariat général,CPAS,Entretien général,Couloir 2ème étage : vanne thermostatique à replacer sur un des radiateurs (elle se trouve près du radiateur),45876,1,1,Vincent,,
T_P1174,45880,Secrétariat général,CPAS,Menuiserie,"Roseraie 6 - une planche de l'encadrement extérieur du châssis de la baie vitrée avant se détache et menace de tomber,",45880,,,Vincent,,
T_P1173,45880,Secrétariat général,Roseraie,Menuiserie,"Baie vitrée de l'avant s'ouvre et se ferme difficilement,",45880,,,Vincent,,
T_P1179,45887,Secrétariat général,Roseraie,Entretien général, Roseraie 27 - Madame a racheté les rideaux de la maison du Numéro 18 qui se libère  et demande si c'est possible de les installer chez elle après l'état des lieux sortant.,45887,,,Vincent,,
T_P1180,45887,Secrétariat général,Roseraie,Entretien général,Roseraie 18 - changer le barrilet du bas de la porte d'entrée et rendre l'ancien à Madame Gosselin ,45887,,,Vincent,,
T_P1181,45890,Secrétariat général,Roseraie,Entretien général,"ETAT DES LIEUX SORTIE ROSERAIE 18- Robinet de service du débarras à changer car coule, repeindre le velux, Caches néons à nettoyer dans toutes les pièces, repeindre les murs,  les plafonds et les radiateurs, changer WC + lunette, baie vitrée avant difficile à ouvrir, enlever les 2 anciens tuyaux de chauffage qui sont dans le living, remplacer la poubelle, refaire joint cuisine,remplacer les prises dans la cuisine, remplacer la barre du rideau de douche, recoller ou remplacer carrelage assise de douche + voir carrelage mural, Voir avec Hélène pour le frigo (si commander)",45890,,,Vincent,,
T_P1186,45897,Secrétariat général,Roseraie,Entretien général,Chemin du Bon Dieu 18 - Madame nous informe que son detecteur de fumée à l'entrée ne fonctionne plus. Madame dit qu'il est cassé,45897,,,Vincent,,
T_P1187,45898,Secrétariat général,Roseraie,Chauffage,"Roseraie 6 - Eau arrive trop chaude au robinets, diminuer la température à la chaudière",45898,,,Vincent,,
T_P1189,45901,Secrétariat général,Roseraie,Entretien général,"Roseraie 14 - suite au travaux de la Salle de bain, remettre en peinture le mur au dessus des carrelages et les contours de la porte coulissante ",45901,,,Vincent,,
T_P1188,45901,Secrétariat général,Roseraie,Jardin / extérieur,"Roseraie 11- Madame nous informe qu'un cache en alu tombe de la toiture dans la gouttière,",45901,,,Vincent,,
T_P1192,45903,Secrétariat général,Roseraie,Entretien général,"Monsieur nous informe que les boutons de la taque électrique sont cassés, le joint du four est décollé et le velux du débarras est difficile à ouvrir",45903,,,Vincent,,
T_P1193,45908,Secrétariat général,CPAS,Entretien général,WC près de la cuisine : lunette cassée,45908,1,2,Vincent,,
T_P1195,45911,Secrétariat général,Roseraie,Electricité,"Chemin du Bon Dieu 24 - La tâque électrique reste allumée même le bouton éteint, Madame est obligée de couper le fusible pour que ça refroidisse",45911,,,Vincent,,
T_P1197,45917,Secrétariat général,CPAS,Entretien général,Changer néon bureau Stéphanie M. et Julie F.,45917,,,Vincent,,
T_P1198,45917,Secrétariat général,CPAS,Entretien général,Déboucher évier toilettes des dames 2 ème étage,45917,,,Vincent,,
T_P1205,45925,Secrétariat général,Roseraie,Plomberie,Roseraie 17 - WC bouché,45925,,,Vincent,,
T_P1209,45926,Secrétariat général,Roseraie,Entretien général,Chemin du Bon Dieu 14 - Madame demande si c'est possible de l'aider à placer une barre de rideau pour la porte d'entrée,45926,,,Vincent,,
T_P1212,45931,Secrétariat général,Roseraie,Entretien général,"Roseraie 18 - Quand la cuisine est posée, prévenir Hélène et Laura ou Sophie pour venir voir pour la crédence",45931,,,Vincent,,
T_P1213,45931,Secrétariat général,Roseraie,Entretien général,Chemin du Bon Dieu 22 - Porte du dressing de Madame est sortie du rail. Madame ne sait pas la soulever car ce sont des grandes portes,45931,,,Vincent,,
T_P1211,45931,Secrétariat général,Roseraie,Plomberie,Roseraie 24 - Colonne de douche et robinet coule ,45931,,,Vincent,,
T_P1219,45933,Secrétariat général,Roseraie,Entretien général,Roseraie 27 - Aller voir chez madame si le four et la taque sont à changer (suivant l'état). Madame nous informe que Ian lui avait dit qu'on lui changerait,45933,,,Vincent,,
T_P1221,45936,Secrétariat général,Roseraie,Entretien général,"Roseraie 12 - Mitigeur sdb difficile à ouvrir, voir si changer",45936,,,Vincent,,
T_P1220,45936,Secrétariat général,Roseraie,Entretien général,"Roseraie 24 - Madame nous informe qu'elle a une infiltration dans son hall d'entrée, merci de voir ce qu'il en est et de faire un retour à Hélène",45936,,,Vincent,,
T_P1227,45951,Secrétariat général,Roseraie,Jardin / extérieur,Roseraie 20 - Madame demande de couper le petit sapin qui se trouve près de la terrasse,45951,,,Vincent,,
T_P1228,45951,Secrétariat général,Roseraie,Entretien général,Roseraie 27- 2 tuiles se soulèvent et madame a peur d'une infiltration,45951,,,Vincent,,
T_P1232,45958,Secrétariat général,Roseraie,Chauffage,"Après le passage de Ian pour vérification des chaudières, il est demandé:- Augmenter la température de l'eau de chauffage (radiateurs) à 70 - 75 °C
- Augmenter la température de l'eau chaude sanitaire (ECS) à 65°C
- Vérifier la consigne de température ambiante demandée;
- Vérifier dans tous les cas, que la vanne thermostatique dans le coin salon soit ouverte sur 5 (à fond), afin de laisser le thermostat agir.
Les changements ont déjà été effectués pour les maisons suivantes:Roseraie  n°1 , N° 9, N°28, N°35",45958,,,Vincent,,
T_P1233,45960,Secrétariat général,ILA,Entretien général,Charles Dupuis 114/3 : prendre un matelas et un four micro ondes et l'apporter rue de Patûrages 34 ( voir Alexandre),45960,,,Vincent,,
T_P1235,45967,Secrétariat général,Roseraie,Plomberie,"Roseraie 9  - Evier de la cuisine bouché, madame est présente aujourd'hui ou demain après 10h",45967,,,Vincent,,
T_P1237,45971,Secrétariat général,Roseraie,Chauffage,Chemin du bon Dieu 18 - Madame n'a pas de chauffage,45971,,,Vincent,,
T_P1238,45973,Secrétariat général,Roseraie,Electricité,"Chemin du Bon Dieu 28 - Madame demande de changer un néon, Hélène a prévenu madame que l'achat du néon sera à sa charge",45973,,,Vincent,,
T_P1239,45974,Secrétariat général,Roseraie,Entretien général,Roseraie 34 - Madame nous informe que sa planche de WC est cassée (voir si il faut changer),45974,,,Vincent,,
T_P1242,45978,Secrétariat général,Roseraie,Entretien général,"Roseraie 6 - Monsieur pense à une fuite sur le toit car gouttes d'eau dans la chaufferie, aller voir si ça ne vient pas de la chaudière",45978,,,Vincent,,
T_P1243,45978,Secrétariat général,Roseraie,Entretien général,Roseraie 18 - Madame demande s'il est possible de l'aider à mettre ses barres de tentures pour son emménagement ,45978,,,Vincent,,
T_P1247,45981,Secrétariat général,Roseraie,Entretien général,Chemin du Bon Dieu 22 - Madame s'est rattrapée à une barre fixée sur le mur car elle a fait une chute. Si possible de lui refixer,45981,,,Vincent,,
T_P1255,45999,Secrétariat général,Roseraie,Plomberie,Roseraie 30 - Evier de la cuisine bouché,45999,,,Vincent,,
T_P1254,45999,Secrétariat général,Roseraie,Plomberie,Roseraie 23- Problème au WC plus d'eau ,45999,,,Vincent,,
T_P1257,46000,Secrétariat général,Roseraie,Entretien général,Roseraie n°22 - Madame nous informe qu'elle a de l'humidité sur le plafond du WC mais elle a peut car autour de la lampe c'est tout tâché,46000,,,Vincent,,
T_P1258,46002,Secrétariat général,Roseraie,Electricité,Chemin du Bon Dieu 28 - remplacer néon cuisine (attention sera facturé à madame),46002,,,Vincent,,
T_P1267,46002,Secrétariat général,Roseraie,Entretien général,Roseraie n°17 - Madame nous informe que la châsse du wc se bloque et coule,46002,,1,Vincent,Vincent,
T_P693,45197,Sophie Paternoster,Roseraie,Jardin / extérieur,Aller voir pour taille Hortension Roseraie n° 24,45197,,1,Vincent,,
T_P689,45189,Sophie Paternoster,Roseraie,Entretien général,"Chemin du Bon Dieu 24 - Mme Hupez Nadine - plusieurs problèmes (lumières, évacuation, serrure)",45197,,1,Vincent,,
T_P695,45198,Sophie Paternoster,Roseraie,Entretien général,"Domaine de la Roseraie, 7 - problème de porte et de siphon",45198,,1,Vincent,,
T_P712,45223,Sophie Paternoster,Roseraie,Chauffage,"Vérifier problèmes écoulement des eaux (condensat/soupape de sécurité) Roseraie 1, 10, 13 et 16",45223,,1,Vincent,,
T_P711,45223,Sophie Paternoster,Roseraie,Chauffage,"Vérifier les températures d'eau chaudière trop élevées (Roseraie 3, 6, 13, 14, 16 et 27)",45223,,1,Vincent,,
T_P713,45230,Sophie Paternoster,CPAS,Marchandises magasin,Retrait de la commande de Elodie Martin chez Ramaut (BC 895),45233,1,1,Vincent,,
T_P726,45258,Sophie Paternoster,CPAS,Entretien général,Ramener tous les articles présents dans l'armoire à la cave dans le bureau de Sophie et jeter l'armoire,45258,,2,Vincent,,
T_P760,45320,Sophie Paternoster,Roseraie,Jardin / extérieur,Aller voir au bout de l'allée du numéro 14 de la Roseraie (Mme Liénard) car il y a un trou au niveau de la taque d'égout qui a été fait au moment du passage de la fibre,45320,1,1,Vincent,,
T_P763,45322,Sophie Paternoster,CPAS,Entretien général,RV Defibrion le jeudi 1er février à 12h30 au CPAS pour entretien défibrillateur,45322,30 minutes,1,Vincent,,
T_P773,45336,Sophie Paternoster,Roseraie,Chauffage,Roseraie 19 - Mr Alain Lejeune - le chauffage dans la chambre ne s'éteint plus,45336,1,3,Vincent,,
T_P774,45336,Sophie Paternoster,CPAS,Entretien général,RV Entretien système incendie le 1er mars 2024 à 8h00 (Vanlofeld),45352,1,1,Vincent,,
T_P779,45357,Sophie Paternoster,Roseraie,Electricité,Aller voir Roseraie 8 (différentiel déclenche de temps en temps),45357,1,1,Ouvriers_ADV,,
T_P780,45357,Sophie Paternoster,CPAS,Entretien général,Installer distributeur papier dans bureau Président (le distributeur est dans le bureau de Stéphanie),45357,1,2,Vincent,,
T_P794,45377,Sophie Paternoster,CPAS,Entretien général,25/04 à 14h40 RV Defibrion pour entretien défibrillateur,45377,0.5,1,Vincent,,
T_P802,45394,Sophie Paternoster,CPAS,Marchandises magasin,Réception de la livraison de papier Lyreco (1 palette),45399,1,2,Vincent,,
T_P804,45399,Sophie Paternoster,Magasin,Marchandises magasin,Aller chercher commande chez Hubo (voir Ronald),45399,1,2,Vincent,,
T_P811,45405,Sophie Paternoster,CPAS,Entretien général,"Installer les panneaux de liège dans le bureau ""Miriam"" - Elodie Martin",45405,2,2,Vincent,,
T_P812,45405,Sophie Paternoster,Magasin,Marchandises magasin,Venir chercher le bon de commande au bureau du service étrangers et aller chercher les 2 armoires à chaussures à Weba pour les installer à la rue Charles Dupuis 114/1,45405,2,2,Vincent,,
T_P814,45405,Sophie Paternoster,Magasin,Entretien général,"Déposer assise Roseraie pour devis chez Mahieu Sablage Peinture à 7110 Strépy-Bracquegnies rue Arthur Virendeel, 12 (dans le zoning de Strépy) - heures d'ouverture 8h-17h",45405,1,1,Vincent,,
T_P815,45405,Sophie Paternoster,CPAS,Entretien général,Aller voir Stéphanie pour le problème des canalisations bouchées à la rue C. Dupuis (lui expliquer la situation),45405,0.5,1,Vincent,,
T_P818,45411,Sophie Paternoster,Roseraie,Electricité,Roseraie 39 : luminaire chambre problème (relais?) - aller voir sur place URGENT,45411,1,1,Ouvriers_ADV,,
T_P820,45412,Sophie Paternoster,Magasin,Marchandises magasin,Commande Rexel faite par Ronald (prises et fiches) prête à aller chercher en magasin,45412,1,1,Ouvriers_ADV,,
T_P824,45420,Sophie Paternoster,CPAS,Entretien général,Distributeur de papiers au WC Hommes du 2ème est tombé du mur (avec clé coincée dedans) + distributeur de savon WC femmes du 2ème (piles à remplacer),45420,1,2,Vincent,,
T_P826,45427,Sophie Paternoster,Roseraie,Chauffage,"Bon Dieu 20 (Gilbert Josette) - SBA chauffage a fait l'entretien de la chaudière et apparemment, le thermostat ne fonctionne plus. Aller voir et faire un retour pour voir si SBA doit intervenir. Merci",45427,1,1,Vincent,,
T_P829,45435,Sophie Paternoster,CPAS,Entretien général,"Cave Rue jules Destrée : ranger, nettoyer. Des armoires sont présentes pour le rangement (à monter) - voir Hélène",45435,7,2,Vincent,,
T_P832,45440,Sophie Paternoster,Roseraie,Chauffage,Roseraie 22 : l'entreprise Bouvé a fait l'entretien de la chaudière et signale qu'il faut remplacer la V3V et le moteur. Aller voir si le problème nécessiste une intervention urgente ou bien si on peut attendre le remplacement de la chaudière (octobre 2024). Vérifier si l'eau et le chauffage fonctionne quand même. Merci,45440,1,2,Vincent,,
T_P834,45441,Sophie Paternoster,Magasin,Marchandises magasin,Retrait commande Ikea au Click and Collect (BC 480) et donner à Alexandre (ILA),45441,1,2,Vincent,,
T_P841,45453,Sophie Paternoster,Roseraie,Electricité,Roseraie 21 : dysfonctionnement taque électrique (les plombs sautent). Tél à Mme Maréchal (aide familiale de Mme Théâtre) : 0477/95.16.30,45453,1,1,Vincent,,
T_P843,45453,Sophie Paternoster,CPAS,Entretien général,"La porte d'entrée ne se ferme presque plus. Voir quel est le problème. Si besoin d'un travail électricité, voir avec Ronald",45453,1,2,Vincent,,
T_P842,45453,Sophie Paternoster,CPAS,Entretien général,Descendre la chaise de bureau (bureau Sophie marchés publics),45453,1,1,Vincent,,
T_P845,45460,Sophie Paternoster,CPAS,Entretien général,Fixer deux rangements muraux dans le bureau d'Hélène,45460,1,1,Vincent,,
T_P846,45460,Sophie Paternoster,CPAS,Entretien général,Aller voir Stéphanie pour faire état d'avancement des travaux dans les ILA (travaux urgents car remarques Fedasil) - aller la voir ce mercredi 19 juin si possible,45462,1,1,Vincent,,
T_P853,45467,Sophie Paternoster,Roseraie,Jardin / extérieur,Intervention de Sicli pour la garniture de la borne de la Roseraie le 1er juillet. Le technicien va appeler avant,45467,1,1,Vincent,,
T_P852,45467,Sophie Paternoster,CPAS,Entretien général,Intervention de All Access Services pour porte automatique entre 8h et 15h30,45475,1,1,Vincent,,
T_P870,45477,Sophie Paternoster,CPAS,Entretien général,Monter les 11 ventilateurs qui sont à l'accueil (voir Maxime) chez Stéphanie Debeil qui va dispatcher,45477,1,2,Vincent,,
T_P863,45474,Sophie Paternoster,Magasin,Parc voitures,RV pour le taxi social à 8h30 chez VW à Cuesmes - Aller chercher le chauffeur qui aura déposé la voiture sur place,45478,1,1,Vincent,,
T_P879,45485,Sophie Paternoster,Magasin,Marchandises magasin,Aller chercher le destructeur de documents chez Bureau Vallée à Mons (voir Bon de commande chez Sophie),45485,1,1,Vincent,,
T_P878,45485,Sophie Paternoster,Roseraie,Chauffage,"Roseraie 27 : SBA Chauffage est venu remplacer le ventilateur de la chaudière mais a constaté que le moteur de la V3V a été enlevé. Mme a de l'eau chaude mais sans le moteur, elle n'aura pas de chauffage. Aller voir pour remettre le moteur",45485,1,2,Vincent,,
T_P884,45491,Sophie Paternoster,CPAS,Sanitaire,Thomas a constaté ce mercredi que les toilettes des dames étaient bouchées au 2ème étage. Laura a vérifié ce jeudi mais elles n'ont pas l'air bouchées. Peux-tu aller vérifier? Merci,45491,1,1,Vincent,,
T_P887,45502,Sophie Paternoster,CPAS,Entretien général,Monter (construire) le ventilateur dans le bureau du Président (voir boîte près du bureau),45502,0.5,1,Vincent,,
T_P897,45531,Sophie Paternoster,CPAS,Entretien général,Transporter les packs d'eau qui se trouvent à l'entrée personnel jusque la cuisine ,45531,1,2,Vincent,,
T_P898,45532,Sophie Paternoster,Magasin,Entretien général,Aller chercher 3 bacs au magasin pour les porter chez Véro (pour rentrer le bois). Voir avec Véro où ils doivent être déposés,45532,2,2,Vincent,,
T_P913,45559,Sophie Paternoster,CPAS,Electricité,Remplacer le néon qui clignote dans le bureau de la Directrice générale,45559,1,1,Vincent,,
T_P915,45560,Sophie Paternoster,Magasin,Marchandises magasin,"Ce lundi 30 septembre, se rendre chez Electro Dépôt chercher une cuisinière, un micro-ondes et un réfrigérateur (bon de commande chez Maxime Liberda ou Alexandre)",45565,2,1,Vincent,,
T_P914,45560,Sophie Paternoster,ILA,Entretien général,"Mardi 1er octobre à 9h - se rendre à la rue Courbelette n° 11 à Quaregnon pour dévisser une boîte à clé (prendre foreuse/dévisseuse) et ensuite, réinstaller la boîte à clé au logement de transit rue de Pâturages 34 (Maxime Liberda sera présent) - voir avec Jade Marella Si question",45566,1,2,Vincent,,
T_P918,45568,Sophie Paternoster,CPAS,Sanitaire,Toilettes bouchées au 1er étage du CPAS,45568,1,1,Vincent,,
T_P920,45569,Sophie Paternoster,Roseraie,Entretien général,"Chemin du Bon Dieu 28 :  vitre cassée. Le remplacement par la miroiterie montoise prend plus de temps que prévu. Voir pour aller réajuster la planche pour qu'elle s'emboîte mieux et ainsi éviter le passage de l'air frais. Aller sur place avec une scie sauteuse + mettre un tape tout autour pour ""isoler"". Voir Jan Callemeyn pour plus d'infos si besoin",45569,2,2,Vincent,,
T_P916,45566,Sophie Paternoster,ILA,Entretien général,"Le 7 octobre 2024, aller à la Rue Jean Menin pour aider Maxime Liberda à réceptionner la livraison de meubles et le montage de ceux-ci. Voir Maxime si besoin",45572,4,2,Vincent,,
T_P924,45572,Sophie Paternoster,ILA,Electricité,"Ce jeudi 10 octobre, se rendre à 10h chez Ikea chercher la commande de matelas et de luminaires (les bons de commande sont sur le bureau de Maxime Liberda) et les emmener à la Rue J. Menin. Puis installer les luminaires (prendre les clés ou voir avec Maxime s'il est sur place)",45572,3,2,Vincent,,
T_P925,45572,Sophie Paternoster,CPAS,Entretien général,Remplacer tubes qui clignotent dans le bureau GRH au 2ème,45572,1,2,Vincent,,
T_P931,45583,Sophie Paternoster,Roseraie,Sanitaire,Roseraie 18 :  vérifier si le robinet de la sdb n'est pas à remplacer (présence de calcaire?),45583,,2,Vincent,,
T_P926,45575,Sophie Paternoster,Magasin,Entretien général,21/10 : Lebrun vient faire l'entretien de l'armoire frigorifique au magasin social. J'ai demandé à ce qu'il te contacte 1/2h avant afin que tu puisses te rendre au magasin ,45586,2,1,Vincent,,
T_P932,45586,Sophie Paternoster,Roseraie,Jardin / extérieur,"SBAChauffage a constaté que plusieurs ""armoires"" qui contiennent les compteurs gaz muraux ORES ne ferment plus (fermeture endommagée). Faire le tour de tous les compteurs et me faire part des adresses pour demander à Ores d'intervenir pour qu'on puisse les refermer à nouveau",45587,3,2,Vincent,,
T_P934,45587,Sophie Paternoster,CPAS,Entretien général,All Access vient pour réaliser la soudure de la pièce le 29/10. J'ai demandé à ce qu'il t'appelle avant de venir,45594,1,1,Vincent,,
T_P938,45596,Sophie Paternoster,Roseraie,Electricité,"Taques à remplacer à la Roseraie (livraison Electro Dépôt du 4/11/2024 à la maison de repos) :
- Roseraie 13 (récupérer l'ancienne taque pour la mettre au n° 21)
- Roseraie 14
- Roseraie 15
- Roseraie 22
La 5ème taque livrée est pour le stock",45596,7,2,Ouvriers_ADV,,
T_P937,45596,Sophie Paternoster,Magasin,Sanitaire,Magasin social : installer le chauffe-eau,45596,2,2,Ouvriers_ADV,,
T_P947,45602,Sophie Paternoster,CPAS,Entretien général,Roseraie 24 :  Jan a constaté que la peinture au niveau de la porte coulissante s'écaille.,45602,1,1,Vincent,,
T_P946,45602,Sophie Paternoster,Roseraie,Entretien général,Chemin du Bon Dieu 28 : déposer la farde de SBA Chauffage dans le logement (la farde se trouve dans mon bureau). Quand tu as le temps. Merci,45602,1,1,Vincent,,
T_P951,45604,Sophie Paternoster,Roseraie,Sanitaire,Roseraie 16 : Remplacement mitigeur lavabo,45604,,1,Vincent,,
T_P952,45604,Sophie Paternoster,Roseraie,Sanitaire,Roseraie 34 : remplacement siphon lavabo,45604,,,Vincent,,
T_P963,45617,Sophie Paternoster,CPAS,Entretien général,"Vider l'étagère du bureau d'Alexandre Herraiz et la démonter pour aller la placer à la maison des Associations (voir Paola, Charlotte ou Elodie pour l'emplacement exact) + Installer dans le bureau d'Alexandre l'étagère noire qui se trouve dans le couloir du 1er étage.",45617,4,2,Vincent,,
T_P964,45621,Sophie Paternoster,Roseraie,Chauffage,Roseraie n° 2 et n° 9 : aller purger les radiateurs,45621,,2,Vincent,,
T_P969,45624,Sophie Paternoster,Roseraie,Entretien général,Roseraie 3 : Mme Demoustiez signale que son détecteur de fumée sonne en continu. Elle a changé la pile mais il continue à sonner,45624,1,1,Vincent,,
T_P967,45623,Sophie Paternoster,Roseraie,Marchandises magasin,"Lundi 2 décembre vers 8h : aller chercher les assises de la Roseraie chez Mahieu Sablage (rue A. Vierendeel, 12 - Strépy Bracquegnies)",45628,2,2,Vincent,,
T_P971,45629,Sophie Paternoster,Roseraie,Electricité,Roseraie 7 : éclairage de l'entrée ne fonctionne pas bien,45629,1,1,Vincent,,
T_P949,45603,Sophie Paternoster,Roseraie,Chauffage,le lundi 9 décembre à 9h : RV avec SBA Chauffage à la Roseraie pour mini formation sur les nouvelles chaudières et thermostats. Adresse : Roseraie 2,45635,2,1,Vincent,,Ouvriers_ADV
T_P983,45643,Sophie Paternoster,Roseraie,Electricité,"Installer les deux taques ""à boutons"" quand elles auront été livrées par Electro Dépôt à la Roseraie 21 et au Bon Dieu 28",45643,2,1,Ouvriers_ADV,,
T_P996,45646,Sophie Paternoster,Roseraie,Entretien général,"Bon Dieu 24 : quand tu y passes, merci de bien vouloir déposer la farde du chauffagiste qui est sur mon bureau (Sophie). Merci",45646,1,1,Vincent,,
T_P1006,45665,Sophie Paternoster,Roseraie,Chauffage,Roseraie 7 :  il y a une perte d'eau (très légère : goutte à goutte) au niveau de la chaufferie. Madame a mis un seau en attendant.,45665,1,1,Vincent,,
T_P1016,45674,Sophie Paternoster,CPAS,Entretien général,Le 24/01/2025 à 8h : Entretien par Vanlofeld,45674,,1,Vincent,,
T_P984,45643,Sophie Paternoster,CPAS,Entretien général,"Le 17/01/2025 à 8h, Vanlofeld vient faire la maintenance de la détection Incendie",45674,1,1,Vincent,,
T_P1030,45695,Sophie Paternoster,Roseraie,Entretien général,"Roseraie 8 et 12 : créer une circulation d'air dans le grenier. Retirer la grille d'évacuation dans le WC, remplacer par un extracteur et poser le tuyau d'évacuation présent dans le grenier sur l'isolation (voir Jan pour explication)",45695,,2,Ouvriers_ADV,,
T_P1029,45695,Sophie Paternoster,Roseraie,Entretien général,Roseraie locaux chaufferie : Aller voir dans toutes la maisons de la Roseraie si le grilles d'évacuation ne sont pas bouchées par l'isolation ainsi que celles qui donnent dans les vides ventilés (voir Jan pour explication),45695,,2,Vincent,,
T_P1037,45700,Sophie Paternoster,CPAS,Marchandises magasin,Une commande est à retirer à l'accueil du magasin Médiamarkt à Jemappes (Ipad). Voir BC 075 envoyé par mail. La commande est à déposer dans le bureau de Sophie au CPAS.,45700,1,1,Vincent,,
T_P1040,45705,Sophie Paternoster,CPAS,Entretien général,Faire un inventaire du matériel qui a été livré pendant ton absence et qui stocké et vérifier qu'il a bien été sécurisé,45705,,,Vincent,,
T_P1031,45698,Sophie Paternoster,CPAS,Entretien général,Monter (assembler) dans le bureau du Président.,45705,2,2,Vincent,,
T_P1052,45713,Sophie Paternoster,Roseraie,Electricité,Ronald peut-il aller voir à la Roseraie 9 et au Chemin du Bon Dieu 14 pour des problèmes liés à l'électricité car Vincent n'arrive pas à les résoudre. Ronald peut-il prévenir Vincent la veille de sa venue? Si possible encore cette semaine car la dame du n° 9 a déjà appelé plusieurs fois.,45713,2,1,Ouvriers_ADV,,
T_P1056,45715,Sophie Paternoster,CPAS,Entretien général,Porte automatique CPAS - All Access va te contacter pour faire la grosse réparation (nous lui avons transmis un bon de commande),45715,1,1,Vincent,,
T_P1062,45727,Sophie Paternoster,CPAS,Entretien général,13 mars entre 8h et 12h30 - intervention de All Access pour la porte automatique (ils appellent 1/2h avant d'arriver),45728,3,1,Vincent,,
T_P1066,45729,Sophie Paternoster,CPAS,Marchandises magasin,"Mercredi 19 ou vendredi 21 (ce qui t'arrange le mieux), aller chercher des meubles à Roisin rue Joncrelle n° 15 et les déposer rue de l'Aisette n° 19 (peux-tu confirmer à Audrey quel jour t'arrange le mieux afin qu'elle prévienne le monsieur). Merci",45729,3,2,Vincent,,
T_P1067,45730,Sophie Paternoster,Roseraie,Electricité,"Roseraie 21 : nouvelle taque installée. Madame nous signale que le bouton rouge ne fonctionne pas. Aller voir ce qu'il se passe. Si la taque est dysfonctionnelle, avertir le CPAS pour qu'il demande un échange à Electro Dépôt.",45730,1,1,Ouvriers_ADV,,
T_P1076,45735,Sophie Paternoster,ILA,Entretien général,Rue Mandart : remplacement de la hotte. Aller donner l'info à Alexandre si c'est une hotte à évacuation externe ou à recyclage,45735,1,1,Vincent,,
T_P1070,45734,Sophie Paternoster,Roseraie,Entretien général,Pour Didier - 28 mars 2025 - Roseraie 19 : remise en peinture de la trappe de la salle de bain,45744,1,1,Vincent,,
T_P1069,45734,Sophie Paternoster,Roseraie,Entretien général,Pour Didier - 28 mars 2025 - Roseraie 4 - remplacement clinche + refaire joint silicone WC,45744,1,1,Vincent,,
T_P1074,45735,Sophie Paternoster,ILA,Entretien général,14/04/2025 - 8h : Rue de Pâturages - entretien de la chaudière par SBA Chauffage - être présent pour donner l'accès,45761,1,1,Vincent,,
T_P1075,45735,Sophie Paternoster,ILA,Entretien général,14 avril 2025 vers 9h : Rue Jean Menin - entretien de la chaudière par SBA chauffage - être présent pour donner l'accès,45761,1,1,Vincent,,
T_P1089,45762,Sophie Paternoster,ILA,Entretien général,"C. Dupuis 114-1 : 
- changer de place la tenture qui se situe dans la cuisine et la placer dans la chambre ;
- réparer la fuite sous l'évier ;
- changer le pommeau de douche (pas urgent)",45762,,2,Vincent,,
T_P1081,45740,Sophie Paternoster,CPAS,Entretien général,17 avril à 10h - Entretien du défibrillateur par Defibrion. Pas d'obligation d'être sur place mais prévenir l'accueil qu'ils vont venir faire l'entretien (et éventuellement montrer où il se trouve au cas où l'agent d'accueil ne le sait pas),45764,1,1,Vincent,,
T_P1093,45769,Sophie Paternoster,ILA,Entretien général,Déménager lit RDC Rue de Pâturages 34/1 pour l'installer au 34 à l'étage - confirmer à Maxime Liberda si la date convient (+ retour Sophie),45775,1,2,Vincent,,
T_P1092,45769,Sophie Paternoster,ILA,Entretien général,Déménagement vers rue de Pâturâges 34/1 - confirmer à Maxime Liberda si la date convient (+ retour Sophie),45776,1,2,Vincent,,
T_P1094,45769,Sophie Paternoster,ILA,Entretien général,Relevé des compteurs au 34/1 rue de Pâturages  et communiquer à Alexandre,45776,1,2,Vincent,,
T_P1102,45777,Sophie Paternoster,CPAS,Entretien général,Bureau GRH : déplacer bac derrière Sybille à côté du bureau de Maïté (voir avec elle),45777,1,1,Vincent,,
T_P1082,45741,Sophie Paternoster,CPAS,Parc voitures,pour Didier D. : 2 mai 10h30 - contrôle technique renault master à Cuesmes,45779,1,1,Vincent,,
T_P1115,45796,Sophie Paternoster,ILA,Entretien général,Aller voir Stéphanie Debeil pour entretien extincteurs logements sociaux,45796,1,1,Vincent,,
T_P1124,45804,Sophie Paternoster,Roseraie,Sanitaire,Roseraie 7 : Madame signale une fuite d'eau au niveau de la chasse du WC. Elle est absente ce mardi 27 mai.,45804,1,1,Vincent,,
T_P1132,45812,Sophie Paternoster,CPAS,Entretien général,Vendredi 13 juin : aller déposer les encombrants métalliques à la maison de repos pour le container prévu le 16-06,45821,1,2,Vincent,,
T_P1139,45825,Sophie Paternoster,Roseraie,Entretien général,Roseraie 35 : changer planche WC,45825,1,1,Vincent,,
T_P1143,45828,Sophie Paternoster,CPAS,Entretien général,"Bon Dieu 14 : remplacement 2 crépines évier, 2 tubes suverse et remplacement clinche",45828,1,2,Vincent,,
T_P1150,45835,Sophie Paternoster,CPAS,Entretien général,Remplacer le néon qui clignote dans le bureau d'Hélène,45835,1,2,Vincent,,
T_P1142,45828,Sophie Paternoster,Magasin,Entretien général,24 juillet 2025 : entretien du matériel incendie par Safe And Sound. Assurer l'accès au magasin et aux logements sociaux dès 9h + bornes Roseraie,45862,1,1,Vincent,,
T_P1163,45867,Sophie Paternoster,Roseraie,Entretien général,Roseraie 37 : elle a débranché le détecteur de fumée car il a sifflé longtemps dimanche. Demande de passer voir.,45867,1,1,Vincent,,
T_P1183,45895,Sophie Paternoster,Roseraie,Entretien général,ROSERAIE 18 :  faire une photo de la cuisine et éventuellement prendre les mesures des meubles pour envisager de la remplacer,45895,3,2,Vincent,,
T_P1184,45896,Sophie Paternoster,CPAS,Entretien général,Descendre une grande caisse XEROX près de la cuisine (où il y en a déjà une). La caisse se trouve près de la porte du bureau de Sophie au 2ème étage,45896,1,1,Vincent,,
T_P1191,45902,Sophie Paternoster,CPAS,Entretien général,Vincent : venir voir Hélène pour explication nouveau règlement de travail (garde),45902,1,1,Vincent,,
T_P1190,45902,Sophie Paternoster,Roseraie,Entretien général,Bon Dieu 18 : aller voir au souci du détecteur incendie. Remplacer si nécessaire,45902,1,1,Vincent,,
T_P1194,45908,Sophie Paternoster,Roseraie,Entretien général,"Roseraie 4 : remplacer le four puisque pas possible de trouver les pièces détachées. Il en reste de stock à la maison de repos. Pour info, voici le stock actuel : 
- 2 hottes
- 2 taques
- 2 fours",45908,1,2,Vincent,,
T_P1200,45918,Sophie Paternoster,CPAS,Entretien général,Bureau de Stéphanie Macaluso : le néon clignote en permanence,45918,1,1,Vincent,,
T_P1204,45923,Sophie Paternoster,CPAS,Marchandises magasin,"Aller chercher 2 chaises chez Weba (bon de commande dans ton bac) - 1 chaise pour Ghizlane, 1 chaise pour Nursevim (GRH)",45923,2,2,Vincent,,
T_P1199,45918,Sophie Paternoster,Magasin,Entretien général,24 septembre 2025 à 10h : aller rechercher Gaëtan au garage D&M Auto à Hainin rue de Quiévrain 3b,45924,1,1,Vincent,,
T_P1206,45925,Sophie Paternoster,ILA,Marchandises magasin,Aller chez Weba retirer des lits superposés (voir Maxime),45925,2,2,Vincent,,
T_P1208,45926,Sophie Paternoster,Magasin,Marchandises magasin,Aller chercher une cartouche d'encre pour le magasin chez Bureau Vallée,45926,1,2,Vincent,,
T_P1210,45930,Sophie Paternoster,Magasin,Parc voitures,Aller chercher la VW Caddy au garage à Hainin,45930,1,2,Vincent,,
T_P1216,45932,Sophie Paternoster,Magasin,Marchandises magasin,Aller chercher une commande chez Ava (voir bon de commande déposé dans ton bac),45932,1,1,Vincent,,
T_P1217,45938,Sophie Paternoster,Roseraie,Entretien général,"Mise à jour stock actuel électro Roseraie :
- 1 hotte",45933,,,Vincent,,
T_P1207,45926,Sophie Paternoster,CPAS,Entretien général,3 OCTOBRE : livraison d'une palette de papiers au CPAS,45933,1,2,Vincent,,
T_P1196,45915,Sophie Paternoster,Magasin,Marchandises magasin,"Le mardi 14 octobre, aller chercher les épouvantails à la maison des associations du matin. Départ ensuite vers 13h30 pour les amener à Pairi Daiza pour 14h. Prévenir Paola et Charlotte s'il y a de la place dans la camionnette pour elles aussi",45944,1/2 journée,2,Vincent,,
T_P1229,45952,Sophie Paternoster,Roseraie,Entretien général,Bon Dieu 18 : une ardoise du débarras est tombée,45952,1,1,Vincent,,
T_P1230,45952,Sophie Paternoster,Roseraie,Entretien général,Roseraie 9 : une plaque du mur est tombée. Possible présence de Frelons.,45952,1,1,Vincent,,
T_P1073,45735,Sophie Paternoster,Magasin,Entretien général,12/11/2025 vers 9h : Rue C. Dupuis - entretien de la chaudière par SBA Chauffage - être présent pour donner l'accès,45973,1,1,Vincent,,
T_P1072,45735,Sophie Paternoster,ILA,Entretien général,"12/11/2025 à 8h00 - Rue Mandart, 28 - entretien de la chaudière par SBA Chauffage - être présent pour donner l'accès",45973,1,1,Vincent,,
T_P1256,45999,Sophie Paternoster,CPAS,Electricité,"WC femme 2e étage - interrupteur bloqué, impossible d'éteindre",45999,1,1,Vincent,,
T_P1268,46003,Sophie Paternoster,CPAS,Electricité,"Escalier 2ème étage côté WC : le néon est défectueux (ne s'allume pas d'un côté et bipe""",46003,,1,Vincent,,
T_P1288,46035,Sophie Paternoster,CPAS,Entretien général,Descendre la commande d'enveloppes à la cave (palette se trouve à l'accueil du CPAS),46035,1,1,Vincent,,
T_P1306,46063,Sophie Paternoster,CPAS,Entretien général,test,46063,1,1,Vincent,,
T_P005,44239,Stéphanie Debeil,CPAS,Sanitaire,Fuite d'eau lavabo + douche Cité Cosmo,44239,1h,1,Vincent,,
T_P015,44252,Stéphanie Debeil,CPAS,Electricité,installation taque electrique rue Mandart 28 ( ILA) ,44252,1h,1,Ouvriers_ADV,,
T_P038,44284,Stéphanie Debeil,ILA,Plomberie,"probleme d'égout (??) chez Mr Sido , 114/1 rue Charles Dupuis, logement de transit",44284,,1,Vincent,,
T_P042,44293,Stéphanie Debeil,ILA,Plomberie,probleme de lavabo à l'ILA située au 2 2/1 Cite Cosmipolite ,44293,,1,Vincent,,
T_P055,44309,Stéphanie Debeil,Magasin,Electricité,remplacer l'éclairage de secours au 114 rue C Dupuis,44309,,1,Ouvriers_ADV,,
T_P061,44314,Stéphanie Debeil,ILA,Entretien général,URGENT : changement d'un barillet à la rue Mandart 28 ( la famillea quitté le logemnt),44314,,1,Vincent,,
T_P062,44314,Stéphanie Debeil,ILA,Entretien général,aider Arno à déblayer l'ILA de la rue Mandart 28,44314,,1,Vincent,,
T_P068,44316,Stéphanie Debeil,ILA,Peinture,remettre en peinture l'ILA de la rue Mandart 28,44316,,,Vincent,,
T_P067,44316,Stéphanie Debeil,ILA,Entretien général,aider Arno à déblayer l'ILA de la rue Mandart 28,44316,,,Vincent,,
T_P071,44320,Stéphanie Debeil,CPAS,Entretien général,probleme de stores dans le bureau de Kimberley et de Tsiky,44320,,1,Vincent,,
T_P081,44335,Stéphanie Debeil,ILA,Plomberie,"au 114/3, rue Charles Dupsui: probleme de chauffage, de strore et d'évier bouché",44335,,1,Vincent,,
T_P085,44336,Stéphanie Debeil,ILA,Plomberie,probleme de toilettes au 114/1 rue Charles Dupuis ( transit),44336,,1,Vincent,,
T_P086,44341,Stéphanie Debeil,CPAS,Entretien général,deposer les caisses de ivres et de jeux ( qui sont le bureau de Steph) au magasin social,44341,,1,Vincent,,
T_P088,44351,Stéphanie Debeil,CPAS,Entretien général,fourmis dans le local d'accueil,44351,,,Vincent,,
T_P092,44361,Stéphanie Debeil,CPAS,Entretien général,deposer une requete RCD à au greffe du tribunal du Travail de Mons  ,44361,,1,Vincent,,
T_P105,44376,Stéphanie Debeil,CPAS,Entretien général,installation de plexi dans le bureau des AS,44376,,1,Vincent,,
T_P106,44377,Stéphanie Debeil,ILA,Plomberie,probleme d'evier ( fuite) au transit du 114/03,44377,,1,Vincent,,
T_P174,44481,Stéphanie Debeil,ILA,Entretien général,transit : devis pour des matelas et hotte pour les 2 logements de transit libres ( 114/1 et 114/2),44481,,1,Vincent,,
T_P178,44483,Stéphanie Debeil,ILA,Entretien général,nouvelle boite au lettres pour l'ILA de la rue Mandart ,44483,,1,Vincent,,
T_P190,44496,Stéphanie Debeil,ILA,Plomberie,Mandart : probleme machine a laver.  Cité Cosmopolite: fuite d'eau,44496,,1,Vincent,,
T_P191,44496,Stéphanie Debeil,CPAS,Entretien général,remonter les caisses avec masques et gel qui sont à la cave dans le bureau de Stephanie,44496,,1,Vincent,,
T_P202,44504,Stéphanie Debeil,ILA,Electricité,prob d'electriité ( micro-onde ) à la Cite cosmopolite + prob extracteur d'air,44504,,1,Ouvriers_ADV,,
T_P205,44508,Stéphanie Debeil,CPAS,Entretien général,deposer un frigo qui est stocké à l'ADV chez une bénéficiaire. Merci de prendre contact avec Tina pour obtenir les coordonnées du bénéf,44508,,2,Vincent,,
T_P210,44516,Stéphanie Debeil,ILA,Electricité,installation d'une hotte dans le logement de transit à la rue Charles Dupuis ,44516,,1,Ouvriers_ADV,,
T_P215,44524,Stéphanie Debeil,CPAS,Electricité,installation e d'une imprimante dans le bureu de steph,44524,,1,Ouvriers_ADV,,
T_P225,44532,Stéphanie Debeil,ILA,Entretien général,logement Transit 114/2:  aller deposer à la dechetterie des sacs d'anciens locataires. + verifier connexion TV ,44532,,1,Vincent,,
T_P226,44532,Stéphanie Debeil,ILA,Entretien général,le bon de commande pour les différentes piles pour les ILA est disponible chez Arno ,44532,,1,Vincent,,
T_P245,44559,Stéphanie Debeil,ILA,Entretien général,prob de machine à laver à la Cité Cosmpolite ,44559,,1,Vincent,,
T_P262,44578,Stéphanie Debeil,CPAS,Entretien général,deplacer bac à dossiers dans le bureau de Laora,44578,,1,Vincent,,
T_P264,44578,Stéphanie Debeil,ILA,Electricité,machine à laver en panne à la cite cosmpolite,44578,,1,Ouvriers_ADV,,
T_P278,44600,Stéphanie Debeil,ILA,Chauffage,prob de chauffage au 114/3 ( transit) ,44600,,1,Vincent,,
T_P279,44601,Stéphanie Debeil,ILA,Plomberie,fuite d'eau à la Cité Cosmopolite,44601,,1,Vincent,,
T_P283,44608,Stéphanie Debeil,ILA,Plomberie,au114/2 :pour une fuite d'eau,44608,,1,Vincent,,
T_P281,44608,Stéphanie Debeil,ILA,Plomberie,machine à laver défectueuse au logement Charles Dupuis 114/4.,44608,,1,Vincent,,
T_P282,44608,Stéphanie Debeil,CPAS,Entretien général,remonter un bac pour les dossiersr des archives pour le bureau d'Alexandre,44608,,1,Vincent,,
T_P284,44608,Stéphanie Debeil,ILA,Entretien général,contrôle des detecteurs incendie au 114,44608,,1,Vincent,,
T_P292,44630,Stéphanie Debeil,ILA,Plomberie,probleme de machine à laver au 114/4 rue Ch Dupuis,44630,,1,Vincent,,
T_P304,44643,Stéphanie Debeil,ILA,Plomberie,Rue Charle Dupuis 114/4 - problème de machine à laver,44643,1,1,Vincent,,
T_P305,44643,Stéphanie Debeil,ILA,Entretien général,"enlever des dechets au 28, rue Mandart ",44643,,1,Vincent,,
T_P322,44672,Stéphanie Debeil,CPAS,Entretien général,adapter les plexiglass dans les bureaux des AS ,44672,,1,Vincent,,
T_P327,44679,Stéphanie Debeil,ILA,Entretien général,besoin d'ampoules à la cite cosmo; faire le tour des besoins,44679,1,1,Vincent,,
T_P330,44686,Stéphanie Debeil,CPAS,Entretien général,fixer un tableau au SMD ,44686,30minutes,1,Vincent,,
T_P339,44697,Stéphanie Debeil,CPAS,Entretien général,prob de serrure bureau stephanie ,44697,,1,Vincent,,
T_P344,44699,Stéphanie Debeil,CPAS,Entretien général,deplacer la boite à clé dans le bureau d'Arno ( étranger) ,44699,,1,Vincent,,
T_P347,44700,Stéphanie Debeil,CPAS,Entretien général,sonnette de la rue Mandart 28 ne fonctionne plus ,44700,,1,Vincent,,
T_P346,44700,Stéphanie Debeil,CPAS,Plomberie,baignoire bouchee dans le transit du 114/3,44700,,1,Vincent,,
T_P351,44701,Stéphanie Debeil,CPAS,Entretien général,jetter les 2 chaises dans le bureau de Stephanie et jetter les ventilateurs cassés à la cave ,44701,,1,Vincent,,
T_P362,44714,Stéphanie Debeil,CPAS,Entretien général,enlever le plexi dans le bureau de Lorena,44714,,1,Vincent,,
T_P363,44715,Stéphanie Debeil,CPAS,Entretien général,impossible de fermer les toilettes des hommes au 2eme ,44715,,1,Vincent,,
T_P374,44746,Stéphanie Debeil,ILA,Entretien général,se rendre avec Arno à la rue Mandart pour le compteur d'eau,44746,,1,Vincent,,
T_P378,44747,Stéphanie Debeil,CPAS,Entretien général,retirer des bouquins à Mons. Morgane a la bon de commande,44747,,1,Vincent,,
T_P380,44754,Stéphanie Debeil,ILA,Entretien général,vincent doit se rendre jeudi apres midi au 114 rue Charles Dupuis pour le demenagement ,44754,,1,Vincent,,
T_P382,44755,Stéphanie Debeil,CPAS,Entretien général,fixer un tableau dans le bureau de stephanie et d'alexandre,44755,,1,Vincent,,
T_P383,44761,Stéphanie Debeil,ILA,Entretien général," mettre les poubelles du 114/4 rue Charles Dupuis , les locataires ont quitté le logement. Elles se trouvent derriere le magasin social",44761,,1,Vincent,,
T_P384,44762,Stéphanie Debeil,ILA,Entretien général,"ILA : rue Charles Dupuis 114/04, repreindre le logement, et refixer des plinthes et jeter les meubles cassés, matelas usagés",44762,,1,Vincent,,
T_P385,44764,Stéphanie Debeil,CPAS,Entretien général,"rafraichir le logement de transit : 114/2 rue Charles Dupuis, Probleme à la fenetre dans la chambre , refixer une planche d'un meuble",44764,,1,Vincent,,
T_P389,44777,Stéphanie Debeil,ILA,Entretien général,aller les meubles chez l'IKEA pour le transit de la rue Charles Dupuis ,44777,,1,Vincent,,
T_P387,44777,Stéphanie Debeil,CPAS,Entretien général,installer le bureau du sercretariat dans le bureau de Kim,44777,,2,Vincent,,
T_P390,44778,Stéphanie Debeil,CPAS,Entretien général,enlever le plexi dans le bureau de Kim,44778,,1,Vincent,,
T_P391,44781,Stéphanie Debeil,CPAS,Entretien général,reparer le plexi dans le bureau d' Helene Nguyen,44781,,1,Vincent,,
T_P392,44781,Stéphanie Debeil,ILA,Chauffage,vérifier que les radiateurs soient coupés au 114/1,44781,,1,Vincent,,
T_P394,44781,Stéphanie Debeil,ILA,Entretien général,"aller chercher le materiel pour l'ILA de la Cité Cosmopolite ( ventillatuer, sechoir,…)",44781,,1,Vincent,,
T_P395,44782,Stéphanie Debeil,ILA,Entretien général,aller chercher tous les produits  chez extra pour la cité Cosmo,44782,,1,Vincent,,
T_P404,44805,Stéphanie Debeil,CPAS,Entretien général,aller ce lundi 5/09 prendre le matériel de la maison de l'emploi et tout mettre au 34/1 rue de Paturages,44805,,1,Vincent,,
T_P407,44806,Stéphanie Debeil,CPAS,Entretien général,probleme avec les tables extérieures ( résine sur les tables),44806,,1,Vincent,,
T_P406,44806,Stéphanie Debeil,CPAS,Entretien général,retirer le plexiglass dans le bureau d'Audrey,44806,,1,Vincent,,
T_P408,44806,Stéphanie Debeil,CPAS,Entretien général,fixer une boite à clés dans le bureau d'Arno,44806,,1,Vincent,,
T_P414,44810,Stéphanie Debeil,ILA,Entretien général,monter les meubles dans l'ILA de la rue Charles Dupuis 114/4,44810,,1,Vincent,,
T_P413,44810,Stéphanie Debeil,CPAS,Entretien général,monter les meubles dans les nouveaux logements de transit,44810,,1,Vincent,,
T_P412,44810,Stéphanie Debeil,CPAS,Entretien général,monter les meubles dans le bureau de stephanie,44810,,1,Vincent,,
T_P417,44812,Stéphanie Debeil,ILA,Entretien général,"jeter la table à langer, planche à repasser, garde robe , bureau , rideau de douche et accessoires de cuisine du 114/4 rue Charles Dupuis",44812,,1,Vincent,,
T_P418,44812,Stéphanie Debeil,CPAS,Entretien général,vincent doit aller cherhcer un colis d'Ikea au point relais ( feuille de retrait du colis chez morgane),44812,,1,Vincent,,
T_P421,44816,Stéphanie Debeil,CPAS,Marchandises magasin,aller cherhcer une commande chez Ikea ( voir Sara),44816,,1,Vincent,,
T_P431,44826,Stéphanie Debeil,CPAS,Entretien général,reparer le store dans le bureau de Stephanie ,44826,,1,Vincent,,
T_P433,44832,Stéphanie Debeil,CPAS,Entretien général,prendre les electros deposés à la maison de repos pour les installer aux logements de transit de la rue de paturages ,44832,,1,Vincent,,
T_P436,44833,Stéphanie Debeil,ILA,Entretien général,Cité Cosmopolite - installer rideaux (les clefs sont chez Arno),44833,,1,Vincent,,
T_P435,44833,Stéphanie Debeil,ILA,Entretien général,Rue de Patûrages - installer electros,44833,,1,Vincent,,
T_P441,44839,Stéphanie Debeil,CPAS,Entretien général,ranger le local PMR ,44839,,1,Vincent,,
T_P443,44841,Stéphanie Debeil,CPAS,Entretien général,retirer tous les cartons des 2 logements de teansit de la rue de paturages,44841,,1,Vincent,,
T_P445,44844,Stéphanie Debeil,CPAS,Entretien général,le 7/11 : agencement du bureau d'Ines pour l'organisation du CSSS,44844,,1,Vincent,,
T_P444,44844,Stéphanie Debeil,ILA,Entretien général,plus d'eau chaude à la cite cosmopolite,44844,,1,Vincent,,
T_P452,44868,Stéphanie Debeil,CPAS,Entretien général,"au 114/3, différents travaux d'entretien sont à réaliser ( fixer armoire, frigo) et chasse des toilettes coule",44868,,1,Vincent,,
T_P453,44868,Stéphanie Debeil,CPAS,Entretien général,enlever le plexyi dans le bureau de corentin ,44868,,1,Vincent,,
T_P451,44868,Stéphanie Debeil,ILA,Entretien général,passer au 114/4 pour les différentes ampoules à changer et vérifier les fenetres ( difficultés à ouvrir) ,44868,,1,Vincent,,
T_P455,44873,Stéphanie Debeil,CPAS,Entretien général,purger les radiateurs de la rue de Paturages  34/1 et 34/2,44873,,1,Vincent,,
T_P456,44874,Stéphanie Debeil,CPAS,Entretien général,prendre les mesures pour tentures aux transits de la rue de Paturages ,44874,,1,Vincent,,
T_P459,44875,Stéphanie Debeil,ILA,Entretien général,aller à la rue Mandart et vérifier comment securiser la fenetre de l'étage,44875,,1,Vincent,,
T_P460,44875,Stéphanie Debeil,CPAS,Entretien général,"au 114/2, rue Charles Dupuis : porte du frigo ne tient plus, la hotte ne fonctionne pas bien, plinthe a refixer dans la chambre, couvertures, draps e t coussins à jeter , verifier la fenetre de la chambre ( ne ferme pas bien) probleme avec la porte exterieure et carreau cassé",44875,,1,Vincent,,
T_P463,44882,Stéphanie Debeil,ILA,Entretien général,evacuer les sacs du hall d'entrée de la rue Charles Dupuis + frigo,44882,,1,Vincent,,
T_P467,44888,Stéphanie Debeil,ILA,Entretien général,Cité Cosmo :vérifier la lampe à la salle de bain et vérifier la porte du frigo,44888,,1,Vincent,,
T_P468,44888,Stéphanie Debeil,CPAS,Entretien général,fixer un cadre dans le bureau de stephanie ,44888,,1,Vincent,,
T_P473,44895,Stéphanie Debeil,CPAS,Entretien général,installer une lampe avec detecteur de mouvement à l'entrée du 114 ,44895,,1,Vincent,,
T_P472,44895,Stéphanie Debeil,CPAS,Entretien général,probleme à l'évier du transit au 34/1 rue de pAturages ,44895,,1,Vincent,,
T_P512,44937,Stéphanie Debeil,CPAS,Entretien général,prendre les bons de commande chez alexandre et aller chercher la marchanidse,44937,,1,Vincent,,
T_P520,44952,Stéphanie Debeil,CPAS,Entretien général,probleme de serrure au bureau de kim/steph,44952,,1,Vincent,,
T_P521,44952,Stéphanie Debeil,CPAS,Entretien général,"Chercher les tiroirs de frigo arrivé à la commune de Quaregnon pour aller réparer le frigo situé au logement ILA à la Cité Cosmopolite 2/21, 7390 Quaregnon",44952,,1,Vincent,,
T_P522,44952,Stéphanie Debeil,CPAS,Entretien général,passage de vincent au 28 rue Mandart pour vérifier l'état des lits,44952,,1,Vincent,,
T_P525,44959,Stéphanie Debeil,ILA,Entretien général,tiroirs à aller cherhcer à l'Adv et à installer à la Cite Cosmo,44959,,1,Vincent,,
T_P526,44959,Stéphanie Debeil,ILA,Electricité,prob d'interrupteur à la rue Mandart,44959,,1,Vincent,,
T_P527,44960,Stéphanie Debeil,CPAS,Entretien général,"114/1  rue Charles dupuis, differents taches à realiser",44960,,1,Vincent,,
T_P532,44965,Stéphanie Debeil,ILA,Entretien général,prendre les  bons commande au service étrangers pour fournitures de cuisine et hygiène à aller prendre chez Extra de Frameries,44965,,1,Vincent,,
T_P535,44967,Stéphanie Debeil,CPAS,Entretien général,reprendre la machine à la laver à la rue de paturages ( tarnsit) et la stocker à l'ADV ,44967,,1,Vincent,,
T_P536,44967,Stéphanie Debeil,CPAS,Entretien général,repertorie le stock de marchandises qu'il reste pour ILA et transit à l'ADV et donner les infos à Alex,44967,,1,Vincent,,
T_P543,44972,Stéphanie Debeil,CPAS,Entretien général,aller chercher la marchanise ce lundi 20/02 chez Extra frameries et tout deposer à la rue mandart ,44972,,1,Vincent,,
T_P546,44973,Stéphanie Debeil,ILA,Entretien général, réparer les sécurités d'escaliers du grenier de la rue Mandart ,44973,,1,Vincent,,
T_P551,44984,Stéphanie Debeil,CPAS,Entretien général,"pour le transit 114/1: enlever la table blanche dans la salle à manger et la stocker à la maison de repos; 
Réparer le boîtier du compteur dans l'appartement ; 
Apporter deux cartons.",44984,,1,Vincent,,
T_P552,44985,Stéphanie Debeil,CPAS,Entretien général,"au 114/2 : eau qui coule du plafond dans le salon (Peut-être un problème chez Madame DIALLO qui se trouve au-dessus)
Fenêtre de la chambre ",44985,,1,Vincent,,
T_P556,44987,Stéphanie Debeil,CPAS,Entretien général,pour le 114/4 : Remplacer les poignées de porte meuble TV et de la commode près de la TV,44987,,1,Vincent,,
T_P558,44991,Stéphanie Debeil,CPAS,Entretien général,"rue mandart 28 ,le micro-ondes ne fonctionne pas et le chauffage qui ne fonctionne pas.",44991,,1,Vincent,,
T_P570,45007,Stéphanie Debeil,ILA,Electricité,verifier l'electricité au grenier ( ampoule) et installer une étagère,45007,,1,Vincent,,
T_P573,45012,Stéphanie Debeil,CPAS,Entretien général,probleme de stabilité au destructeur de papier,45012,,1,Vincent,,
T_P576,45015,Stéphanie Debeil,ILA,Entretien général,"prende le bon commande IKEA concernant 2 armoires au service étrangers pour ensuite chercher la marchandise et les déposer à la rue Mandart 28,",45015,,1,Vincent,,
T_P579,45019,Stéphanie Debeil,CPAS,Entretien général,"enlever les dechets, TV dans le hall du 114 coté transit",45019,,1,Vincent,,
T_P583,45021,Stéphanie Debeil,CPAS,Entretien général,refaire des doubles de clés des logements de transit de la rue de Pâturages et 1 double du 114/2,45021,,1,Vincent,,
T_P589,45027,Stéphanie Debeil,CPAS,Entretien général,enlever le bras du tél dans le bureau de Tina,45027,,1,Vincent,,
T_P588,45027,Stéphanie Debeil,ILA,Entretien général,prendre les mesures à la rue Mandart 28 pour 2 étagères aux 2 gardes robes et donner les infosà Alex pour le BC,45027,,1,Vincent,,
T_P586,45027,Stéphanie Debeil,CPAS,Entretien général,prendre un bon de commande pour Hubo chez stephanie,45027,,1,Vincent,,
T_P590,45029,Stéphanie Debeil,CPAS,Entretien général,au 114/2 diverses tâches,45029,,1,Vincent,,
T_P599,45044,Stéphanie Debeil,CPAS,Entretien général,installer une armoire de l'AVD dans le bureau de Jade ,45044,,1,Vincent,,
T_P600,45054,Stéphanie Debeil,CPAS,Entretien général,"Venir prendre le bon de commande au service étranger pour le magasin Extra de Frameries. Apporter les marchandises à la rue Charles Dupuis 114/4, 7390 Quaregnon chez Mme DIALLO,",45054,,1,Vincent,,
T_P601,45056,Stéphanie Debeil,CPAS,Entretien général,lundi 15/05 allez chercher 6 ballots de foin chez Hendricks pour ines ,45056,,1,Vincent,,
T_P602,45057,Stéphanie Debeil,CPAS,Entretien général," prendre le bon de commande au service étrangers et aller chercher le sèche-linge chez Extra pour l'apporter à la rue Charles Dupuis 114/4, 7390 Quaregnon. Jeter le sèche-linge cassé de Mme DIALLO Assiatou.",45057,,1,Vincent,,
T_P605,45062,Stéphanie Debeil,CPAS,Entretien général,devis pour installation de stores occultants ( ou film occultant) aux transits rue de Paturages ,45062,,1,Vincent,,
T_P609,45070,Stéphanie Debeil,ILA,Entretien général,"prendre le bon commande IKEA au  service étrangers  aller prendre les marchandises à IKEA pour l'apporter chez Mme DIALLO Assiatou à la rue Charles Dupuis 114/4, 7390 Quaregnon. Jeter le porte manteau défectueux ",45070,,1,Vincent,,
T_P612,45071,Stéphanie Debeil,CPAS,Entretien général,114/2 rue Charles Dupuis : boite aux lettres cassee et enlever le divan,45071,,1,Vincent,,
T_P618,45078,Stéphanie Debeil,CPAS,Entretien général,aller chercher les produits chez extra ce vendredi 02/06/2023 et de les déposer à l'appartement vide de la rue de Pâturage,45078,,1,Vincent,,
T_P621,45084,Stéphanie Debeil,CPAS,Entretien général,changer le barillet du 114/03,45084,,1,Vincent,,
T_P628,45093,Stéphanie Debeil,CPAS,Entretien général,mesurer chaque chambre des transits du 114,45093,,1,Vincent,,
T_P632,45097,Stéphanie Debeil,CPAS,Plomberie," douche de Monsieur Santoro, rue de Pâturages 34 est bouchée.",45097,,1,Vincent,,
T_P633,45098,Stéphanie Debeil,CPAS,Entretien général,corniche bouchee au 34 rue de Paturages ,45098,,1,Vincent,,
T_P635,45103,Stéphanie Debeil,CPAS,Entretien général, Vincent d'aller chercher une commande au Bureau Vallée à Mons - rue des Capucins 28/36 à 7000 MONS). Bon de commade chez steph,45103,,1,Vincent,,
T_P636,45103,Stéphanie Debeil,CPAS,Entretien général,jeter les ventilateurs casés,45103,,1,Vincent,,
T_P637,45104,Stéphanie Debeil,CPAS,Entretien général,jetter la  chaise haute d'enfant et  une caisse du 1er de la rue charles dupuis,45104,,1,Vincent,,
T_P641,45106,Stéphanie Debeil,CPAS,Entretien général,prendre les bons de commandes au bureau étranger et reprendre la marchandise à Ikea le 03/07/2023 en matinée,45106,,1,Vincent,,
T_P643,45107,Stéphanie Debeil,CPAS,Entretien général,"prendre les bons de commandes au bureau étranger et aller chercher les marchandises au brico planit.
",45107,,1,Vincent,,
T_P649,45111,Stéphanie Debeil,CPAS,Entretien général,bacs à dossiers bloqué dans le bureau de steph,45111,,1,Vincent,,
T_P651,45112,Stéphanie Debeil,CPAS,Entretien général,remonter un bac pour les dossiers dans le bureau de lao,45112,,1,Vincent,,
T_P652,45120,Stéphanie Debeil,CPAS,Entretien général,"couper le store exterieur dans le bureau d'helene et elodie, ",45120,,1,Vincent,,
T_P661,45147,Stéphanie Debeil,CPAS,Entretien général,prendre un bon de commande pour brico chez jade,45147,,1,Vincent,,
T_P659,45147,Stéphanie Debeil,CPAS,Entretien général,prob avec différentes portes ( voir stephanie),45147,,1,Vincent,,
T_P663,45149,Stéphanie Debeil,CPAS,Entretien général,prendre les index des compteurs energie des logements de transit rue Charles Dupuis et donner les infos à stephanie,45149,,1,Vincent,,
T_P667,45155,Stéphanie Debeil,Magasin,Entretien général,prendre les poubelles situées devant le magasin social à la rue Charles Dupuis et les mettre à l'ADV,45155,,1,Vincent,,
T_P670,45163,Stéphanie Debeil,CPAS,Electricité,reparation de l'interupteur dans le bureau d'Helene Nguyen,45163,,1,Ouvriers_ADV,,
T_P673,45174,Stéphanie Debeil,ILA,Entretien général,"le 21/09 la société vaillant doit realiser l'entretien à la cité cosmo. Si locataire pas present, aller sur place pour donner l'acces au logement",45174,,1,Vincent,,
T_P678,45180,Stéphanie Debeil,CPAS,Entretien général,prob à la porte d'entree des transit de la rue Charles dupuis,45180,,1,Ouvriers_ADV,,
T_P679,45182,Stéphanie Debeil,CPAS,Entretien général,evacuer le ventillateur dans le bureau de stephanie,45182,,1,Vincent,,
T_P682,45183,Stéphanie Debeil,CPAS,Entretien général,descendre à la cave les caisses de masque dans le bureau de stephanie,45183,,1,Vincent,,
T_P681,45183,Stéphanie Debeil,CPAS,Entretien général,vérifier les bureaux dispo pour les nouveaux AS ( voir avec stephanie),45183,,1,Vincent,,
T_P685,45187,Stéphanie Debeil,CPAS,Marchandises magasin,Aller chercher 2 ventilateurs chez Mr Bricolage Frameries,45187,,1,Vincent,,
T_P687,45188,Stéphanie Debeil,ILA,Entretien général,probleme avec le meuble au dessus de l'évier chez mme Diallo,45188,,1,Vincent,,
T_P692,45194,Stéphanie Debeil,CPAS,Entretien général,enlèvement de la commande chez Bureau Vallée à Mons; Morgane a le BC,45194,,1,Vincent,,
T_P694,45197,Stéphanie Debeil,CPAS,Entretien général,"aller en urgence le 29/09 après 9h30 chez Kameleon Textile, Grand route 54 à Mons pour prendre ma commande de Tote Bag . Jade a le BC",45197,,1,Vincent,,
T_P704,45215,Stéphanie Debeil,CPAS,Chauffage,Charles Dupuis 114/1 :plus d'eau chaude ni de chauffage depuis samedi.,45215,,1,Vincent,,
T_P708,45218,Stéphanie Debeil,CPAS,Electricité,verifier/refaire les cables du poste 606 et 608 ,45218,,1,Ouvriers_ADV,,
T_P721,45253,Stéphanie Debeil,CPAS,Entretien général,"Prendre document au bureau du service étrangers dans le bac à traiter sur mon bureau et relever les compteurs des index actuel pour Ores à la rue Mandart 28, 7390 Quaregnon. Rendre le doc à Alex",45253,,1,Ouvriers_ADV,,
T_P722,45257,Stéphanie Debeil,CPAS,Entretien général,prendre un BC chez alex et aller chercher la marchandise chez Weba,45257,,1,Vincent,,
T_P731,45268,Stéphanie Debeil,CPAS,Entretien général,prendre un BC chez jade et aller chercher la marchandise à Mons ,45268,,1,Vincent,,
T_P730,45268,Stéphanie Debeil,CPAS,Entretien général,enlever des encombrants aux transits de la rue de Paturages ,45268,,1,Vincent,,
T_P732,45268,Stéphanie Debeil,CPAS,Entretien général,Relever les index des compteurs d'eau à la rue Mandart et à la Cité Cosmopolite. Les docs de la SWDE sont au service étrangers.,45268,,1,Vincent,,
T_P737,45279,Stéphanie Debeil,ILA,Entretien général,relever les index de gaz à la rue mandart,45279,,1,Vincent,,
T_P738,45287,Stéphanie Debeil,CPAS,Entretien général,debarasser l'ILA de la rue Mandart ,45287,,1,Vincent,,
T_P746,45307,Stéphanie Debeil,CPAS,Entretien général,changer le barillet du 114/02 ,45307,,1,Vincent,,
T_P747,45307,Stéphanie Debeil,CPAS,Entretien général,changer le barrilet du 114/2 rue charles dupuis ,45307,,1,Vincent,,
T_P750,45314,Stéphanie Debeil,ILA,Entretien général,"prendre un BC au service étranger, prendre la marchandise chez extra et tout apporter à la rue mandart 28, vérifier la chaudiere de la rue mandart",45314,,1,Vincent,,
T_P753,45316,Stéphanie Debeil,ILA,Entretien général,"prendre 3 bons de commandes au  bureau du service étrangerset aller 
 Chercher les fournitures ",45316,,1,Vincent,,
T_P755,45320,Stéphanie Debeil,ILA,Entretien général,"prendre le bon de commande au service étrangers, prendrela marchandises chez Extra et les apporter à la rue Mandart 28.",45320,,1,Vincent,,
T_P761,45320,Stéphanie Debeil,ILA,Entretien général,"Prendre le bon commande au service étrangers, aller chercher le matelas pour bébé au CLICK&COLLECT d'Ikea de Mons, et l'apporter à la rue Mandart 28, 7390 ",45320,,1,Vincent,,
T_P766,45323,Stéphanie Debeil,CPAS,Entretien général,faire un  double de clefs du transit;  charles dupuis 114/1 ,45323,,1,Vincent,,
T_P765,45323,Stéphanie Debeil,CPAS,Entretien général,"jeter des dechets du 114/, rue Charlers Dupuis ( voir audrey)",45323,,1,Vincent,,
T_P764,45323,Stéphanie Debeil,ILA,Entretien général,Faire un double des clefs du double des clefs de la rue Mandart 28,45323,,1,Vincent,,
T_P767,45327,Stéphanie Debeil,CPAS,Entretien général,prob de chaudiere et de wc a l'ILA de la cite cosmopolite,45327,,1,Vincent,,
T_P770,45330,Stéphanie Debeil,CPAS,Entretien général,"Prendre les bons commandes concernant les doubles des clefs des logements et aller chercher les doubles chez Denis à Saint-Ghislain (pour faire celle de la rue Mandart 28, rue Charles Dupuis 114/1 et 114/2",45330,,1,Vincent,,
T_P769,45330,Stéphanie Debeil,CPAS,Entretien général,reception de la commande au bureau Vallée,45330,,1,Vincent,,
T_P775,45338,Stéphanie Debeil,ILA,Entretien général,prob au lave vaisselle de la rue mandart 28,45338,,1,Vincent,,
T_P776,45341,Stéphanie Debeil,CPAS,Entretien général,anger la planche des WC de l'appartement 114/2,45341,,1,Vincent,,
T_P781,45359,Stéphanie Debeil,CPAS,Entretien général,renforcer le garde corps du grenier de la rue Mandart ( ILA),45359,,1,Vincent,,
T_P783,45362,Stéphanie Debeil,ILA,Entretien général,probleme de store au 114/4 Charles Dupuis ,45362,,1,Vincent,,
T_P782,45362,Stéphanie Debeil,ILA,Entretien général,toilettes bouchées au 114 rue C Dupuis,45362,,1,Vincent,,
T_P785,45363,Stéphanie Debeil,CPAS,Entretien général,"au 114/2 : mur de l'ancienne cheminée ainsi et mur derrière la TV  remplis d'humidité.
 réparer ou  remplacer l'extracteur d'air dans la SDB.",45363,,1,Vincent,,
T_P784,45363,Stéphanie Debeil,ILA,Entretien général,"au 114/4 : mettre une nouvelle latte au sommier du lit, reparer le store et fuite à l'évier",45363,,1,Vincent,,
T_P792,45377,Stéphanie Debeil,ILA,Entretien général,lampe défectueuse à la cuisine  la rue  Mandart 28,45377,,1,Vincent,,
T_P793,45377,Stéphanie Debeil,ILA,Entretien général,prendre les mesures au 114/1 pour installer des rideaux et des stores,45377,,1,Vincent,,
T_P795,45378,Stéphanie Debeil,ILA,Entretien général,prendre le bon commande de Weba au service étranger et aller chercher l'armoire à chaussure pour déposer à la rue Charles Dupuis 114/4 ,45378,,1,Vincent,,
T_P798,45390,Stéphanie Debeil,CPAS,Plomberie, le 114/1: la chasse d'eau coule,45390,,1,Vincent,,
T_P806,45400,Stéphanie Debeil,CPAS,Entretien général,prendre un BC au service administratif du service social et aller chercher la commande au bureau vallee,45400,,1,Vincent,,
T_P807,45400,Stéphanie Debeil,CPAS,Entretien général,prendre la déchiqueteuse dans le bureau de stephanie ,45400,,1,Vincent,,
T_P809,45404,Stéphanie Debeil,CPAS,Entretien général,la porte d'enrée du batiment ne se ferme pas correctement ,45404,,1,Vincent,,
T_P810,45404,Stéphanie Debeil,ILA,Plomberie,"à la rue Charles Dupuis 114/4 , probleme de canalisation ",45404,,1,Vincent,,
T_P823,45419,Stéphanie Debeil,ILA,Plomberie,fuite de l'évier de la rue Mandart 28,45419,,1,Vincent,,
T_P833,45440,Stéphanie Debeil,CPAS,Entretien général,prendre au 114/1 rue Ch Dupuis  les essuies et literie pour deposer à l'ADV,45440,,1,Vincent,,
T_P835,45447,Stéphanie Debeil,ILA,Entretien général,Cité Cosmopolite :remplacer les piles de l'extincteur dans le hall d'entrée de l'appartement,45447,,1,Vincent,,
T_P837,45450,Stéphanie Debeil,ILA,Entretien général,cite cosmo :peindre mur de la cuisine et salle de bain + mettre armature lampe de la cuisine + fixer plaque sur le côté de la Hotte de la cuisine,45450,,2,Vincent,,
T_P836,45450,Stéphanie Debeil,ILA,Entretien général,rue mandart :Rehausser la balustrade du grenier pour arriver à 1 mètres de hauteur + rajouter un plexiglass des deux côtés,45450,,1,Vincent,,
T_P838,45450,Stéphanie Debeil,ILA,Entretien général,"rue Charles Dupuis 114/04, Réparer armoire  + fixer plaque en dessous de la barrière de sécurité de la fenêtre du salon et de la chambre + installer la couverture anti feu à proximité de la cuisinière  + remettre un cache vue à la fenêtre de la salle de bain + sécuriser la prise de la salle de bain",45450,,1,Vincent,,
T_P848,45460,Stéphanie Debeil,ILA,Entretien général,"Rue Charles Dupuis 114/1: (préparation à une nouvelle intégration au logement)
-Prendre les mesures pour l'installation de tentures dans les chambres du logement + faire un devis si possible.",45460,,1,Vincent,,
T_P847,45460,Stéphanie Debeil,ILA,Entretien général,"Rue Mandart 28:
-Remplacer une ampoule LED dans le living.",45460,,1,Vincent,,
T_P849,45461,Stéphanie Debeil,CPAS,Entretien général,aller chercher le barilet cheze Denis et l'installer au 43 rue J Menin ,45461,,1,Vincent,,
T_P850,45462,Stéphanie Debeil,CPAS,Entretien général,prendre l'exctincteur à la cave pour l'ILA mais vérifier que l'entretien de ce dernier est OK,45462,,1,Vincent,,
T_P855,45467,Stéphanie Debeil,CPAS,Entretien général,verifier la boite à clés dans le bureau de Kim et Steph,45467,,1,Vincent,,
T_P858,45468,Stéphanie Debeil,ILA,Entretien général,Constater le modèle qu'il faut et commander une nouvelle perche à coupole pour la rue Mandart (SDB) ,45468,,1,Vincent,,
T_P859,45468,Stéphanie Debeil,ILA,Entretien général,Prendre le produit anti-moisissure pour frotter la moisissure présente au niveau de la coupole (accessible uniquement via une échelle) et laisser le produit sur place.: rue mandart,45468,,1,Vincent,,
T_P868,45476,Stéphanie Debeil,CPAS,Entretien général,changer le barillet du logement de transit de la rue de Paturage et aller jetter les dechets du loement,45476,,1,Vincent,,
T_P871,45481,Stéphanie Debeil,ILA,Entretien général,faire des devis pour les stores de l'ILA de la rue Charles Dupuis,45481,,1,Vincent,,
T_P874,45483,Stéphanie Debeil,CPAS,Entretien général,infiltration d''eau aux toilettes femmes du 2eme étage du CPAS,45483,,1,Vincent,,
T_P875,45484,Stéphanie Debeil,CPAS,Entretien général,installer la tableau dans le couloir du 1er ( voir thibault ou corentin) ,45484,,1,Vincent,,
T_P877,45485,Stéphanie Debeil,CPAS,Entretien général,aller chrecher une commande au BRICo pour Jade,45485,,1,Vincent,,
T_P885,45496,Stéphanie Debeil,CPAS,Electricité,prob de neon dans le bureau de Jade/Lorena/Alexia,45496,,1,Vincent,,
T_P886,45497,Stéphanie Debeil,CPAS,Entretien général,probleme de chauffage au 114/1 ru Ch Dupuis,45497,,1,Vincent,,
T_P888,45505,Stéphanie Debeil,CPAS,Chauffage,"au 114/1, le chauffage fonctionne en permanence",45505,,1,Vincent,,
T_P892,45513,Stéphanie Debeil,ILA,Entretien général,a la cité cosmo : remplacer le multiprise dans la cuisine,45513,,1,Vincent,,
T_P894,45516,Stéphanie Debeil,ILA,Entretien général,"rue Mandart :
-remplacer l'interrupteur éclairage cave.
-Refixer la première charnière de la porte du grenier",45516,,1,Vincent,,
T_P899,45532,Stéphanie Debeil,ILA,Entretien général,Passer à la rue Mandart 28 pour vérifier le problème de fissure déclaré par la famille qui loge dans le logment.,45532,1,1,Vincent,,
T_P900,45534,Stéphanie Debeil,CPAS,Plomberie,rue Charles Dupuis 114/ :  l'évier de cuisine est  bouché ,45534,,1,Vincent,,
T_P910,45558,Stéphanie Debeil,CPAS,Entretien général,éparation de la chasse d'eau de la rue Charles Dupuis 114/3 ,45558,,1,Vincent,,
T_P922,45572,Stéphanie Debeil,CPAS,Entretien général,8/10 : aller cherhcer la cuisinière à electro depot et la deposer à la rue J Menin,45572,,1,Vincent,,
T_P923,45572,Stéphanie Debeil,CPAS,Entretien général,10/10 : aller chez Ikea à 10h prendre les luminaires et matelas  pour la rue J Menin. Les deposer dans le logement et instaler les luminaires,45572,,1,Vincent,,
T_P927,45576,Stéphanie Debeil,ILA,Entretien général,"Repreindre, ""rafraichir"" l'ILA de la rue Mandart",45576,,1,Vincent,,
T_P928,45579,Stéphanie Debeil,CPAS,Entretien général,la porte d'entrée du CPAS ne se ferme plus correctement,45579,,1,Vincent,,
T_P950,45604,Stéphanie Debeil,CPAS,Entretien général,"pour la rue J menin : purger les radiatuers, vérifier le niveau d'eau de la chaudiere",45604,,1,Vincent,,
T_P954,45608,Stéphanie Debeil,ILA,Plomberie,cite cosmopolite : evier de la salle de bain bouché,45608,,1,Vincent,,
T_P958,45610,Stéphanie Debeil,Roseraie,Entretien général,prendre un BC chez stephanie pour aller cherhcer un commande chez Scientia,45610,,1,Vincent,,
T_P962,45616,Stéphanie Debeil,ILA,Plomberie,fuite d'eau dans la salle de bain de la cite cosmo,45616,,1,Vincent,,
T_P966,45621,Stéphanie Debeil,ILA,Entretien général,verifier l'état de la hotte de la rue Mandart 28 ,45621,,1,Vincent,,
T_P987,45644,Stéphanie Debeil,CPAS,Entretien général," installer les tentures à la rue Jean Menin.
Attention, il y a un châssis qui est plus large que les autres et nécessite un porte barre dans le centre pour gérer le poids. Sur cette même barre, il faudra y installer 3 rideaux.",45644,,1,Vincent,,
T_P1005,45664,Stéphanie Debeil,CPAS,Entretien général,Tentures à accrocher au 34 et 34/1 de la rue de Pâturages.,45664,,1,Vincent,,
T_P1009,45667,Stéphanie Debeil,CPAS,Entretien général,mettre des ampoules au 114/2 rue charles dupuis,45667,,1,Vincent,,
T_P1012,45670,Stéphanie Debeil,CPAS,Entretien général,aller vérifier les canalisations du 114/2 de l'évier de la cuisine,45670,,1,Vincent,,
T_P1014,45670,Stéphanie Debeil,ILA,Entretien général, Cité Cosmopolite 2/21 et voir l'évier de la salle de bain qui est bouché,45670,,1,Vincent,,
T_P1013,45670,Stéphanie Debeil,ILA,Entretien général,au 114/4 et vérifier le sommier du lit de Mme  ( reparable ou pas),45670,,1,Vincent,,
T_P1020,45681,Stéphanie Debeil,ILA,Entretien général,prendre le bon de commande de Van Marck au bureau des etrangers et aller chercher les fournitures,45681,,1,Vincent,,
T_P1033,45699,Stéphanie Debeil,CPAS,Entretien général,"àr la rue de Pâturages:
tentures à accrocher. ",45699,,1,Vincent,,
T_P1032,45699,Stéphanie Debeil,ILA,Entretien général,rue Mandart : L'aimant du coffret électrique permettant de bien fermer le coffret est cassé.,45699,,1,Vincent,,
T_P1044,45706,Stéphanie Debeil,ILA,Entretien général,"a la rue Charles Dupuis 114/4, 7390 Quaregnon : pour réparer le lit",45706,,1,Vincent,,
T_P1047,45706,Stéphanie Debeil,CPAS,Entretien général,24/02/2025 à 14h00 au 34 rue de Pâturage: besoin de la présence de vincent pour relever les compteurs gaz et eau,45706,,1,Vincent,,
T_P1048,45706,Stéphanie Debeil,ILA,Electricité,prendre  lale BC bureau des étrangers pour une hotte et l'installer à la rue mandart,45706,,1,Vincent,,
T_P1049,45708,Stéphanie Debeil,ILA,Entretien général,changement d'ampoules cite cosmo,45708,,1,Vincent,,
T_P1057,45722,Stéphanie Debeil,CPAS,Entretien général, prendre le bon de commande de la machine à laver au service étranger et aller le prendre chez Kreffel à hornu pour ensuite l'installer à la rue Mandart 28,45722,,1,Vincent,,
T_P1058,45722,Stéphanie Debeil,CPAS,Plomberie,"Aller à la rue Jean Menin 43 et voir ce qui se passe au niveau du robinet, l'eau ne coule plus.",45722,,1,Vincent,,
T_P1060,45723,Stéphanie Debeil,CPAS,Entretien général,toilettes bouchees au 114/3,45723,,1,Vincent,,
T_P1063,45727,Stéphanie Debeil,CPAS,Entretien général,deposer la machine à laver de la rue Mandart chez Busi pour un devis,45727,,1,Vincent,,
T_P1065,45728,Stéphanie Debeil,CPAS,Entretien général,"Venir au bureau du service étrangers, prendre le bon de commande concernant les ampoules, cheville et plafonnier. Pour ensuite les installer à la Cité Cosmopolite 2/21",45728,,1,Vincent,,
T_P1080,45740,Stéphanie Debeil,ILA,Entretien général,"prendre le bon de commande concernant la hotte au bureau du service étrangers, et lretirer la marchandise chez Ikea",45740,,1,Vincent,,
T_P1086,45755,Stéphanie Debeil,CPAS,Entretien général,Rue de Pâturages - prendre les mesures et définir les matériaux nécessaire pour réaliser un moustiquaire,45755,,1,Vincent,,
T_P1088,45758,Stéphanie Debeil,CPAS,Entretien général,15/04 : changer le barrillet du 114/1 ,45758,,1,Vincent,,
T_P1103,45782,Stéphanie Debeil,ILA,Entretien général,wc bouchés à la rue mandart,45782,,1,Vincent,,
T_P1106,45783,Stéphanie Debeil,CPAS,Entretien général,"réaliser des devis pour le 114/03 : 
-1 plafonniers globe, 
-1 planche MDF,
-Cornière en L 18 mm",45783,,1,Vincent,,
T_P1105,45783,Stéphanie Debeil,CPAS,Entretien général,"faire le point au 114-03 sur les travaux, reparations à réaliser",45783,,1,Vincent,,
T_P1107,45785,Stéphanie Debeil,CPAS,Entretien général,13/05 7h45 : aller chercher meuble WC chez Véro et le déposer dans le bureau de Stéphanie Debeil,45785,,1,Vincent,,
T_P1111,45786,Stéphanie Debeil,CPAS,Entretien général,Pour la rue Mandart:  Tailler les ronces qui envahissent la cour.,45786,,1,Vincent,,
T_P1110,45786,Stéphanie Debeil,CPAS,,"au 114/3: évacuer le matelas, le divan ainsi que le fauteuil.",45786,,1,Vincent,,
T_P1113,45793,Stéphanie Debeil,CPAS,Entretien général,prendre les bons de commande Ikea au bureau du service étrangers et aller chercher les marchandises pour les installer dans les logements,45793,,1,Vincent,,
T_P1117,45797,Stéphanie Debeil,CPAS,Entretien général,"prendre le bon de commande GAMMA au sein du bureau du service étrangers, et aller chercher les marchandises au magasin pour les installer dans les logements",45797,,1,Vincent,,
T_P1119,45797,Stéphanie Debeil,CPAS,Entretien général,prendre des bons de commande Ikea au service etranger,45797,,1,Vincent,,
T_P1118,45797,Stéphanie Debeil,CPAS,Entretien général,installer le meuble qui se trouve dans le bureau de kim/steph au 114/3,45797,,1,Vincent,,
T_P1121,45803,Stéphanie Debeil,CPAS,Entretien général,remplacer la boite aux lettres au 114/2 rue charles Dupuis,45803,,1,Vincent,,
T_P1127,45804,Stéphanie Debeil,CPAS,,prendre le bon de commande au bureau du service étrangers pour aller chercher la marchandise à Brico Boussu et l'installer au logement adéquat,45804,,1,Vincent,,
T_P1134,45812,Stéphanie Debeil,CPAS,Entretien général,remettre une armoire aux arcihves service socia,45812,,1,Vincent,,
T_P1133,45812,Stéphanie Debeil,CPAS,Entretien général,"Aller à la Cité Cosmopolite et changer les luminaires du hall d'entrée pour le séjour, et inversement, mettre celles du séjour, au hall d'entrée.",45812,,1,Vincent,,
T_P1135,45812,Stéphanie Debeil,CPAS,Entretien général,prendre le BC 441 dans le bureau de Steph et aller chercher la marchandise chez Gamma,45812,,1,Vincent,,
T_P1131,45812,Stéphanie Debeil,CPAS,Entretien général,chasse d'eau ne fonctionne plus aux toilettes en face de la cuisine,45812,,1,Vincent,,
T_P1138,45820,Stéphanie Debeil,CPAS,Entretien général, prendre le bon de commande VAN MARCKE au bureau des étrangers et aller chercher le matériel pour renflouer le stock du domaine de la Roseraie.,45820,,1,Vincent,Vincent,
T_P1140,45825,Stéphanie Debeil,CPAS,,Installer le mitigeur et autres matériaux pris sur le bon de commande concernant le logement situé à la rue Charles depuis 114/1,45825,,1,Vincent,,
T_P1147,45833,Stéphanie Debeil,CPAS,Entretien général,aller chercher les commandes Rexel et brico pour le service energie à partir du 7/07,45833,,1,Vincent,,
T_P1153,45839,Stéphanie Debeil,CPAS,Entretien général, 114/4 rue Charles Dupuis les WC sont bouchés,45839,,1,Ouvriers_ADV,,
T_P1154,45841,Stéphanie Debeil,CPAS,Entretien général,Réparer la porte gauche du meuble de l'évier de l'appartement 114/3,45841,,1,Vincent,,
T_P1155,45841,Stéphanie Debeil,CPAS,Entretien général, odeur d'urine au 114/03,45841,,1,Vincent,,
T_P1156,45842,Stéphanie Debeil,CPAS,Entretien général, prendre le bon de commande au service étrangers concernant les garnitures de baignoire et intsaller le matériel,45842,,1,Ouvriers_ADV,,
T_P1157,45842,Stéphanie Debeil,CPAS,Entretien général, prendre le deuxième bon de commande et prendre les deux ventilateurs en même temps. Les deux ventilateurs peuvent être remis au bureau du service étrangers.,45842,,1,Vincent,,
T_P1164,45868,Stéphanie Debeil,ILA,Entretien général,"problème de chauffage (salon, cuisine, chambre) à la Cité Cosmopolite",45868,,1,Vincent,,
T_P1165,45869,Stéphanie Debeil,CPAS,Entretien général,rue de Paturages 34 :  mardi 5/08 : mettre les poubelles du fond de la cour dans des sacs blancs et les mettre sur le trottoir pour le passage des poubelles,45869,,1,Vincent,,
T_P1166,45869,Stéphanie Debeil,CPAS,Entretien général,jetter le matelas taché du 34 rue du paturages et le remplacer par le matelas stocké dans le lit bébé du meme logement. Frotter le canapé avec un rouleau anti poil ( car poil de chat),45869,,1,Vincent,,
T_P1169,45875,Stéphanie Debeil,CPAS,Entretien général,"
prendrer les bons de commande demandé au bureau du service des étrangers pour le mitigeur et la cuisinière et les installer dans les logements adéquat",45875,,1,Vincent,,
T_P1177,45881,Stéphanie Debeil,CPAS,Entretien général,"Faire une évaluation des bouchons + devis pour éviers et baignoires des logements du 114 et de la rue de Pâturages.
Pour le 114/1: remplacer la planche du meuble de l'évier de cuisine et traiter le mur sous-évier afin d'éliminer les champignons dus à l'humidité.
Pour le 114/3: Une odeur d'égout et d'urine est toujours très présente. Il faut évaluer d'où vient le problème.  ",45881,,1,Vincent,,
T_P1176,45881,Stéphanie Debeil,CPAS,Electricité,"vérifier le câble du telephone du bureau de Corentin , l'identifier dans le switch du local serveur, afin que Tiziano envoit  une configuration chez Win et Mixvoip ",45881,,1,Ouvriers_ADV,,
T_P1178,45882,Stéphanie Debeil,CPAS,Entretien général,Cité Cosmopolite 2/21 :problème de chauffage signalé,45882,,1,Vincent,,
T_P1202,45922,Stéphanie Debeil,CPAS,Entretien général,"Pour Mardi 23-09:  Aller chercher 4 chaises à Emmaüs (gratuit) => s'adresser à Alex Lecocq.
Pour mercredi 24-9: voir  Maxime au bureau des étrangers pour mettre en place un plan d'action pour le 43 Jean Menin (plan d'action).
Prévoir que le 1er octobre un ouvrier devra se libérer avec la camionnette pour livrer un matelas et d'autres petit matériels à l'Avenue de Rome 3/71 à Marchienne au Pont.
1er octobre après-midi: Il faudra également monter les lits superposés récupérés chez Weba au préalable.",45922,,1,Vincent,,
T_P1201,45922,Stéphanie Debeil,CPAS,Entretien général,aller chez Emmaus en apres midi reprendre des chaises  voir Maxime au prealable ,45922,,1,Vincent,,
T_P1203,45922,Stéphanie Debeil,CPAS,Entretien général,114/3: Le robinet de la baignoire fuite.,45922,,1,Vincent,,
T_P1214,45931,Stéphanie Debeil,CPAS,Entretien général,rfaire le demenagement de la rue J Menin à Mont sur Marchienne,45931,,1,Vincent,,
T_P1215,45931,Stéphanie Debeil,CPAS,Entretien général,prendre le BC au service étranger et aller chercher les lits chez Weba,45931,,1,Vincent,,
T_P1218,45933,Stéphanie Debeil,CPAS,Entretien général,"Aller chercher deux matelas au  114/3 (Mr Dainoti)
Aller 2 matelas au 34 et 34/1  (pour info: 1 chez Didier Debare et un autre chez Cécile. Le matelas chez Cécile sera dans la première pièce de l'appartement 34/1).
Aller chercher un nouveau matelas chez WEBA (récupérer le bon de commande).
Déposer tous les matelas à Jean Menin.",45933,,1,Vincent,,
T_P1222,45938,Stéphanie Debeil,CPAS,Entretien général,probleme d'éclairage à la cuisine de la rue J menin ,45938,,1,Vincent,,
T_P1223,45938,Stéphanie Debeil,CPAS,Entretien général,refixer la planche des toilettes et reprndre les cartons de la cave de la rue J Menin,45938,,1,Vincent,,
T_P1224,45938,Stéphanie Debeil,CPAS,Entretien général,"rue J menin 43, pas d'electricité dans la chambre ",45938,,1,Vincent,,
T_P1225,45938,Stéphanie Debeil,CPAS,Entretien général,"114/1 : pas d'eau chaude, les intéressés travaillent, nous prevenir pour la visite",45938,,1,Vincent,,
T_P1226,45939,Stéphanie Debeil,CPAS,Entretien général,"rue J menin 43, wc fuite",45939,,1,Vincent,,
T_P1234,45965,Stéphanie Debeil,ILA,Entretien général, l'éclairage des WC de la cité Cosmopolite ne fonctionne plus,45965,,1,Vincent,,
T_P1244,45978,Stéphanie Debeil,ILA,Plomberie,fuite à l'arrivée d'eau du WC du logement de la cité Cosmopolite.,45978,,1,Vincent,,
T_P1246,45979,Stéphanie Debeil,CPAS,Entretien général,"Refixer les barres à rideaux, Réparer et sécuriser l'éclairage chambre des parents",45979,,1,Vincent,,
T_P1248,45981,Stéphanie Debeil,CPAS,Entretien général,!!!     URGENT!!!!!    changer le barilet au 114/2 rue charles dupuis,45981,,1,Vincent,,
T_P1251,45992,Stéphanie Debeil,CPAS,Entretien général,mettre le frigo du  114/4 au 114/3 ,45992,,1,Vincent,,
T_P1269,46013,Stéphanie Debeil,CPAS,Entretien général,"Aller à carrefour des grands pré pour prendre les sacs poubelles (le bon de commande se trouve au bureau du service des étrangers), et ramener les sacs au bureau du service des étrangers",46013,,1,Vincent,Ouvriers_ADV,
T_P1285,46030,Stéphanie Debeil,CPAS,Entretien général,changer les piles coffre de stephanie,46030,,1,Vincent,Vincent,
T_P1289,46037,Stéphanie Debeil,CPAS,Entretien général,mettre le frigo du 114/4 au 114/3,46037,,1,Vincent,,
T_P1291,46042,Stéphanie Debeil,ILA,Entretien général,"a la cite cosmopolite : Problème avec l'éclairage de la SDB et changement du flexible de douche,",46042,,1,Vincent,,
T_P1293,46043,Stéphanie Debeil,ILA,Entretien général,au 114/2 de la rue Charles Dupuis: vanne thermostatique du radiateur du living est cassée et une chaise est a réparer,46043,,1,Vincent,Ouvriers_ADV,
T_P1299,46049,Stéphanie Debeil,CPAS,Entretien général,rue Mandart 28 : changer l'ampoule défectueuse de la salle de bain.,46049,,1,Vincent,Ouvriers_ADV,
T_P1297,46049,Stéphanie Debeil,CPAS,Entretien général,"au 114/3, réparer le robinet défectueux",46049,,1,Vincent,Ouvriers_ADV,
T_P006,44239,Steve Stoffel,Roseraie,Sanitaire,Réparation WC - Roseraie 15,44245,"0,5 jour",1,Vincent,,
T_P007,44244,Steve Stoffel,CPAS,Entretien général,Vérifier la cuisinière - ILA - Mandart 28,44245,1h,1,Vincent,,
T_P008,44249,Steve Stoffel,Roseraie,Menuiserie,Problème serrure - Roseraie 20,44249,"0,5 heure",1,Vincent,,
T_P016,44252,Steve Stoffel,Roseraie,Chauffage,Problème chaudière - Roseraie 3,44252,1h,1,Ouvriers_ADV,,
T_P018,44252,Steve Stoffel,Roseraie,Sanitaire,Passer le Karcher dans les évacuations - Roseraie 3,44256,2h,2,Vincent,,
T_P025,44264,Steve Stoffel,ILA,Entretien général,Réception de la cuisinière - 114/2,44266,1h,1,Vincent,,
T_P031,44271,Steve Stoffel,CPAS,Entretien général,Monter les caisses de fournitures administratives au 1er,44272,1h,1,Vincent,,
T_P029,44270,Steve Stoffel,CPAS,Entretien général,Jeter les anciennes chaises de bureau,44273,2h,2,Vincent,,
T_P043,44298,Steve Stoffel,Roseraie,Entretien général,Problème humidité - Roseraie 28,44300,1h,1,Vincent,,
T_P045,44300,Steve Stoffel,CPAS,Entretien général,Déménager l'ancien bureau de Raphaël,44301,2h,2,Vincent,,
T_P048,44307,Steve Stoffel,Roseraie,Entretien général,Roseraie n°4 - Ardoise à refixer (voir Steve pour infos complémentaires),44307,1h,1,Ouvriers_ADV,,
T_P064,44315,Steve Stoffel,Roseraie,Electricité,Remplacer les éclectros (hotte + taques + four) Ch. Du Bon Dieu 14,44316,3h,1,Ouvriers_ADV,,
T_P090,44356,Steve Stoffel,CPAS,Sanitaire,Test,44356,1h,1,Vincent,,
T_P091,44361,Steve Stoffel,CPAS,Peinture,Refaire le marque ge du parking Destrée - Voir Steve pour les modalités pratiques,44361,1/2 jour,1,Ouvriers_ADV,,
T_P095,44363,Steve Stoffel,CPAS,Entretien général,Refixer le store dans le bureau de Christophe,44363,1h,1,Vincent,,
T_P117,44383,Steve Stoffel,Roseraie,Entretien général,Roseraie 12 - Ardoise à réparer,44383,1h,1,Vincent,,
T_P122,44383,Steve Stoffel,Roseraie,Entretien général,"Bon Dieu 24 - porte en couleur, vérifier frigo, problèmes canalisations",44383,1h,1,Vincent,,
T_P118,44383,Steve Stoffel,CPAS,Plomberie,Roseraie 22 - Robinet défectueux,44383,1h,1,Vincent,,
T_P116,44383,Steve Stoffel,Roseraie,Peinture,Roseraie 3 - Vernir les châssis,44383,1j,1,Vincent,,
T_P114,44383,Steve Stoffel,Roseraie,Entretien général,Roseraie 27 - Vérifier poubelle + four,44383,1h,1,Vincent,,
T_P115,44383,Steve Stoffel,Roseraie,Entretien général,Roseraie 11 - Bas de porte à réparer,44383,1h,1,Vincent,,
T_P119,44383,Steve Stoffel,Roseraie,Plomberie,Roseraie 19 - Vérifier tuyauterie,44383,1h,1,Vincent,,
T_P121,44383,Steve Stoffel,Roseraie,Entretien général,"Bon Dieu 16 - Vérifier : serrure, plinthe et hotte",44383,1h,1,Vincent,,
T_P110,44383,Steve Stoffel,CPAS,Entretien général,Accrocher des cadres dans le bureau du Président,44383,1h,1,Vincent,,
T_P120,44383,Steve Stoffel,Roseraie,Plomberie,Roseraie 5 - Egout bouché,44383,1h,1,Vincent,,
T_P112,44383,Steve Stoffel,Roseraie,Entretien général,Roseraie 33 - Petit plafonnage à refaire,44383,1h,1,Vincent,,
T_P113,44383,Steve Stoffel,Roseraie,Plomberie,Roseraie 8 - Probème évier + barre à serviettes,44383,1h,1,Vincent,,
T_P124,44384,Steve Stoffel,Roseraie,Entretien général,Bon Dieu 16 - Remplacer la hotte,44384,1h,1,Vincent,,
T_P123,44384,Steve Stoffel,Roseraie,Electricité,Roseraie 27 - Vérifier le four (Voir Evelyne pour prévenir la dame du passage du technicien),44384,1h,1,Ouvriers_ADV,,
T_P169,44477,Steve Stoffel,CPAS,Chauffage,Bureau Steve (insertion) - Le radiateur ne chauffe pas,44480,,1,Vincent,,
T_P181,44487,Steve Stoffel,CPAS,Entretien général,Accrocher un cadre dans le bureau de Steve,44494,0.25,1,Vincent,,
T_P216,44524,Steve Stoffel,CPAS,Entretien général,Retirer un bureau et un bloc à tiroirs chez WEBA (BC disponible chez Sophie),44525,1h,1,Vincent,,
T_P265,44580,Steve Stoffel,CPAS,Entretien général,Récupérer une commande livre à la librairie Scientia (Voir mail dans le bac),44582,1h30,1,Vincent,,
T_P268,44586,Steve Stoffel,CPAS,Entretien général,Monter une étagère à archives dans le bureau d'Inès,44586,1h,1,Vincent,,
T_P307,44645,Steve Stoffel,Magasin,Parc voitures,Passage contrôle technique Renault Master (avant le 04/05/2022) - Convocation chez Corinne,44645,2h,1,Vincent,,
T_P316,44664,Steve Stoffel,CPAS,Entretien général,Vérifier l'état de la hotte dans le logement 114/2,44664,1,1,Vincent,,
T_P315,44664,Steve Stoffel,CPAS,Entretien général,Graisser le bras de retour de la porte coupe-feu - Insertion,44664,30 minutes,1,Vincent,,
T_P317,44665,Steve Stoffel,CPAS,Electricité,Installation d'une prise réseau dans le sas insertion (en face bureau Steve),44665,1,1,Ouvriers_ADV,,
T_P319,44666,Steve Stoffel,ILA,Sanitaire,Baignoire bouchée au 114/4 (vérifier écoulement au 114/2) - Voir Arno,44666,1,1,Vincent,,
T_P340,44697,Steve Stoffel,CPAS,Entretien général,Vérifier la fenêtre du bureau de Corinne qui ne s'ouvre plus,44697,1,1,Vincent,,
T_P341,44698,Steve Stoffel,CPAS,Marchandises magasin,"Atelier cuisine - Transférer les ustensiles de la MQ ""Sud"" vers la MDA (9h le matin)",44700,1h,1,Vincent,,
T_P342,44698,Steve Stoffel,Magasin,Entretien général,Aller cherche du mobilier de jardin chez une bénéficiaire (rue de la Boule 167) et les apporter au potager Roseraie (voir Inès pour infos) - Idéalement avant 9h vendredi,44701,1h,1,Vincent,,
T_P352,44704,Steve Stoffel,CPAS,Sanitaire,Urinoirs 2ème étage bouchés,44704,1,1,Vincent,,
T_P348,44700,Steve Stoffel,CPAS,Entretien général,Double de clef chez Denis (original à prendre chez Inès),44704,1,1,Vincent,,
T_P353,44704,Steve Stoffel,CPAS,Jardin / extérieur,Tranposrter les anciennes palettes du CPAS vers un local du PCS (stade Louis Pierard). Bruno doit être présent pour ouvrir le portail. Merci de confirmer à Inès si possible pour cette date à 9h.,44711,1,1,Vincent,,
T_P360,44714,Steve Stoffel,CPAS,Entretien général,Tranposrter les anciennes palettes du CPAS vers un local du PCS (stade Louis Pierard). Bruno doit être présent pour ouvrir le portail. Merci de confirmer à Inès si possible pour cette date à 9h30.,44720,1,1,Vincent,,
T_P343,44698,Steve Stoffel,CPAS,Marchandises magasin,"Atelier cuisine - Transférer les ustensiles de la MQ ""Sud"" vers la MDA (9h le matin)",44735,1h,1,Vincent,,
T_P372,44740,Steve Stoffel,Roseraie,Entretien général,débroussailler potager ( voir Ines ) ,44740,1,1,Vincent,,
T_P377,44746,Steve Stoffel,Roseraie,Jardin / extérieur,Débrousailler une partie du potager (voir Inès pour infos),44746,1,1,Vincent,,
T_P376,44746,Steve Stoffel,CPAS,Entretien général,Aller chercher un cuve à eau chez Sébastien Mathieu (Voir Inès pour infos),44746,1,1,Vincent,,
T_P379,44749,Steve Stoffel,CPAS,Entretien général,Aller chercher des blocs de béton chez Deghillage (Voir Inès pour infos),44749,1,1,Vincent,,
T_P426,44820,Steve Stoffel,CPAS,Entretien général,Vérifier éclairage WC à coté bureau Inès,44820,1,1,Vincent,,
T_P448,44859,Steve Stoffel,ILA,Entretien général,"Diverses tâches à exécuter au 114/4 (ampoules, fenêtres qui ne ferment plus, trou dans e mur à réparer, garde robe à changer, etc.). Voir Alexandre pour infos complémentaires",44859,,1,Vincent,,
T_P466,44887,Steve Stoffel,CPAS,Jardin / extérieur,Aller chercher des outils de jardin chez HUBO (voir Inès pour BC),44887,,1,Vincent,,
T_P470,44889,Steve Stoffel,CPAS,Chauffage,Purger les radiateurs dans le bureau d'Inès,44889,,1,Vincent,,
T_P477,44901,Steve Stoffel,ILA,Entretien général,Remplacement barillet porte entrée Rue Mandart 28,44901,,1,Vincent,,
T_P482,44908,Steve Stoffel,ILA,Entretien général,"réparer bac frigo - cité cosmopolite, 2/21",44908,,1,Vincent,,
T_P481,44908,Steve Stoffel,ILA,Chauffage,changer vanne radiateur ,44908,,1,Vincent,,
T_P480,44908,Steve Stoffel,ILA,Chauffage,changer vanne radiateur ,44908,,1,Vincent,,
T_P484,44908,Steve Stoffel,ILA,Menuiserie,"faire 3 doubles de clé de la rue mandart, 28",44908,,1,Vincent,,
T_P483,44908,Steve Stoffel,ILA,Entretien général,"rassembler affaire Mr AJBOUR dans un sac et déposer le sac au service étranger - rue mandart, 28",44908,,1,Vincent,,
T_P485,44909,Steve Stoffel,CPAS,Entretien général,déplacer tableau mural dans le bureau de Tina (médiation),44909,,1,Vincent,,
T_P478,44902,Steve Stoffel,CPAS,Entretien général,Déplacer 2 cadres (bureau TINA => médiation),44909,,1,Vincent,,
T_P487,44911,Steve Stoffel,ILA,Entretien général,Rue Mandart - Vider et jeter contenu (frigo et congélateur) + apporter les affaires restantes (dans un sac) dans le bureau d'Alexandre,44911,,1,Vincent,,
T_P498,44918,Steve Stoffel,CPAS,Entretien général,"Prendre des bacs avec boissons, café, biscuit à la cuisine de l'ADV ( vers 12h30) et les déposer à la piscine pour une réunion avec Véro (13h-16h). Le lendemain matin, récupérer les bacs et les redéposer à l'ADV.",44935,,1,Vincent,,
T_P530,44964,Steve Stoffel,CPAS,Entretien général,Aller chercher des marchandises chez Sébastien Mathieu (Voir Inès pour bon de commande),44964,,1,Vincent,,
T_P538,44970,Steve Stoffel,CPAS,Entretien général,"Apporter le matériel de cuisine de la maison de quartier sud vers MDA (9h). En fin de journée, ramener le matériel à la maison de quartier de l'égalité",44973,,1,Vincent,,
T_P568,45007,Steve Stoffel,CPAS,Entretien général,Installer un tableau d'affichage dans le bureau de Laurie et Julie,45007,,1,Vincent,,
T_P539,44970,Steve Stoffel,CPAS,Entretien général,"Apporter le matériel de cuisine de la maison de quartier sud vers MDA (9h). En fin de journée, ramener le matériel à la MQ Sud",45008,,1,Vincent,,
T_P598,45042,Steve Stoffel,CPAS,Chauffage,Impossibilité de couper les radiateurs dans le bureau d'Inès. Merci de vérifier,45042,,1,Vincent,,
T_P541,44970,Steve Stoffel,CPAS,Entretien général,"Apporter le matériel de cuisine de la maison de quartier sud vers MDA (9h). En fin de journée, ramener le matériel à la MQ Sud",45057,,1,Vincent,,
T_P595,45037,Steve Stoffel,Magasin,Chauffage,SBA vient faire l'entretien de la chaudière + réparation radiateurs appartements 114,45078,2,1,Vincent,,
T_P620,45083,Steve Stoffel,CPAS,Entretien général,Apporter du matériel créatif (voir Marie-Ange) à la MDA,45089,,1,Vincent,,
T_P625,45091,Steve Stoffel,CPAS,Entretien général,Transporter du matériel pour atelier créatif du CPAS vers la MDA (déposer vers 8h30 et reprendre à 12h). Voir Marie-Ange pour la matériel,45096,1,1,Ouvriers_ADV,,
T_P616,45076,Steve Stoffel,CPAS,Entretien général,"Apporter le matériel de cuisine de la maison de quartier sud vers MDA (9h). En fin de journée, ramener le matériel à la MQ Sud",45099,,1,Vincent,,
T_P627,45091,Steve Stoffel,Magasin,Entretien général,Apporter la matériel de cuisine à la MDA (8h30 le matin - Retour 14h30). Voir Marie-Ange pour le matériel,45099,,1,Vincent,,
T_P626,45091,Steve Stoffel,CPAS,Entretien général,Transporter du matériel pour atelier créatif du CPAS vers la MDA (déposer vers 8h30 et reprendre à 12h). Voir Marie-Ange pour la matériel,45103,1,1,Ouvriers_ADV,,
T_P639,45106,Steve Stoffel,Magasin,Entretien général,Réception des marchandises FEAD (voir Elodie pour détails),45111,,2,Vincent,,
T_P688,45189,Steve Stoffel,Magasin,Marchandises magasin,Réceptionner la livraison FEAD (matinée),45197,3h30,2,Vincent,,
T_P690,45189,Steve Stoffel,Magasin,Marchandises magasin,Aller chercher les produits frais à Ressaix (Le restaurant du cœur),45198,,1,Vincent,,
T_P777,45341,Steve Stoffel,CPAS,Entretien général,Resserrer la poignée de la porte du bureau d'Elodie Martin,45341,5 minutes,1,Vincent,,
T_P805,45399,Steve Stoffel,Magasin,Marchandises magasin,Voir avec Curtis pour récupérer une commande de terreau chez Gama et la déposer au potager (Roseraie),45399,1,2,Vincent,,
T_P930,45582,Steve Stoffel,CPAS,Parc voitures,Fiat Fiorino : pneus à changer. Faire demandes de prix,45582,1,1,Vincent,,