Numéro de la tâche,Date de création de la tâche,Nom de la personne initiatrice de la tâche,Site de réalisation de la tâche,Nature de la tâche,Description de la tâche,Date de début de la tâche,Durée estimée en heure(s) ou journée(s),Nombre de personnes souhaitées,Service N°1 mandaté pour la réalisation de la tâche,Service N°2 mandaté pour la réalisation de la tâche,Service N°3 mandaté pour la réalisation de la tâche
,,,,,,,,,,,
,,,,,,,,,,,
T_P1871,46093,Barry Amadou,MRS,Entretien général,"Buanderie : Soucis avec les machines à laver, notamment au niveau des programmes 2 et 8 (essorage, nettoyage, bruit par moments)",46093,,,Ouvriers_CPAS,,
T_P1870,46093,Barry Amadou,MRS,Entretien général,Chambre 30 : Store bloqué,46093,,,Ouvriers_CPAS,,
T_P1899,46120,Barry Amadou,MRS,Entretien général,"Merci d'envoyer le matériel d'entretien au CPAS demain matin.
Vous trouverez le bac à côté du séchoir, comme d'habitude.",46120,,,Ouvriers_CPAS,,
T_P1900,46128,Barry Amadou,MRS,Plomberie,Cantou LILAS : Fuite d'eau en dessous de l'évier de la cuisine (Urgent).,46128,,,Ouvriers_CPAS,,
T_P1902,46133,Barry Amadou,MRS,Entretien général,"Merci d'envoyer le matériel d'entretien au CPAS demain matin.
Vous trouverez le bac + une petite échelle à côté du séchoir, comme d'habitude.",46133,,,Ouvriers_CPAS,,
T_P1888,46107,Cuistots,MRS,Cuisine,"Four côté flexcool fuite d'eau quotidienne , merci de faire le néccesaire pour réparation. ",46107,1,1,Ouvriers_CPAS,,
T_P1804,46030,Hicham El Hariri,MRS,Entretien général,La Renault Kangoo : il y a un clou dans le pneu arrière droit.,46030,,1,Ouvriers_CPAS,,
T_P1853,46076,Hicham El Hariri,MRS,Cuisine,"Bonjour : pour une friteuse à gaz de marque SILKO, la petite flamme (veilleuse) de ta friteuse reste allumée mais que le brûleur principal ne s’allume pas quand on tournes la commande !! Est ce que c'est possible de nous envoyer un technicien car ce problème impacte vraiment la producion. Merci",46076,,,Luxpro,,
T_P1883,46100,Hicham El Hariri,MRS,Electricité,Faire la pelouse (terrases),46100,,,Ouvriers_CPAS,,
T_P1881,46100,Hicham El Hariri,MRS,Electricité,Verifier le bon fonctionnement des lecteurs badges,46100,,,Ouvriers_CPAS,,
T_P1880,46100,Hicham El Hariri,MRS,Electricité,"CH 36 : Stores bloqués, merci d'aller verifier",46100,,,Ouvriers_CPAS,,
T_P1879,46100,Hicham El Hariri,MRS,Electricité,CH 30 : Stores blqués ,46100,,,Ouvriers_CPAS,,
T_P1892,46108,Hicham El Hariri,MRS,Menuiserie,"Placer la charnière sur la porte du local ventillation au -1, merci",46108,,,Ouvriers_CPAS,,
T_P1905,46134,Hicham El Hariri,MRS,Plomberie,WC cantou boucher !!,46134,,,Ouvriers_CPAS,,
T_P1904,46134,Hicham El Hariri,MRS,Electricité,"Alex cuisine : la sous videuse ne s'allume plus, verifier l'état des fusibles",46134,,,Ouvriers_CPAS,,
T_P1903,46134,Hicham El Hariri,MRS,Entretien général,"Aller chercher les jeux le 23 avril entre 8h et 9h avec l'argent (19,50 + 50 de caution), ils signeront le contrat et ramèneront les jeux le lendemain aux mêmes heures. Voici l'adresse : Bibliothèque de Jemappes
Ludothèque ""L'île aux jeux"" Rue Général Leman, 42 - 7012 Jemappes",46134,,1,Ouvriers_CPAS,,
T_P1909,46135,Hicham El Hariri,MRS,Electricité,Ch 204 : un problème au plafonnier,46135,,,Ouvriers_CPAS,,
T_P1908,46135,Hicham El Hariri,MRS,Electricité,CH 31 : lampe HS,46135,,,Ouvriers_CPAS,,
T_P1907,46135,Hicham El Hariri,MRS,Electricité,"Tirer une alientation pour la nouvelle sauteuse, passer le cable par le vide ventillé en ouvrant les deux trappes de cuisine, merci",46135,,,Ouvriers_CPAS,,
T_P1906,46135,Hicham El Hariri,MRS,Electricité,"Identifier :
•	les prises réseau du bureau d’Alexandre
•	ainsi que les ports des switches sur lesquels elles sont connectées",46135,,,Ouvriers_CPAS,,
T_P1912,46136,Hicham El Hariri,MRS,Jardin / extérieur,"Louise Animation : Remonter un banc au cantou des Lilas, Remonter le terreau, Nous apporter de la colle à bois pour le panneau et Et si vous avez qlq caisse de côté pour nous, merci",46136,,2,Ouvriers_CPAS,,
T_P1911,46136,Hicham El Hariri,MRS,Plomberie,Passer le karcher dans la conduite principale existante dans le -1. merci,46136,,,Ouvriers_CPAS,,
T_P1910,46136,Hicham El Hariri,MRS,Plomberie,Changer le joint du flexible du circuit principale de la cogène.,46136,,1,Ouvriers_CPAS,,
T_P1913,46139,Hicham El Hariri,MRS,Parc voitures,gonflé ,46139,,,Ouvriers_CPAS,,
T_P1506,45659,Jan Callemeyn,MRS,Electricité,"Zone cuisine sale; Lave vaisselle Tunnel; Déffectuosité d'une résistance chauffante, celle-ci a été déconnectée. Merci pour votre intervention rapide.",45659,,1,Luxpro,,
T_P1830,46048,Jan Callemeyn,MRS,Entretien général,Installation de cogénération: Merci de prévoir la maintenance classique des 1250 h (suivant contrat). En effet il reste 200h de fonctionnement. Merci de nous prévenir de la date de votre intervention.,46048,,1,Cogengreen,,
T_P1784,46007,Barry Amadou,MRS,Entretien général,"Vous trouverez le bac à côté du séchoir, comme d'habitude.",46007,,,Ouvriers_CPAS,,
T_P1901,46132,Barry Amadou,MRS,Entretien général,Vestiaire Dames : Casier n°1 défectueux.   ,46132,,,Ouvriers_CPAS,,
T_P1705,45959,Cuistots,MRS,Cuisine,"réparer 2 mixeur plongeant défectueux + le bain marie précédement demandé , merci",45959,1,1,Ouvriers_CPAS,,
T_P1848,46065,Cuistots,MRS,Cuisine,"Ce jeudi 19/02/26, le buffet petit déjeuner des Euca aura lieu à  8h00. Pourriez-vous prévoir pour ce jour là au matin 3 tables pour dresser le buffet ainsi qu'une prise ralonge pour brancher le bain-marie. Merci d'avance pour votre collaboration, Alex ",46065,1,1,Ouvriers_CPAS,,
T_P1777,46002,Hicham El Hariri,MRS,Plomberie,Lave-pannes du RDC – Fuite non résolue : bac fissuré,46002,,,Thersa,,
T_P1884,46100,Hicham El Hariri,MRS,Menuiserie,"Pergolas : Preparer les poutres les décopes, entretien du bois ",46100,,,Ouvriers_CPAS,,
T_P1585,45860,Jan Callemeyn,MRS,Electricité,"Portail automatisé à l'entrée principale du site: Vérifier le bon fonctionnement des vérins hydrauliques, de la photocellule, de la boucle magnétique intégrée dans le sol. L'objectif est de remplacer le boitier électronique de commande et d'éventuels autres pièces d'après votre vérification. Merci,",45860,,2,Ouvriers_CPAS,,
T_P1649,45922,Jan Callemeyn,MRS,Entretien général,"Niv -1; local technique pompes: groupe hydrophore Wilo: le groupe tourne non stop, alors que la pression de service est atteinte. Après quelques tests de base, je soupçonne un problème au niveau du capteur de pression (ce problème est déjà apparu il y a quelques années). Le groupe est mis en mode OFF et le Bypass de l'eau de ville est ouvert. Merci pour votre intervention rapide.",45922,,1,Thersa,,
T_P1736,45982,Jan Callemeyn,MRS,Entretien général,"Niv -1: chaufferie: installation de cogénération: Perte de pression d'eau dans le circuit de refroidissement, liée à un passage d'eau dans le capteur dont la photo est jointe. La fuite ne concerne pas un manque d'étanchéité des raccords de montage. Ce capteur devrait être remplacé selon moi. Merci pour votre intervention rapide.",45982,,1,Cogengreen,,
T_P1807,46031,Jan Callemeyn,MRS,Entretien général,"Niv +3: GE5: moteur du régistre bloqué en position ouverte,",46031,,1,Thersa,,
T_P1831,46048,Jan Callemeyn,MRS,Electricité,"Niv +3; HVAC G2 extérieur: Merci de faire fonctionner le refroidisseur du GE2 via le petit ventilateur prévu à cet effet,",46048,,1,Ouvriers_CPAS,,
T_P1828,46048,Jan Callemeyn,MRS,Plomberie,Niv -1; local chaufferie avec les ballons: Ballon blanc de gauche: petite fuite d'eau constatée sur la partie supérieure arriière du ballon. Merci,46048,,1,Ouvriers_CPAS,,
T_P1829,46048,Jan Callemeyn,MRS,Entretien général,"Niv -1; Buanderie MAL: Enlever un panneau avant d'une des 3 machines à laver afin d'apprécier la faisabilité quant au remplacement des ressorts de support de cuve, en interne. Merci de faire un retour à Hicham ou à moi.",46048,,1,Ouvriers_CPAS,,
T_P1557,45849,Barry Amadou,MRS,Menuiserie,Il manque 2 barres ainsi 2 pommeaux de douche dans les vestiaires hommes ,45849,,,Ouvriers_CPAS,,
T_P1558,45849,Barry Amadou,MRS,Electricité,Panne TV chambre 214. Merci,45849,,,Ouvriers_CPAS,,
T_P1564,45853,Barry Amadou,MRS,Plomberie,"Il manque une plaque de déclenchement WC dans les toilettes des femmes, situées à côté réfectoire.",45853,,,Ouvriers_CPAS,,
T_P1565,45853,Barry Amadou,MRS,Plomberie,"Il manque une plaque de déclenchement WC dans les toilettes des femmes, situées à côté du réfectoire.",45853,,,Ouvriers_CPAS,,
T_P1566,45853,Barry Amadou,MRS,Entretien général,"La porte des Acacias, menant vers les Olivers, grince fort au sol. Elle ne se referme pas systématiquement.",45853,,1,Ouvriers_CPAS,,
T_P1578,45854,Barry Amadou,MRS,Menuiserie,Chambre 031 : La porte grince fort au sol et la tenture est à refixer avec les glisseurs et les crochets manquants.,45854,,,Ouvriers_CPAS,,
T_P1580,45855,Barry Amadou,MRS,Entretien général,Problème rencontré avec la cafetière située au Lilas.,45855,,,Ouvriers_CPAS,,
T_P1584,45856,Barry Amadou,MRS,Entretien général,Chambre 235 : La porte grince fort au sol. Une entrée est prévue le mardi 22-07-2025 dans la matinée.,45856,,1,Ouvriers_CPAS,,
T_P1583,45856,Barry Amadou,MRS,Plomberie,Chambre 235 : Planche WC à refixer. Une entrée est prévue le mardi 22-07-2025 dans la matinée.,45856,,,Ouvriers_CPAS,,
T_P1587,45860,Barry Amadou,MRS,Plomberie,"Même souci et risque de chute : La porte des Acacias, menant vers les Olivers, grince fort au sol. Elle ne se referme pas systématiquement.",45860,,,Ouvriers_CPAS,,
T_P1586,45860,Barry Amadou,MRS,Entretien général,Les tentures de la petite salle TV des Oliviers sont à refixer avec les glisseurs et les crochets.,45860,,,Ouvriers_CPAS,,
T_P1589,45861,Barry Amadou,MRS,Electricité,Chambre 235 : Il n’existe pas de câble d’interrupteur situé au-dessus du lit.,45861,,,Ouvriers_CPAS,,
T_P1590,45861,Barry Amadou,MRS,Menuiserie,Chambre 234 : Rallonge de lit à retirer + porte qui grince au sol. Une entrée est prévue demain matin.,45861,,,Ouvriers_CPAS,,
T_P1592,45863,Barry Amadou,MRS,Entretien général,Local infirmiers 1er étage : Distributeur d'essuie-mains à changer.,45863,,,Ouvriers_CPAS,,
T_P1593,45863,Barry Amadou,MRS,Entretien général,Salle TV Lilas : On me signale que la TV ne fonctionne pas.,45863,,,Ouvriers_CPAS,,
T_P1623,45882,Barry Amadou,MRS,Electricité,Diffuseur de parfum : Merci d'installer le grand diffuseur de parfum au RDC (Voir avec Hicham),45882,,,Ouvriers_CPAS,,
T_P1622,45882,Barry Amadou,MRS,Menuiserie,Climatisation Buanderie : Est-il possible de placer un support pour le climatiseur mobile ? Merci,45882,,,Ouvriers_CPAS,,
T_P1626,45883,Barry Amadou,MRS,Menuiserie,Chambre 119 : Souci avec la porte coulissante de la salle de bains. Elle reste bloquée.,45883,,,Ouvriers_CPAS,,
T_P1629,45889,Barry Amadou,MRS,Menuiserie,Vérins de tables : Merci de fixer les vérins manquants sur les différentes tables noires. Faudra commencer par le 1er étage (salle à manger et salle de cinéma). J'ai remis 40 vérins à Hicham,45889,,,Ouvriers_CPAS,,
T_P1628,45889,Barry Amadou,MRS,Entretien général,Cuisine RDC : Distributeur de papier essuie-mains à remplacer,45889,,,Ouvriers_CPAS,,
T_P1634,45891,Barry Amadou,MRS,Plomberie,Chambre 39 : Plaque de déclenchement WC détachée.,45891,,,Ouvriers_CPAS,,
T_P1635,45891,Barry Amadou,MRS,Plomberie,Erreur sur tâche T_P1634 : C'est la chambre 136 et non la chambre 39. Merci,45891,,,Ouvriers_CPAS,,
T_P1638,45891,Barry Amadou,MRS,Entretien général,Buanderie : Fuite d'eau au niveau des machines à laver. ,45891,,,Ouvriers_CPAS,,
T_P1639,45895,Barry Amadou,MRS,Entretien général,Transfert casiers de vestiaires : Un des casiers 3 battants se trouvant dans le vestiaire des femmes de la cuisine est à transférer dans le vestiaire des femmes du service soignant et TDS.,45895,,,Ouvriers_CPAS,,
T_P1642,45898,Barry Amadou,MRS,Entretien général,Plinthe détachée dans le couloir principal du Magnolias à côté de la cage d'escalier.,45898,,,Ouvriers_CPAS,,
T_P1641,45898,Barry Amadou,MRS,Entretien général,"Chambre 233 : Planche WC à remplacer + poignée de porte de la garde-robe à revisser.  
Entrée prévue ce lundi 01-09-25.",45898,,,Ouvriers_CPAS,,
T_P1643,45902,Barry Amadou,MRS,Entretien général,Soucis Autolaveuses : J'ai besoin d'un agent pour voir s'il y a moyen de trouver une solution dans un premier temps.,45902,,,Ouvriers_CPAS,,
T_P1644,45903,Barry Amadou,MRS,Entretien général,Merci de vérifier l'état des poubelles bleues situées dans les vide-panes.,45903,,,Ouvriers_CPAS,,
T_P1645,45904,Barry Amadou,MRS,Entretien général,Une tentrure est à refixer au cantou du Lilas (voir Buanderie et David est au courant). Merci,45904,,,Ouvriers_CPAS,,
T_P1646,45915,Barry Amadou,MRS,Entretien général,Chambre 026 : 2 petites décorations à retirer sur le miroir + tribune à reprendre.,45915,,,Ouvriers_CPAS,,
T_P1647,45915,Barry Amadou,MRS,Entretien général,Cantou Lilas : Merci de refixer la tenture au niveau de la salle à manger (voir Christelle pour les glisseurs).,45915,,,Ouvriers_CPAS,,
T_P1648,45918,Barry Amadou,MRS,Entretien général,Pause DG : Il faudra rajouter des tables et des chaises au RDC pour les directeurs généraux avant midi. Prévoir environ 45 personnes. Merci.,45918,,,Ouvriers_CPAS,,
T_P1651,45922,Barry Amadou,MRS,Plomberie,Planches WC : À revisser dans les chambres 201 et 213. À changer dans la chambre 203.,45922,,,Ouvriers_CPAS,,
T_P1650,45922,Barry Amadou,MRS,Entretien général,Tentures : Merci de remonter les tentures des chambres 024 à 028 au Lilas. Voir Buanderie,45922,,,Ouvriers_CPAS,,
T_P1656,45924,Barry Amadou,MRS,Entretien général,Buanderie : Fuite d'eau au niveau des machines à laver 1 et 2 (programme 6).,45924,,,Ouvriers_CPAS,,
T_P1655,45924,Barry Amadou,MRS,Menuiserie,Chambre 31 : Fenêtre bloquée. Elle ne se ferme pas.,45924,,,Ouvriers_CPAS,,
T_P1667,45929,Barry Amadou,MRS,Plomberie,Évier bouché dans la salle de bain au RDC Magniolias,45929,,,Ouvriers_CPAS,,
T_P1671,45930,Barry Amadou,MRS,Entretien général,Tentures : Merci de remonter les tentures des chambres 29 à 33 au Lilas. Voir Buanderie,45930,,,Ouvriers_CPAS,,
T_P1672,45930,Barry Amadou,MRS,Electricité,Nettoyage Porte de secours RDC : Merci de débloquer la porte de secours de la petite aile au Magniolias.,45930,,,Ouvriers_CPAS,,
T_P1679,45931,Barry Amadou,MRS,Entretien général,Nettoyage Porte de secours Lilas : Merci de débloquer la porte de secours.,45931,,,Ouvriers_CPAS,,
T_P1681,45932,Barry Amadou,MRS,Plomberie,Chambre 235 : Planche WC à refixser. Une entrée est prévue ce jour vers 14h00.,45932,,,Ouvriers_CPAS,,
T_P1685,45946,Barry Amadou,MRS,Entretien général,"Chambre 114 : Reprendre le frigo et la table d'appoint car la famille viendra avec son frigo et ses meubles et refixer la tenture. 
Entrée prévu ce jour.",45946,,,Ouvriers_CPAS,,
T_P1686,45946,Barry Amadou,MRS,Menuiserie,Chambre 135 : La porte grince fort au sol,45946,,,Ouvriers_CPAS,,
T_P1687,45946,Barry Amadou,MRS,Menuiserie,Réfectoire direction : Souci avec la porte du côté des toilettes (elle reste bloquée de l'extérieur),45946,,,Ouvriers_CPAS,,
T_P1694,45952,Barry Amadou,MRS,Entretien général,Chambre 108 : Matelas à remonter dans la chambre,45952,,,Ouvriers_CPAS,,
T_P1695,45953,Barry Amadou,MRS,Entretien général,Terrasse RDC : Le cendrier rouillé est à jeter et revoir un peu l'état de propreté de la terrasse.,45953,,,Ouvriers_CPAS,,
T_P1696,45953,Barry Amadou,MRS,Entretien général,Buanderie : Fer à repasser défectueux (témoin allumé) + fuite d'eau sur un des vaporisateurs.,45953,,,Ouvriers_CPAS,,
T_P1698,45954,Barry Amadou,MRS,Entretien général,Plinthe décollée dans le couloir principal des Magnolias.,45954,,,Ouvriers_CPAS,,
T_P1700,45954,Barry Amadou,MRS,Entretien général,"Merci de descendre les chaises, tribunes et frigos se trouvant dans les vide-panes et dans les couloirs principaux (voir avec les soignants pour éviter de prendre les affaires qu'ils utilisent).",45954,,,Ouvriers_CPAS,,
T_P1699,45954,Barry Amadou,MRS,Entretien général,Porte local infirmiers au 1er : La porte du 2e local (médecin) ne se ferme pas correctement.,45954,,,Ouvriers_CPAS,,
T_P1702,45957,Barry Amadou,MRS,Menuiserie,Salle de cinéma : Une des tables manque de vérins.,45957,,,Ouvriers_CPAS,,
T_P1701,45957,Barry Amadou,MRS,Entretien général,"Tentures : Merci de refixer les tentures du 1er étage (salon TV), ainsi que celles du cantou Lilas (salle à manger). Voir les agents de la buanderie pour les tentures du Lilas.",45957,,,Ouvriers_CPAS,,
T_P1704,45959,Barry Amadou,MRS,Entretien général,"Suite examen Infirmier en chef : Merci de préparer la salle de cinéma ce vendredi 31-10-25 en fin de journée pour l'examen, (comme la dernière fois : 4 rangées de 3 tables + 1 table pour l'accueillant).",45959,,,Ouvriers_CPAS,,
T_P1706,45960,Barry Amadou,MRS,Entretien général,"RDC : La porte du local des infirmiers des Lilas, située en face du fumoir, est défectueuse et reste bloquée.",45960,,,Ouvriers_CPAS,,
T_P1707,45960,Barry Amadou,MRS,Menuiserie,Chambre 240 : fenêtre défectueuse.,45960,,,Ouvriers_CPAS,,
T_P1713,45965,Barry Amadou,MRS,Menuiserie,Chambre 001 : Fenêtre défectueuse. Elle ne se ferme plus.,45965,,,Ouvriers_CPAS,,
T_P1721,45966,Barry Amadou,MRS,Plomberie,Chambre 208 et 220 : Planches WC à revisser.,45966,,,Ouvriers_CPAS,,
T_P1722,45966,Barry Amadou,MRS,Entretien général,"La grande porte des Lilas, située en face du local des infirmiers est défectueuse.",45966,,,Ouvriers_CPAS,,
T_P1720,45966,Barry Amadou,MRS,Plomberie,Chambre 209 : Robinet défectueux,45966,,,Ouvriers_CPAS,,
T_P1732,45980,Barry Amadou,MRS,Entretien général,Le percolateur du bar dysfonctionne.,45980,,,Ouvriers_CPAS,,
T_P1733,45980,Barry Amadou,MRS,Entretien général,Chambre 217 : Il n'y a plus de barre d'appui WC.,45980,,,Ouvriers_CPAS,,
T_P1734,45981,Barry Amadou,MRS,Entretien général,Chambre 209 : Toilette bouchée,45981,,,Ouvriers_CPAS,,
T_P1735,45981,Barry Amadou,MRS,Entretien général,Vestiaire dames : Mauvaises odeurs d'égout.,45981,,,Ouvriers_CPAS,,
T_P1744,45989,Barry Amadou,MRS,Plomberie,Chambre 128 : Fuite d'eau en dessous du lavabo,45989,,,Ouvriers_CPAS,,
T_P1743,45989,Barry Amadou,MRS,Entretien général,Vestiaire Dames : Casier 68 défectueux,45989,,,Ouvriers_CPAS,,
T_P1766,46001,Barry Amadou,MRS,Entretien général,Plinthe détachée derrière la porte des acacias (côté escaliers direction),46001,,,Ouvriers_CPAS,,
T_P1765,46001,Barry Amadou,MRS,Entretien général,Tentures Lilas : Merci de remonter les tentures des chambres du cantou Lilas (voir les agents de la buanderie).,46001,,,Ouvriers_CPAS,,
T_P1767,46001,Barry Amadou,MRS,Entretien général,Réunion Roseraie ce jour à 15h00 au 1er étage  : Merci de mettre les chaises en mode cinéma pour 40 personnes.,46001,,,Ouvriers_CPAS,,
T_P1785,46007,Barry Amadou,MRS,Entretien général,Acacias : Le cantou est envahi par des mouches depuis la semaine dernière. Merci de revoir l'état de la terrasse.,46007,,,Ouvriers_CPAS,,
T_P1792,46014,Barry Amadou,MRS,Plomberie,Chambre 36 : Sterput bouché,46014,,,Ouvriers_CPAS,,
T_P1809,46034,Barry Amadou,MRS,Plomberie,Chambre 36 : WC bouché,46034,,,Ouvriers_CPAS,,
T_P1811,46036,Barry Amadou,MRS,Entretien général,Terrasse de l'entrée principale : Merci de revoir l'état de la terrasse de l'entrée principale (tâches noires à différents endroits).,46036,,,Ouvriers_CPAS,,
T_P1810,46036,Barry Amadou,MRS,Entretien général,RDC Magnolias : Merci de reprendre les chaises et fauteuils situés dans les différents couloirs. Voir aussi dans le local infirmiers.,46036,,,Ouvriers_CPAS,,
T_P1813,46037,Barry Amadou,MRS,Entretien général,Couloir Magnolias : Tribunes et tablettes à descendre.,46037,,,Ouvriers_CPAS,,
T_P1812,46037,Barry Amadou,MRS,Plomberie,Chambre 133 : Siphon lavabo défectueux,46037,,,Ouvriers_CPAS,,
T_P1814,46038,Barry Amadou,MRS,Entretien général,"Terrasses Cantous : Merci de revoir l'état des terrasses du Lilas et des Acacias (mégots de cigarettes, crottes de chiens, etc.)",46038,,,Ouvriers_CPAS,,
T_P1821,46041,Barry Amadou,MRS,Entretien général,Tentures chambres RDC : Merci de remonter les tentures des chambres au RDC (voir avec sabine à la buanderie),46041,,,Ouvriers_CPAS,,
T_P1815,46041,Barry Amadou,MRS,Entretien général,Urgent : Merci de revoir les tentures mal fixées dans toutes les chambres.,46041,,,Ouvriers_CPAS,,
T_P1824,46044,Barry Amadou,MRS,Entretien général,Tentures RDC : Merci de remonter les tentures des chambres au Magnolias (voir avec les agents de la buanderie).,46044,,,Ouvriers_CPAS,,
T_P1825,46044,Barry Amadou,MRS,Plomberie,Chambre 20 : Planche WC à refixer (urgent).,46044,,,Ouvriers_CPAS,,
T_P1826,46045,Barry Amadou,MRS,Entretien général,Salon de coiffure : La porte est difficile à ouvrir. Elle  gince au sol,46045,,,Ouvriers_CPAS,,
T_P1833,46049,Barry Amadou,MRS,Plomberie,Chambre 20 : Planche WC défectueuse,46049,,,Ouvriers_CPAS,,
T_P1834,46050,Barry Amadou,MRS,Entretien général,Chambre 33 : Pas de cale-porte et mur abîmé (entrée prévue demain),46050,,,Ouvriers_CPAS,,
T_P1835,46050,Barry Amadou,MRS,Entretien général,CPAS : Les 2 urinoirs sont bouchés. URGENT !!! Merci.,46050,,,Ouvriers_CPAS,,
T_P1840,46058,Barry Amadou,MRS,Entretien général,Tentures RDC : Merci de remonter les tentures des chambres au Magnolias (voir avec les agents de la buanderie).,46058,,,Ouvriers_CPAS,,
T_P1841,46059,Barry Amadou,MRS,Plomberie,Chambre 115 : Planche WC défectueuse,46059,,,Ouvriers_CPAS,,
T_P1845,46062,Barry Amadou,MRS,Entretien général,Chambre 238 : Porte coulissante défectueuse (cale porte),46062,,,Ouvriers_CPAS,,
T_P1846,46063,Barry Amadou,MRS,Entretien général,Merci de remonter les tentures des chambres au RDC (voir avec les agents de la buanderie).,46063,,,Ouvriers_CPAS,,
T_P1847,46064,Barry Amadou,MRS,Electricité,Ampoule défectueuse dans les toilettes visiteurs (Dames) au 1er étage.,46064,,,Ouvriers_CPAS,,
T_P1852,46072,Barry Amadou,MRS,Entretien général,Chambre 015 : Plaque manquante au niveau du plafond. Urgent !! Merci.,46072,,,Ouvriers_CPAS,,
T_P1855,46077,Barry Amadou,MRS,Menuiserie,Ch 208 : Réparer la barrière de lit de mme Vreux côté fenêtre. Et prendre la rallonge de lit à la 222 pour la mettre à la 208 (Mr Legat) Merci ,46077,,,Ouvriers_CPAS,,
T_P1861,46080,Barry Amadou,MRS,Entretien général,La porte du local matériel du 2e est défectueuse (difficulté à ouvrir et à fermer).,46080,,,Ouvriers_CPAS,,
T_P1862,46080,Barry Amadou,MRS,Entretien général,Chambre 239 : La fenêtre ne s'ouvre pas. Elle reste bloquée.,46080,,,Ouvriers_CPAS,,
T_P1863,46080,Barry Amadou,MRS,Entretien général,La porte de la salle de bain au 2e étage (petite aile) est défectueuse (difficulté à ouvrir et à fermer).,46080,,,Ouvriers_CPAS,,
T_P1865,46085,Barry Amadou,MRS,Entretien général,Chambre 114 : Fentêtre bloquée. URGENT ! Merci,46085,,,Ouvriers_CPAS,,
T_P1866,46085,Barry Amadou,MRS,Plomberie,Chambre 035 : Planche WC à changer.,46085,,,Ouvriers_CPAS,,
T_P1867,46087,Barry Amadou,MRS,Plomberie,Chambre 024 à 028 : WC bouchés dans toutes les chambres. Urgent,46087,,,Ouvriers_CPAS,,
T_P1869,46093,Barry Amadou,MRS,Entretien général,Chambres 24 et 25 : Planches WC à changer (présence de tâches incrustées),46093,,,Ouvriers_CPAS,,
T_P1875,46097,Barry Amadou,MRS,Entretien général,Vide pane grande aile du RDC : fenêtre défectueuse (elle ne s'ouvre pas),46097,,,Ouvriers_CPAS,,
T_P1876,46099,Barry Amadou,MRS,Entretien général,Tentures : Merci de remonter les tentures dans les chambres des résidents dans l'après-midi (voir avec les agents de la buanderie).,46099,,,Ouvriers_CPAS,,
T_P1877,46099,Barry Amadou,MRS,Entretien général,Chambre 104 : Fenêtre bloquée (elle ne se ferme plus),46099,,,Ouvriers_CPAS,,
T_P1878,46099,Barry Amadou,MRS,Entretien général,"Merci d'envoyer le matériel d'entretien au CPAS demain matin.
Vous trouverez le bac à côté du séchoir, comme d'habitude.",46099,,,Ouvriers_CPAS,,
T_P1885,46101,Barry Amadou,MRS,Entretien général,"Merci d'aller chercher l'agent TDS du CPAS (cécile), tantôt après la pause de midi.",46101,,,Ouvriers_CPAS,,
T_P1886,46101,Barry Amadou,MRS,Entretien général,CPAS : Merci d'installer les distributeurs de savon mis à disposition ce lundi 23-03-2026 (remplacement des distributeurs GOJO).,46101,,,Ouvriers_CPAS,,
T_P1887,46101,Barry Amadou,MRS,Entretien général,CPAS : Merci d'installer les distributeurs de papier essuie-mains mis à disposition en cuisine (voir avec Alexandre).,46101,,,Ouvriers_CPAS,,
T_P1889,46107,Barry Amadou,MRS,Entretien général,Tentures : Merci de remonter les tentures dans les chambres (voir avec les agents de la buanderie),46107,,,Ouvriers_CPAS,,
T_P1890,46108,Barry Amadou,MRS,Entretien général,Merci d'aller chercher l'agent du CPAS vers 11h45,46108,,,Ouvriers_CPAS,,
T_P1891,46108,Barry Amadou,MRS,Entretien général,Chambre 221 : La chasse WC ne fonctionne pas correctement.,46108,,,Ouvriers_CPAS,,
T_P1895,46108,Barry Amadou,MRS,Entretien général,Chambre 207 : Porte de la salle de bain défectueuse.,46108,,,Ouvriers_CPAS,,
T_P1896,46111,Barry Amadou,MRS,Entretien général,CPAS : WC bouché (Urgent). ,46111,,,Ouvriers_CPAS,,
T_P1897,46113,Barry Amadou,MRS,Entretien général,"Merci d'envoyer le matériel d'entretien au CPAS demain matin.
Vous trouverez le bac à côté du séchoir, comme d'habitude.",46113,,,Ouvriers_CPAS,,
T_P1898,46114,Barry Amadou,MRS,Entretien général,CPAS : Merci d'aller chercher l'agent du CPAS demain vers 11h45.,46114,,,Ouvriers_CPAS,,
T_P087,43816,Cuistots,MRS,Buanderie - Cuisine,Porte chariot régénérant défectueuse,43816,2h,1,Magec,Ouvriers_CPAS,
T_P103,43836,Cuistots,MRS,Buanderie - Cuisine,remplacer la batterie de la camionnette repas domicile,43836,,1,Ouvriers_CPAS,,
T_P112,43837,Cuistots,MRS,Buanderie - Cuisine,"le frigo de la camionnette fonctionne alors que la camionnette est éteinte, il faut, quand le véhicule fonctionne éteindre le frigo via le panneau de commande",43837,,1,Ouvriers_CPAS,,
T_P111,43837,Cuistots,MRS,Buanderie - Cuisine,remettre la porte de l'armoire désinfectant couteaux,43837,,1,Ouvriers_CPAS,,
T_P206,43895,Cuistots,MRS,Electricité,chariot régénérent deffectueux,43895,1h,1,Ouvriers_CPAS,,
T_P207,43895,Cuistots,MRS,Entretien général,remplacer les plaques du plafond de le zone froide en cuisine,43895,3h,2,Ouvriers_CPAS,,
T_P258,43937,Cuistots,MRS,Buanderie - Cuisine,refixer prise éléctrique flexcool,43937,,1,Ouvriers_CPAS,,
T_P257,43937,Cuistots,MRS,Buanderie - Cuisine,refixer la prise alarme incendie sortie vaisselle sale,43937,,1,Ouvriers_CPAS,,
T_P259,43937,Cuistots,MRS,Buanderie - Cuisine,nettoyer les tue-insctes et remplacer lampe,43937,,1,Ouvriers_CPAS,,
T_P308,43991,Cuistots,MRS,Buanderie - Cuisine,"Carrelage du coté vaiselle sale, le bas du mur est déformé ",43960,1h,1,Ouvriers_CPAS,,
T_P309,43991,Cuistots,MRS,Buanderie - Cuisine,"Socle de la lance de nettoyage vaiselle sale, de l'eau coule en abondance a chaque mise en route ",43991,,1,Ouvriers_CPAS,,
T_P355,44039,Cuistots,MRS,Buanderie - Cuisine,chariot régénérant prise murale et prise chariot brulée ,44039,1,1,Ouvriers_CPAS,Magec,
T_P375,44056,Cuistots,MRS,Buanderie - Cuisine,remplacer la lampe du tue-insectes zone légumerie et remboiter l'évier,44056,,1,Ouvriers_CPAS,,
T_P376,44056,Cuistots,MRS,Buanderie - Cuisine,dans la zone froide remettre du silicone,44056,,1,Ouvriers_CPAS,,
T_P416,44099,Cuistots,MRS,Buanderie - Cuisine,recouvrir d'un vinyl le socle qui est peint dans la reserve sèche car la peinture s'écaille,44099,,1,Ouvriers_CPAS,,
T_P417,44099,Cuistots,MRS,Buanderie - Cuisine,robinet zone légumerie coule,44099,,1,Ouvriers_CPAS,,
T_P438,44112,Cuistots,MRS,Buanderie - Cuisine,"remplacer une lampe tue-insectes dans zone flexcool, remettre le carrelage zone vaisselle",44112,,1,Ouvriers_CPAS,,
T_P451,44123,Cuistots,MRS,Buanderie - Cuisine,la porte du vestiaire famme cuisine est cassée,44123,,1,Ouvriers_CPAS,,
T_P466,44126,Cuistots,MRS,Buanderie - Cuisine,l'hélice de la chambre congélation fait du bruit (glace),44126,,1,Ouvriers_CPAS,,
T_P497,44154,Cuistots,MRS,Buanderie - Cuisine,"Carrelage du coté vaiselle sale, du carrelage est encore tombé du mur ",44154,1,1,Ouvriers_CPAS,,
T_P501,44159,Cuistots,MRS,Buanderie - Cuisine,"vérifier les chariots ""bain-marie"" souci électrique",44159,,1,Ouvriers_CPAS,,
T_P504,44161,Cuistots,MRS,Buanderie - Cuisine,la centrale de dosage (nettoyage) au lave-vaisselle est cassée,44161,,1,Ouvriers_CPAS,,
T_P514,44172,Cuistots,MRS,Buanderie - Cuisine,l alarme du congélateur sonne régulièrement même le WK c'est dû à un amas de glaces qutour du moteur,44172,,1,Ouvriers_CPAS,,
T_P543,44203,Cuistots,MRS,Buanderie - Cuisine,remplacement double évier + douchette zone lave casserole ,44203,2,2,Ouvriers_CPAS,,
T_P622,44273,Cuistots,MRS,Entretien général,souci de froid sur chariot régénerant,44273,,1,Pelzer,,
T_P654,44300,Cuistots,MRS,Cuisine,refixer le robinet de la zone froide ,44300,1,1,Ouvriers_CPAS,,
T_P659,44301,Cuistots,MRS,Cuisine,réparation de la friteuse ,44301,2,1,Magec,,
T_P660,44302,Cuistots,MRS,Cuisine,remonter la palette de frésubin dans le local de Christelle ,44302,,1,Ouvriers_CPAS,,
T_P701,44320,Cuistots,MRS,Cuisine,rentrer une palette d'eau pétillante en cuisine sale ,44320,,1,Ouvriers_CPAS,,
T_P705,44321,Cuistots,MRS,Cuisine,Chariot régénérant des Acacias la partie froide ne refroidit plus ,44321,,1,Pelzer,,
T_P718,44341,Cuistots,MRS,Cuisine,boitier incendie (rouge) côté sale est casser ,44341,,1,Ouvriers_CPAS,,
T_P736,44351,Cuistots,MRS,Cuisine,URGENT !!! La petite douche à potage éléctrique ne fonctionne plus ,44351,,1,Magec,,
T_P749,44362,Cuistots,MRS,Cuisine,friteuse défectueuse ,44362,,,Ouvriers_CPAS,Magec,
T_P759,44369,Cuistots,MRS,Cuisine,URGENT remplacer carrelage en cuisine chaude ,44369,1,1,Ouvriers_CPAS,,
T_P766,44371,Cuistots,MRS,Cuisine,En même temps de faire la réparation du chariot des Acacias !!  réinstaller le logiciel DINEC contrôle des t° chambres froide sur le pc Alexandre Drouba (bureau de la  cuisine),44371,,1,Pelzer,Ouvriers_CPAS,
T_P774,44378,Cuistots,MRS,Cuisine,"Installer le programme DINEC sur le pc Alexandre, pour pouvoir contrôler les températures des chambres froides. ",44378,,,Pelzer,,
T_P785,44385,Cuistots,MRS,Cuisine,"Réparation chariots ACACIAS, MAGNOLIAS ",44385,,1,Ouvriers_CPAS,,
T_P803,44406,Cuistots,MRS,Cuisine,"Grille d'égout côté sale, refaire un joint lisse au bord de la grille. Car l'AFSCA ne tolère pas les trous, car l'eau est stagnante.",44406,,,Ouvriers_CPAS,,
T_P801,44406,Cuistots,MRS,Cuisine,Réparation d'un store déroulant au flexcool,44406,,,Ouvriers_CPAS,,
T_P802,44406,Cuistots,MRS,Cuisine,"Recarler le mur côté sale, si pas possible dans les jours à venir, remplacer le plastique de protection car il est souillé.",44406,,,Ouvriers_CPAS,,
T_P809,44412,Cuistots,MRS,Cuisine,Boitier d'ouverture de porte défectueux (Porte d'entrée principal de la cusine).,44412,,,Ouvriers_CPAS,,
T_P853,44439,Cuistots,MRS,Cuisine,chariot regenerant defectueux,44439,1,1,Magec,,
T_P854,44439,Cuistots,MRS,Cuisine,chariot regenerant defectueux,44439,1,1,Magec,,
T_P862,44453,Cuistots,MRS,Cuisine,serrure éléctronique de 2 portes sont déféctueuses ,44453,1,1,Ouvriers_CPAS,,
T_P878,44481,Cuistots,MRS,Cuisine,nettoyer le groupe de refroidissement de la pièce froide,44481,1,1,Ouvriers_CPAS,,
T_P879,44481,Cuistots,MRS,Cuisine,réparer le bain-marie défectueux situer dans la pièce du flexcool ( cordon d'alimentation défectueux),44481,1,1,Ouvriers_CPAS,,
T_P891,44489,Cuistots,MRS,Cuisine,"La porte de la préparation froide ne ferme plus, à cause de la gache défectueuse.",44489,1,,Ouvriers_CPAS,,
T_P949,44581,Cuistots,MRS,Cuisine,"La lumière au-dessus de la porte s'éclaire quand nous mettons notre présence mais au niveau de l'écran, elle ne s'affiche pas. ",44581,1,1,Ouvriers_CPAS,,
T_P985,44629,Cuistots,MRS,Cuisine,la clenche de la porte de légumerie est défectueuse,44629,1,1,Ouvriers_CPAS,,
T_P988,44634,Cuistots,MRS,Cuisine,un four ne pompe plus le produit de nettoyage,44634,1,1,Magec,,
T_P1025,44679,Cuistots,MRS,Cuisine,remplacement de carrelage cassé en cuisine chaude,44679,1,1,Ouvriers_CPAS,,
T_P1023,44679,Cuistots,MRS,Cuisine,changer ampoule + entretien des tue insectes cuisine ,44679,2,1,Ouvriers_CPAS,,
T_P1024,44679,Cuistots,MRS,Cuisine,remettre panneau au plafond du couloir chambre froide,44679,1,1,Ouvriers_CPAS,,
T_P1048,44699,Cuistots,MRS,Cuisine,chambre froide produit fini température au dessus des réglementations voir si il n'y a pas une sonde défectueuse,44699,1,1,Ouvriers_CPAS,Pelzer,
T_P1049,44699,Cuistots,MRS,Cuisine,chambre froide produit fini température au dessus des réglementations    ,44699,,,Pelzer,,
T_P1061,44719,Cuistots,MRS,Cuisine,"Chambre froide produits finis ne refroidit plus, donc inutilisable",44719,1,1,Pelzer,,
T_P1074,44733,Cuistots,MRS,Cuisine,"Nettoyage des grilles du bloc réfrigérant, hors délais. Local préparation froide.",44733,1,1,Ouvriers_CPAS,,
T_P1108,44781,Cuistots,MRS,Cuisine,nettoyer les grilles de ventilation pièce froide,44781,1,1,Ouvriers_CPAS,,
T_P1127,44803,Cuistots,MRS,Cuisine,regarder au mixer robot coupe en cuisine cable alimentation défectueux,44803,1,1,Ouvriers_CPAS,,
T_P1132,44806,Cuistots,MRS,Cuisine,Poignée d'un bain-marie à refixer,44806,1,1,Ouvriers_CPAS,,
T_P1195,44936,Cuistots,MRS,Cuisine,remettre une lance sur le tuyeau bleu côté lave vaiselle ,44936,1,1,Ouvriers_CPAS,,
T_P1198,44943,Cuistots,MRS,Cuisine,refixer une prise en cuisine chaude car est sortie de son emplacement,44943,1,1,Ouvriers_CPAS,,
T_P1199,44943,Cuistots,MRS,Cuisine,éguisser les lames du mixeur girafe car le résultat n'est plus optimal,44943,1,1,Ouvriers_CPAS,,
T_P1204,44959,Cuistots,MRS,Cuisine,Fuite d'eau WC cuisine,44959,1,1,Ouvriers_CPAS,,
T_P1220,45000,Cuistots,MRS,Cuisine,Voir évacuation légumerie + évier de la vaiselle sale,45000,1,1,Ouvriers_CPAS,,
T_P1224,45006,Cuistots,MRS,Cuisine, Lance Robinet du lave casserole à refixer ,45006,1,1,Ouvriers_CPAS,,
T_P1242,45015,Cuistots,MRS,Cuisine,"Remettre de l'enduit et peinture autour des plaques égout en légumerie et cuisine, car de l'eau peu stagner l'afsca ne le tolére pas",45015,1,1,Ouvriers_CPAS,,
T_P1241,45015,Cuistots,MRS,Cuisine,Souder la plaque inox du grand lave-vaiselle coté sale ,45015,1,1,Ouvriers_CPAS,,
T_P1240,45015,Cuistots,MRS,Cuisine,Démonter les gicleurs du grand lave-vaisselle afin de les détartré,45015,1,1,Ouvriers_CPAS,,
T_P1239,45015,Cuistots,MRS,Cuisine,Nettoyage des grilles du bloc réfrigérant Local préparation froide.,45015,1,1,Ouvriers_CPAS,,
T_P1280,45062,Cuistots,MRS,Cuisine,regarder aux boitier des badges porte vestiaire hommes et porte entrée cuisine,45062,1,1,Ouvriers_CPAS,,
T_P1285,45072,Cuistots,MRS,Cuisine,"Des fourmis rentre par la porte de sortie de secours en zone chaude de la cuisine est-il possible d'avoir des boîtes à fourmis, merci d'avance.",45072,1,1,Ouvriers_CPAS,,
T_P1292,45084,Cuistots,MRS,Cuisine,Le frigo table de la zone de cuisson ne refroidit plus correctement la température est toujours vers les 10 degrés  ,45084,2,1,Pelzer,,
T_P1307,45097,Cuistots,MRS,Cuisine,Regarder au bain -marie qui se situe au couloir sous-sol car le cordon éléctrique est fondu. Merci ,45097,1,1,Ouvriers_CPAS,,
T_P1331,45132,Cuistots,MRS,Cuisine,Le 3 éme reservoir d'eau du lave-vaiselles splimont ne se vidange pas bien ,45132,1,1,Ouvriers_CPAS,,
T_P1337,45141,Cuistots,MRS,Cuisine,"Le 3 éme reservoir d'eau du lave-vaiselles splimont ne se vidange pas bien, A Revoir. ",45141,1,1,Ouvriers_CPAS,,
T_P1345,45181,Cuistots,MRS,Cuisine,Changement des revêtis des chambres froide couloir sale car de l'humidité et moissisure sont présente,45181,1,1,Ouvriers_CPAS,,
T_P1344,45181,Cuistots,MRS,Cuisine,Création d'une étagère dans la camionette des livraisons potages pour pouvoir optimiser l'espace,45181,3,1,Ouvriers_CPAS,,
T_P1343,45181,Cuistots,MRS,Cuisine,remettre plaques du faux plafond car une manquante et une qui c'est décrochée ,45181,1,1,Ouvriers_CPAS,,
T_P1359,45209,Cuistots,MRS,Cuisine,Ajouter un détecteur pour l'éclairage plafond du couloir du bureau cuisine.,45209,,1,Ouvriers_CPAS,,
T_P1361,45217,Cuistots,MRS,Cuisine,deplacer cassier vestiaire femme vers le vestiare homme,45217,1,1,Ouvriers_CPAS,,
T_P1367,45223,Cuistots,MRS,Cuisine,Casier vestiaire réparer quelques fermetures ,45223,1,1,Ouvriers_CPAS,,
T_P1368,45237,Cuistots,MRS,Cuisine,Vestiaire Homme cuisine: porte entrée et de sortie ne ferme plus correctement obligé de tirer sur la porte pour quel se verouille,45237,1,1,Ouvriers_CPAS,,
T_P1373,45251,Cuistots,MRS,Cuisine,"Bonjour, pourriez vous venir effectuer un dépannage chez nous car une douche à potage ne fonctionne plus (urgent), en même temps peu être effectuer l'entretien périodique. Merci d'avance",45251,3,1,Luxpro,,
T_P1374,45253,Cuistots,MRS,Cuisine,remplacer ampoule dans le compartiment frigo camionette repas à domicile. Merci,45253,1,1,Ouvriers_CPAS,,
T_P1377,45257,Cuistots,MRS,Cuisine,fermeture porte couloir sale défectueuse ,45257,1,1,Ouvriers_CPAS,,
T_P1381,45278,Cuistots,MRS,Cuisine,regarder camionette des RAD feux arrière defectueux. Egalement ampoule intérieur a remplacer voir demande du 23/11/23,45278,1,1,Ouvriers_CPAS,,
T_P1380,45278,Cuistots,MRS,Cuisine,"Marmite potage electrique, ne fonctionne plus apparement meme panne que la derniere fois pourriez-vous nous soumettre un devis pour remise en état de celle-ci, merci",45278,1,1,Luxpro,,
T_P1386,45299,Cuistots,MRS,Cuisine,Prise éléctrique bain-marie acacias défectueuse,45299,0.5,1,Ouvriers_CPAS,,
T_P1390,45307,Cuistots,MRS,Cuisine,Trappe prise electrique camionette RAD à remplacer + regarder pour le montage des pneus hiver. Merci ,45307,2,1,Cuisine,,
T_P1407,45321,Cuistots,MRS,Cuisine,évacuation sous évier de la zone légumerie défectueuse fuite d'eau,45321,1,1,Ouvriers_CPAS,,
T_P1409,45322,Cuistots,MRS,Cuisine,Voir serrure vestiaire femme à remplacer à certaine cassette car ne ferme plus,45322,1,1,Ouvriers_CPAS,,
T_P1413,45338,Cuistots,MRS,Cuisine,Regarder à la fermeture de la porte couloir sale car ne ferme plus + poignée de porte légumerie qui est désserée + grille de hotte lave vaiselle remettre un boulon ,45338,1,1,Ouvriers_CPAS,,
T_P1418,45349,Cuistots,MRS,Cuisine,Remplacement des ampoules HS + nettoyage des tues insecte ,45349,1,1,Ouvriers_CPAS,,
T_P1425,45372,Cuistots,MRS,Cuisine,Camionette repas à domicile: Patricia me signale que les vitesses sont difficile à passer pourriez-vous regarder et au besoin faire le néccesaire pour réparation. Merci d'avance. Alex ,45372,1,1,Ouvriers_CPAS,,
T_P1433,45408,Cuistots,MRS,Cuisine,Mixeur plongeant (Girafe) génére un bruit anormal lors de son utilisation,45408,1,1,Ouvriers_CPAS,,
T_P1440,45457,Cuistots,MRS,Cuisine,remplacer 1 néon défectueux en reserve séche à coté du bureau ,45457,1,1,Ouvriers_CPAS,,
T_P1444,45471,Cuistots,MRS,Cuisine,Remplacer les flexibles côté sale + démonter pompe K1 et remplacer par un mitigeur,45471,1,1,Ouvriers_CPAS,,
T_P1447,45489,Cuistots,MRS,Cuisine,2 Mixeur plongeant regarder car faux contact dois bouger le cable pour le fonctionnement de ceux-ci,45489,1,1,Ouvriers_CPAS,,
T_P1451,45498,Cuistots,MRS,Cuisine,Rappel :  Changement des revêtis des chambres froide couloir sale car de l'humidité et moissisure sont présente,45498,15,Toutes,Ouvriers_CPAS,,
T_P1452,45499,Cuistots,MRS,Cuisine,chambre froide propre est à 10 degrés ne descend pas en dessous,45499,1,1,Pelzer,,
T_P1467,45539,Cuistots,MRS,Cuisine,Remplacer le robinet évier coté lave casseroles,45539,1,1,Ouvriers_CPAS,,
T_P1469,45544,Cuistots,MRS,Cuisine,"Bonjour, veuillez faire le détartrage(entretien) de la machine à café du bar car clignote rouge URGENT AVANT QUEL SOIT HS, merci d'avance.",45544,1,1,Ouvriers_CPAS,,
T_P1470,45547,Cuistots,MRS,Cuisine,Nettoyage moustiquaire + chassis cuisine exterieur côté Ravel,45547,2,1,Ouvriers_CPAS,,
T_P1473,45561,Cuistots,MRS,Cuisine,"Chauffe-assiettes ne fonctionne plus s'allume mais ne chauffe plus surement ""dû à la résistance"" ",45561,1,1,Ouvriers_CPAS,,
T_P1479,45565,Cuistots,MRS,Cuisine,"Nettoyage du groupe froid:  pièce froide nettoyage des grilles ainsi que l'intérieur, merci d'avance",45565,1,1,Ouvriers_CPAS,,
T_P1480,45574,Cuistots,MRS,Entretien général,"Détartrage de toutes les machines à café du bâtiment car certains collègues signalent que les machines ont du mal à passer le café entièrement, merci à vous.",45574,2,1,Ouvriers_CPAS,,
T_P1484,45587,Cuistots,MRS,Cuisine,lave vaisselle spilmont coule goute à goute en dessous + tuyeau de nettoyage bleu coule également ,45587,1,1,Ouvriers_CPAS,,
T_P1485,45589,Cuistots,MRS,Cuisine,changer joint de l'évier en zone lave cassserole + four en zone cuisson qui coule également arrivée d'eau et regarder à l'évacation + refaire un joint de silicone pièce froide et cellule de refroidissement ,45589,2,1,Ouvriers_CPAS,,
T_P1487,45594,Cuistots,MRS,Cuisine,créer en zone lave-casserole un robinet + raccordement 3/4 pour la futur installation de pompe à produit BOMA,45594,1,1,Ouvriers_CPAS,,
T_P1486,45594,Cuistots,MRS,Cuisine,évier lave-mains côté cellule de refroidissement coule regarder pour réparation,45594,1,1,Ouvriers_CPAS,,
T_P1490,45603,Cuistots,MRS,Cuisine,Evier lave-main coule goute à goute (zone café),45603,1,1,Thersa,,
T_P1491,45603,Cuistots,MRS,Cuisine,les 2 thermoscelleuses remplacement du ressort au préalable un devis devra être remis  ,45603,1,1,Luxpro,,
T_P1499,45615,Cuistots,MRS,Electricité,"Prévoir une 2ème prise électrique pour la nouvelle camionette frigorifique sur le quai, merci",45615,1,1,Ouvriers_CPAS,,
T_P1501,45624,Cuistots,MRS,Cuisine,"Lave-vaisselle Spilmont côté propre une pièce est desoudée j'ai réparer avec des colsons temporairement pourriez-vous prévoir quelques points de soudure afin de faire une réparation définitive, merci Alex",45624,1,1,Ouvriers_CPAS,,
T_P1511,45667,Cuistots,MRS,Cuisine,Evier lave-main coule goute à goute (zone café),45667,1,1,Thersa,,
T_P1510,45667,Cuistots,MRS,Cuisine,les 2 thermoscelleuses remplacement du ressort au préalable un devis devra être remis  ,45667,1,1,Luxpro,,
T_P1512,45671,Cuistots,MRS,Cuisine,"installation étagère murale zone diététique ""préparation tartines""",45671,1,1,Ouvriers_CPAS,,
T_P1513,45678,Cuistots,MRS,Cuisine,"installation de rallonge etc,, service acacias pour les bains-marie, merci",45678,1,1,Ouvriers_CPAS,,
T_P1515,45687,Cuistots,MRS,Cuisine,"Zone cuisine : Chambre froide positive (PROPRE) la température reste stable à 6,8 C, nous vidons la chambre froide en attendant votre intervention, merci",45687,1,1,Pelzer,,
T_P1518,45695,Cuistots,MRS,Cuisine,"Bonjour je constate que malgré l'intervention précédente l'évier lave main zone café coule encore, merci pour votre intervention",45695,1,1,Thersa,,
T_P1529,45729,Cuistots,MRS,Peinture,Bonjour pourriez-vous faire le néccessaire pour la réparation du sol du couloir propre (peinture écaillée),45729,1,1,Ouvriers_CPAS,,
T_P1531,45744,Cuistots,MRS,Cuisine,regarder au bain marie potage voir pourquoi est-il défectueux  (l'appareil se trouve au bureau cuisine),45744,1,1,Ouvriers_CPAS,,
T_P1538,45775,Cuistots,MRS,Cuisine,"Dans la zone lave-casserole pourriez-vous nous remettre un tuyeau pour la douchette en attendant et je vais commander un nouvelle ensemle, merci d'avance pour votre collaboration.",45775,1,1,Ouvriers_CPAS,,
T_P1539,45798,Cuistots,MRS,Cuisine,"Zone froide refaire le joint silicone à la jonction de l'évier et plan de travail inox, merci",45798,1,1,Ouvriers_CPAS,,
T_P1540,45799,Cuistots,MRS,Cuisine,"Regarder et reparer lave -vaisselles spilmont fuite d'eau en dessous, merci",45799,1,1,Ouvriers_CPAS,,
T_P1543,45813,Cuistots,MRS,Cuisine,"Bonjour pourriez-vous regarder à la cassette de Igot Prescilia car le verrou disfonctionne, merci d'avance",45813,1,1,Ouvriers_CPAS,,
T_P1544,45819,Cuistots,MRS,Cuisine,"1 dalle de plafond en cuisine chaude est à remplacer car il y a une tâche et voir si il y a une fuite, merci",45819,1,1,Ouvriers_CPAS,,
T_P1596,45867,Cuistots,MRS,Cuisine,Entretien des tue-insectes en cuisine nettoyer les bacs et remplacer ampoules défectueuses+ nettoyage des grilles de ventilation pièces froide,45867,1h,1,Ouvriers_CPAS,,
T_P1640,45897,Cuistots,MRS,Cuisine,Bonjour pourriez-vous installer le robinet douchette commandé pour le lave-casserole merci,45897,1,1,Ouvriers_CPAS,,
T_P1680,45931,Cuistots,MRS,Cuisine,"Four côté flexcool fuite d'eau, merci de faire le néccesaire pour réparation au plus vite.",45931,1,1,Ouvriers_CPAS,,
T_P1683,45939,Cuistots,MRS,Cuisine,"Bonjour, le frigo table de la zone déjeuners est HS la température était à 22C°, nous l'avons vidé et éteind pourriez-vous intervenir à partir de 13h de préférence merci",45939,1,1,Pelzer,,
T_P1691,45951,Cuistots,MRS,Cuisine,1 bain-marie dans le couloir du puit est défectueux pourriez-vous regarder pour le remettre en état merci d'avance,45951,1h,1,Ouvriers_CPAS,,
T_P1749,45999,Cuistots,MRS,Cuisine,Bain-marie défectueux prise éléctrique HS ,45999,1,1,Ouvriers_CPAS,,
T_P1822,46042,Cuistots,MRS,Cuisine,"Prise éléctrique bain-marie défectueuse fondue en cuisine, pourriez-vous vérifier à cela merci",46042,1,1,Ouvriers_CPAS,,
T_P245,43927,Dans le local PMR : installation électrique pour le PC,CPAS,Electricité,Dans le local PMR : installation électrique pour le PC,43927,,,Ouvriers_CPAS,,
T_P011,43762,Evelyne Tacniere,Roseraie,Plomberie,"Roseraie, 31 : problème à sa chaudière : fuite d'eau. Bouvé est-il passé comme prévu? Un devis a-t-il été envoyé au CPAS? ",43535,,1,Ouvriers_CPAS,,
T_P012,43762,Evelyne Tacniere,Roseraie,Chauffage,"Roseraie, 33 : entretien de la chaudière à charge du locataire à demander à Bouvé. Entretien prévu pour le 01-04-19. A-t-il été fait?",43538,,1,Ouvriers_CPAS,,
T_P013,43762,Evelyne Tacniere,Roseraie,Chauffage,"Chemin du Bon Dieu, 18 - problème de chauffage - Bouvé est-il passé? Le devis a été envoyé au CPAS?  ",43543,,1,Ouvriers_CPAS,,
T_P014,43762,Evelyne Tacniere,Roseraie,Chauffage,"Roseraie, 31: problème d'eau chaude. Bouvé est-il passé? Le devis a été envoyé au CPAS? ",43546,,1,Ouvriers_CPAS,,
T_P015,43762,Evelyne Tacniere,Roseraie,Menuiserie,"Roseraie, 12: corniche arrière fendue - A-t-elle été réparée?",43600,,1,Ouvriers_CPAS,,
T_P016,43762,Evelyne Tacniere,Roseraie,Jardin / extérieur,Taques d'égouts: plusieurs à remplacer,43633,,1,Ouvriers_CPAS,,
T_P017,43762,Evelyne Tacniere,Roseraie,Menuiserie,"Roseraie, 37: voir fenêtres",43647,,1,Ouvriers_CPAS,,
T_P018,43762,Evelyne Tacniere,Roseraie,Entretien général,"Roseraie, 10 : voir mur de la chaufferie",43655,,1,Ouvriers_CPAS,,
T_P019,43762,Evelyne Tacniere,Roseraie,Chauffage,"Roseraie, 21 : plus d'eau chaude",43668,,1,Ouvriers_CPAS,,
T_P020,43762,Evelyne Tacniere,Roseraie,Chauffage,"Roseraie, 21 : plus de chauffage (pièces commandées, Mars 2019?",43669,,1,Ouvriers_CPAS,,
T_P021,43762,Evelyne Tacniere,Roseraie,Entretien général,"Roseraie, 16 : joint de la douche + lampe four + cartouche anticalcaire",43670,,1,Ouvriers_CPAS,,
T_P009,43761,Evelyne Tacniere,Roseraie,Chauffage,"Roseraie, 05 - chaudière continue à fonctionner alors que le thermostat est à zéro",43761,,1,Ouvriers_CPAS,,
T_P010,43762,Evelyne Tacniere,Roseraie,Sanitaire,Roseraie 39 - RAPPEL : carrelages douche (depuis août 2019),43762,,1,Ouvriers_CPAS,,
T_P023,43763,Evelyne Tacniere,Roseraie,Jardin / extérieur,"Roseraie, 14 : humidité sur le mur arrière côté chambre à coucher",43763,,1,Ouvriers_CPAS,,
T_P028,43769,Evelyne Tacniere,Roseraie,Sanitaire,"Roseraie, 26 - Bac douche à remplacer + remettre les mousseurs aux robinets du lavabo + récupérer le flexible de douche ainsi que la pomme douche (Monsieur met à ses frais un nouveau flexible et pomme douche) + prévoir carrelages pour la partie qui rejoint le bac douche",43769,,1,Ouvriers_CPAS,,
T_P027,43769,Evelyne Tacniere,Roseraie,Menuiserie,"Roseraie, 28 - porte arrière bloquée par le verrou inférieur",43769,,1,Ouvriers_CPAS,,
T_P026,43768,Evelyne Tacniere,Roseraie,Electricité,"Roseraie, 18 - néon à remplacer (buanderie)",43769,,1,Ouvriers_CPAS,,
T_P029,43769,Evelyne Tacniere,Roseraie,Electricité,"Roseraie, 26 - interrupteur salon - cuisine - bon de commande ok - Donné clefs maison à Joseph ce 31.10.19 pour réparation",43769,,1,Ouvriers_CPAS,,
T_P032,43773,Evelyne Tacniere,Roseraie,Buanderie - Cuisine,"Roseraie, 13 - descendre le lave-linge de la machine à laver",43773,,1,Ouvriers_CPAS,,
T_P031,43773,Evelyne Tacniere,Roseraie,Electricité,"Roseraie, 23 - éclairage cuisine ne fonctionne plus",43773,,1,Ouvriers_CPAS,,
T_P034,43775,Evelyne Tacniere,Roseraie,Chauffage,"Roseraie, 21 - plus d'eau chaude ",43775,,1,Ouvriers_CPAS,,
T_P038,43788,Evelyne Tacniere,CPAS,Menuiserie,Bureau du Président: reprendre de la porte de son bureau la plaque nominative et la replacer au 2ième étage à la Rue J. Destrée  ,43788,,1,Ouvriers_CPAS,,
T_P040,43789,Evelyne Tacniere,Roseraie,Menuiserie,"Roseraie 17, humidité au plafond",43789,,1,Ouvriers_CPAS,,
T_P044,43794,Evelyne Tacniere,Roseraie,Menuiserie,"Roseraie, 41 - porte d'entrée: difficulté à ouvrir",43794,,1,Ouvriers_CPAS,,
T_P052,43796,Evelyne Tacniere,Roseraie,Electricité,"Roseraie, 10 - taque cuisinière ",43796,,1,Ouvriers_CPAS,,
T_P057,43798,Evelyne Tacniere,Roseraie,Menuiserie,"Roseraie, 08 - voir porte d'entrée ",43798,,1,Ouvriers_CPAS,,
T_P062,43801,Evelyne Tacniere,Roseraie,Entretien général,"Roseraie, 22 - suite à l'état des lieux du vendredi 29/11/2019 : WC: humidité dans le coin gauche du plafond; chambre à coucher: ancien vinyle ; murs et plafonds à rafraîchir; salle de bain: robinetterie : plus de filtres ; pomme douche à changer; chambre à coucher: démonter la garde-robe ",43801,,2,Ouvriers_CPAS,,
T_P068,43804,Evelyne Tacniere,Roseraie,Chauffage,"Chemin du Bon Dieu, 28 - thermostat programmé à 25°, température ne monte pas + haut que 21°",43804,,1,Ouvriers_CPAS,,
T_P067,43804,Evelyne Tacniere,Roseraie,Menuiserie,"Roseraie, 16 - voir porte d'entrée",43804,,1,Ouvriers_CPAS,,
T_P074,43808,Evelyne Tacniere,Roseraie,Jardin / extérieur,"Roseraie, 09 - ramasser les feuilles dans la cour ",43808,,1,Ouvriers_CPAS,,
T_P077,43809,Evelyne Tacniere,Roseraie,Chauffage,"Roseraie, 41 - voir mail du 10.12.19 - contacter les Ets Bouvé.",43809,,1,Ouvriers_CPAS,,
T_P076,43809,Evelyne Tacniere,Roseraie,Electricité,"Chemin du bon Dieu, 18 - au-dessus de l'évier: néon à remplacer",43809,,1,Ouvriers_CPAS,,
T_P085,43812,Evelyne Tacniere,Roseraie,Menuiserie,Roseraie 08 - Rappel : porte d'entrée ,43812,,1,Ouvriers_CPAS,,
T_P088,43816,Evelyne Tacniere,Roseraie,Electricité,"Roseraie, 12 - chambre à coucher: globe à enlever pour changer l'ampoule",43816,,1,Ouvriers_CPAS,,
T_P089,43816,Evelyne Tacniere,CPAS,Entretien général,Bon de commande : TAPIS 2000 à votre disposition,43816,,1,Ouvriers_CPAS,,
T_P093,43817,Evelyne Tacniere,Roseraie,Entretien général,"Roseraie, 22 - suite à l'état des lieux du vendredi 29/11/2019 : WC: humidité dans le coin gauche du plafond; chambre à coucher: ancien vinyle ; murs et plafonds à rafraîchir; salle de bain: robinetterie : plus de filtres ; pomme douche à changer; chambre à coucher: démonter la garde-robe ",43817,,2,Ouvriers_CPAS,,
T_P094,43817,Evelyne Tacniere,Roseraie,Menuiserie,Roseraie 28 - porte arrière: débloquer le crochet de sécurité ,43817,,1,Ouvriers_CPAS,,
T_P095,43818,Evelyne Tacniere,CPAS,Entretien général,bons de commande à venir chercher au secrétariat : VAN MARCKE; TAPIS 2000; HUBO Quaregnon; GAMMA Quaregnon; DENIS  et TRILEC,43818,,1,Ouvriers_CPAS,,
T_P096,43822,Evelyne Tacniere,Roseraie,Plomberie,Roseraie 03 - tous les éviers sont bouchés,43822,,1,Ouvriers_CPAS,,
T_P097,43823,Evelyne Tacniere,Roseraie,Chauffage,"Chemin du Bon Dieu, 18 - ajouter de l'eau dans le vase d'expansion",43823,,1,Ouvriers_CPAS,,
T_P107,43836,Evelyne Tacniere,CPAS,,remonter caisses de papier A4,43836,,1,Ouvriers_CPAS,,
T_P108,43836,Evelyne Tacniere,CPAS,Entretien général,nouvelle boite aux lettres à fixer à la place de l'ancienne,43836,,2,Ouvriers_CPAS,,
T_P113,43838,Evelyne Tacniere,Roseraie,Buanderie - Cuisine,"Chemin du Bon Dieu, 14 - robinet cuisine à resserrer",43838,,1,Ouvriers_CPAS,,
T_P116,43839,Evelyne Tacniere,CPAS,Menuiserie,"URGENT: RAPPEL: Logements de transit rue Charles Dupuis, 114 : toiture. Voir mail du 15 mai 2019 et un nouveau rappel le 15 octobre 2019.",43839,,1,Ouvriers_CPAS,,
T_P115,43839,Evelyne Tacniere,CPAS,Electricité,Bureau Hyacinthia : un néon à changer,43839,,1,Ouvriers_CPAS,,
T_P122,43843,Evelyne Tacniere,CPAS,Electricité,CPAS - Bureau Jade et Lorena : plus d'électricité,43843,,1,Ouvriers_CPAS,,
T_P124,43843,Evelyne Tacniere,CPAS,,URGENT - Coffre-fort à aller chercher à la commune de Quaregnon et à ramener au cpas,43843,,1,Ouvriers_CPAS,,
T_P127,43845,Evelyne Tacniere,CPAS,Chauffage,Roseraie 09 - Bon de commande prêt pour BOUVE ,43845,,1,Ouvriers_CPAS,,
T_P128,43845,Evelyne Tacniere,Roseraie,Jardin / extérieur,Roseraie 11 - odeurs de canalisation refoulent dans la cuisine. Attention Madame n'est présente tous les jours qu'à partir de 11H30',43845,,1,Ouvriers_CPAS,,
T_P131,43850,Evelyne Tacniere,Roseraie,Entretien général,"Roseraie, 05 - humidité : plafond living + chambre à coucher",43850,,1,Ouvriers_CPAS,,
T_P135,43851,Evelyne Tacniere,CPAS,Entretien général,"Stores à placer dans les bureaux de : Jade et Lorena - Hyacinthia, Eloise et Hamine; Marie-anne et Stéphanie",43851,,2,Ouvriers_CPAS,,
T_P133,43851,Evelyne Tacniere,Roseraie,Electricité,Roseraie 23 - problème électrique : cuisinière,43851,,1,Ouvriers_CPAS,,
T_P149,43858,Evelyne Tacniere,CPAS,Entretien général,"Logement de transit : rue Charles Dupuis, 114/1 - 2 - 3 : peinture + petits travaux",43858,,1,Ouvriers_CPAS,,
T_P147,43858,Evelyne Tacniere,CPAS,Entretien général,ILA rue Charles Dupuis 114/4 : travaux à réaliser: électricité…,43858,,1,Ouvriers_CPAS,,
T_P148,43858,Evelyne Tacniere,CPAS,Entretien général,"rue Charles Dupuis, 114 : toiture",43858,,1,Ouvriers_CPAS,,
T_P146,43858,Evelyne Tacniere,Roseraie,Chauffage,Roseraie 01 - voir chaudière : radiateurs ne chauffent pas,43858,,1,Ouvriers_CPAS,,
T_P143,43858,Evelyne Tacniere,Roseraie,Chauffage,Roseraie 11- liquide brun coule de la chaudière,43858,,1,Ouvriers_CPAS,,
T_P145,43858,Evelyne Tacniere,Roseraie,Entretien général,Roseraie 02 - écoulement difficile évier cuisine,43858,,1,Ouvriers_CPAS,,
T_P144,43858,Evelyne Tacniere,CPAS,Electricité,"Rue Mandart, 28 - machine à laver - Contacter Céline DEROULERS A.S. avant d'y aller",43858,,1,Ouvriers_CPAS,,
T_P151,43859,Evelyne Tacniere,Roseraie,Chauffage,Roseraie 31 - vase d'expansion coule,43859,,1,Ouvriers_CPAS,,
T_P152,43859,Evelyne Tacniere,Roseraie,Sanitaire,Roseraie 07 - chasse coule,43859,,1,Ouvriers_CPAS,,
T_P153,43860,Evelyne Tacniere,CPAS,Menuiserie,venir faire un devis des serrures des portes du service social ,43860,,1,Ouvriers_CPAS,,
T_P158,43865,Evelyne Tacniere,Roseraie,Chauffage,Roseraie 04 - voir thermostat + porte arrière se ferme difficilement + WC: chasse coule,43865,,1,Ouvriers_CPAS,,
T_P159,43865,Evelyne Tacniere,CPAS,Menuiserie,Bureau Evelyne : tableau à accrocher + goulottes pour fils au sol,43865,,1,Ouvriers_CPAS,,
T_P160,43865,Evelyne Tacniere,CPAS,,remonter caisses de papier A4,43865,,1,Ouvriers_CPAS,,
T_P167,43871,Evelyne Tacniere,CPAS,,BC pour le Chemin du Bon Dieu sont à votre disposition chez Steve,43871,,1,Ouvriers_CPAS,,
T_P168,43872,Evelyne Tacniere,Roseraie,Menuiserie,"Roseraie 26 - urgent: corniche débarras envolée par le vent , locataire l'a remis sur l'avant de la maison",43872,,1,Ouvriers_CPAS,,
T_P174,43874,Evelyne Tacniere,CPAS,Menuiserie,CPAS - Bureau Corentin et Tina : infiltration d'eau au châssis ,43874,,1,Ouvriers_CPAS,,
T_P171,43874,Evelyne Tacniere,Roseraie,Sanitaire,Roseraie 24 - l'eau s'évacue difficilement bac douche,43874,,1,Ouvriers_CPAS,,
T_P172,43874,Evelyne Tacniere,Roseraie,Menuiserie,Roseraie 09 - petit châssis du living ne s'ouvre plus + porte d'entrée fait du bruit à l'ouverture de celle-ci,43874,,1,Ouvriers_CPAS,,
T_P173,43874,Evelyne Tacniere,Roseraie,Chauffage,Chemin du Bon Dieu 18 - remettre de l'eau dans le vase d'expansion,43874,,1,Ouvriers_CPAS,,
T_P178,43878,Evelyne Tacniere,Roseraie,Menuiserie,Roseraie 27 - faitière détachée du toit + rappel refoulement d'odeurs nauséabondes,43878,,1,Ouvriers_CPAS,,
T_P179,43878,Evelyne Tacniere,Roseraie,Entretien général,Rsoeraie 16 - mur côté chambre : humidité venant de la douche?,43878,,1,Ouvriers_CPAS,,
T_P180,43878,Evelyne Tacniere,Roseraie,Electricité,Roseraie 01 - sonnette ne fonctionne plus + vérifier thermostat ,43878,,1,Ouvriers_CPAS,,
T_P182,43879,Evelyne Tacniere,Roseraie,Buanderie - Cuisine,Roseraie 04 - évier cuisine : crépine démise ,43879,,1,Ouvriers_CPAS,,
T_P184,43880,Evelyne Tacniere,Roseraie,Entretien général,Roseraie 28 - Chaufferie : avaloir bouché - Madame sera présente ce mercredi 19.02 à partir de 14H,43880,,1,Ouvriers_CPAS,,
T_P188,43880,Evelyne Tacniere,Roseraie,Sanitaire,Roseraie 24 - Rappel : eau de la douche ne s'évacue plus ,43880,,1,Ouvriers_CPAS,,
T_P185,43880,Evelyne Tacniere,Roseraie,Sanitaire,Roseraie 09 - Salle de bain: lavabo: robinet eau froide bloqué ,43880,,1,Ouvriers_CPAS,,
T_P187,43880,Evelyne Tacniere,Roseraie,Entretien général,Roseraie 20 - infiltration d'eau dans la chambre à coucher : grosse bulle d'eau derrière la tapisserie,43880,,1,Ouvriers_CPAS,,
T_P186,43880,Evelyne Tacniere,Roseraie,Jardin / extérieur,Roseraie 39 - ardoise tombée du mur avant débarras (risque que les autres tombent) + RAPPEL: carrelages douche à remettre,43880,,1,Ouvriers_CPAS,,
T_P189,43881,Evelyne Tacniere,CPAS,,Florence - ILA - PICTOGRAMMES,43881,,1,Ouvriers_CPAS,,
T_P190,43882,Evelyne Tacniere,CPAS,Parc voitures,Bon de commande n° 172 prêt chez Steve : fuite ,43882,,1,Ouvriers_CPAS,,
T_P195,43892,Evelyne Tacniere,Roseraie,Menuiserie,Roseraie 07 - porte arrière ne se ferme plus,43892,,1,Ouvriers_CPAS,,
T_P196,43893,Evelyne Tacniere,Roseraie,Electricité,Roseraie 29 - changer l'ampoule du luminaire de la chambre à couccher,43893,,1,Ouvriers_CPAS,,
T_P198,43893,Evelyne Tacniere,CPAS,Electricité,Bureau Stéphanie : néon à remplacer,43893,,1,Ouvriers_CPAS,,
T_P201,43894,Evelyne Tacniere,Roseraie,Entretien général,Roseraie 31 - nuisible dans le grenier,43894,,1,Ouvriers_CPAS,,
T_P200,43894,Evelyne Tacniere,Roseraie,Electricité,Roseraie 25 - luminaire hall d'entrée : ampoule à changer (madame a l'ampoule),43894,,1,Ouvriers_CPAS,,
T_P202,43894,Evelyne Tacniere,Roseraie,Menuiserie,Roseraie 35 - faitière envolée sur le toit du voisin,43894,,2,Ouvriers_CPAS,,
T_P208,43895,Evelyne Tacniere,CPAS,Entretien général,CPAS - Rappel : goulottes pour câbles longeants le sol,43895,,1,Ouvriers_CPAS,,
T_P203,43895,Evelyne Tacniere,Roseraie,Menuiserie,Roseraie 19 - serrure porte avant ne ferme plus,43895,,1,Ouvriers_CPAS,,
T_P212,43895,Evelyne Tacniere,CPAS,Entretien général,CPAS - Entrée côté personnel : vider le petit hall d'entrée ,43895,,1,Ouvriers_CPAS,,
T_P204,43895,Evelyne Tacniere,CPAS,Electricité,CPAS - Bureau Elodie MARTIN - néon à remplacer,43895,,2,Ouvriers_CPAS,,
T_P214,43896,Evelyne Tacniere,CPAS,Entretien général,entrée côté personnel: vider le petit hall,43896,15m,1,Ouvriers_CPAS,,
T_P226,43902,Evelyne Tacniere,CPAS,Entretien général,"voir mail du 10.03.2020 : - Cité Cosmopolite 2/2.1 + rue Mandart, 28 + rue Charles Dupuis, 114/4 + logements de transit (114/1 et 114/3) + les communs",43902,,2,Ouvriers_CPAS,,
T_P224,43902,Evelyne Tacniere,Roseraie,Sanitaire,Roseraie 11 - : salle de bain : robinet d'eau chaude bloqué + hall d'entrée: armoire du placard ne ferme plus,43902,,1,Ouvriers_CPAS,,
T_P225,43902,Evelyne Tacniere,Roseraie,Chauffage,Roseraie 05 - voir chaudière (vanne 3 voies),43902,,1,Ouvriers_CPAS,,
T_P229,43903,Evelyne Tacniere,Roseraie,Chauffage,Roseraie 12 - voir chaudière: l'eau du robinet de la salle de bain ne reste chaude que 30 à 40 secondes,43903,,1,Ouvriers_CPAS,,
T_P230,43903,Evelyne Tacniere,CPAS,Entretien général,CPAS : façade avant: mettre une plaque en aluminium sur la boite aux lettres du SPF ,43903,,1,Ouvriers_CPAS,,
T_P267,43945,Evelyne Tacniere,Roseraie,Electricité,(pour rappel: déjà communiqué par téléphone) Roseraie 17 - hotte cuisine : ne s'éteint plus,43945,,1,Ouvriers_CPAS,,
T_P266,43945,Evelyne Tacniere,Roseraie,Menuiserie,Roseraie 27 : porte d'entrée : serrure bloque,43945,,1,Ouvriers_CPAS,,
T_P268,43945,Evelyne Tacniere,Roseraie,Chauffage,"Chemin du Bon Dieu, 18 : plus d'eau chaude",43945,,1,Ouvriers_CPAS,,
T_P272,43955,Evelyne Tacniere,Roseraie,Electricité,Roseraie 16 - chambre à coucher: court-circuit (prévoir une ampoule),43955,,1,Ouvriers_CPAS,,
T_P275,43956,Evelyne Tacniere,Roseraie,Chauffage,Roseraie  12 - voir thermostat,43956,,1,Ouvriers_CPAS,,
T_P274,43956,Evelyne Tacniere,Roseraie,Electricité,Chemin du Bon Dieu 14 : cuisine: néon au-dessus de l'évier à remplacer,43956,,1,Ouvriers_CPAS,,
T_P285,43962,Evelyne Tacniere,Roseraie,Chauffage,Roseraie 16 - plus de chauffage ,43962,,1,Ouvriers_CPAS,,
T_P286,43962,Evelyne Tacniere,Roseraie,Sanitaire,Rsoeraie 17 - évier bouché,43962,,1,Ouvriers_CPAS,,
T_P287,43962,Evelyne Tacniere,Roseraie,Chauffage,Roseraie 05 - voir chaudière : thermostat à 0 continue à fonctionner,43962,,1,Ouvriers_CPAS,,
T_P289,43963,Evelyne Tacniere,Roseraie,Menuiserie,Roseraie 30 - porte arrière: serrure bloquée,43963,,1,Ouvriers_CPAS,,
T_P288,43963,Evelyne Tacniere,Roseraie,Buanderie - Cuisine,Roseraie 34 - voir les robinets : sdb : eau froide bloqué et à la cuisine : il goutte,43963,,1,Ouvriers_CPAS,,
T_P293,43969,Evelyne Tacniere,Roseraie,Jardin / extérieur,Roseraie 04 - gouttière arrière : cassée (manque un morceau),43969,,1,Ouvriers_CPAS,,
T_P294,43970,Evelyne Tacniere,Roseraie,Buanderie - Cuisine,Roseraie 17 - évier à nouveau bouché,43970,,1,Ouvriers_CPAS,,
T_P320,44000,Evelyne Tacniere,Roseraie,Entretien général,Roseraie 24 - Chaufferie: ampoule à remplacer - Living: manque le cache des prises de courant - Cuisine: meuble sous-évier: prise murale déboitée du mur (prise électrique du frigo) - Chambre à coucher: luminaire face au placard: ampoule à remplacer - Salle de bain: faïence murale douche: joints à refaire - Faïence assise: joints sales - Jardin: luminaire: ampoule à remplacer.,44000,,1,Ouvriers_CPAS,,
T_P322,44005,Evelyne Tacniere,Roseraie,Plomberie,Roseraie 06 - après le compteur d'eau : gobelet à nettoyer,44005,,1,Ouvriers_CPAS,,
T_P328,44007,Evelyne Tacniere,Roseraie,Menuiserie,Roseraie 39 - porte moustiquaire démise ,44007,,1,Ouvriers_CPAS,,
T_P327,44007,Evelyne Tacniere,Roseraie,Plomberie,Chemin du Bon Dieu 20 - fuite au lavabo,44007,,1,Ouvriers_CPAS,,
T_P326,44007,Evelyne Tacniere,Roseraie,Menuiserie,Roseraie 17 - porte arrière ne se ferme plus,44007,,1,Ouvriers_CPAS,,
T_P331,44008,Evelyne Tacniere,Roseraie,Chauffage,Roseraie 33 - entretien chaudière à programmer avant entrée du nouveau locataire,44008,,1,Ouvriers_CPAS,,
T_P332,44012,Evelyne Tacniere,Roseraie,Entretien général,Roseraie 16 - terminer le travail commencé en janvier (humidité dans la chambre à coucher),44012,,1,Ouvriers_CPAS,,
T_P345,44026,Evelyne Tacniere,Roseraie,Chauffage,Roseraie 35 - problème à la coiffe de la chaudière + voir la faîtière ,44026,,1,Ouvriers_CPAS,,
T_P352,44035,Evelyne Tacniere,CPAS,Menuiserie,Bureaux 2ième étage : mettre les goulottes,44035,,1,Ouvriers_CPAS,,
T_P353,44036,Evelyne Tacniere,Roseraie,Menuiserie,Roseraie 27 - porte entrée : infiltration d'eau ,44036,,1,Ouvriers_CPAS,,
T_P354,44039,Evelyne Tacniere,Roseraie,Chauffage,Roseraie 05 - plus d'eau chaude ,44039,,1,Ouvriers_CPAS,,
T_P356,44041,Evelyne Tacniere,Roseraie,Entretien général,Roseraie 16 - rappel travaux à effectuer depuis janvier 2020 - ,44041,,1,Ouvriers_CPAS,,
T_P365,44049,Evelyne Tacniere,CPAS,Electricité,Goulottes à installer dans tous les bureaux Secrétariat + service social et insertion,44049,,1,Ouvriers_CPAS,,
T_P366,44049,Evelyne Tacniere,Roseraie,Jardin / extérieur,Roseraie 03 - tous les éviers sont bouchés - à déboucher avec le karcher,44049,,1,Ouvriers_CPAS,,
T_P369,44049,Evelyne Tacniere,Roseraie,Chauffage,"Chemin du Bon Dieu, 24 - Bouvé est venu ce 06.08.2020, réparation faite et 3 heures plus tard de nouveau en panne",44049,,1,Ouvriers_CPAS,,
T_P367,44049,Evelyne Tacniere,Roseraie,Chauffage,Roseraie 10 - plus d'eau chaude + fuite d'eau à la chaudière,44049,,1,Ouvriers_CPAS,,
T_P373,44055,Evelyne Tacniere,Roseraie,Chauffage,Chemin du Bon Dieu 24 - URGENT - plus d'eau chaude depuis jeudi 3 heures après l'intervenion de BOUVE,44055,,1,Ouvriers_CPAS,,
T_P383,44060,Evelyne Tacniere,Roseraie,Entretien général,Roseraie 04 - suite à l'état des lieux: - velux débarras: giprox détaché sur la droite; châssis (avant) : poignée à revisser; Meuble au-dessus de la hotte: barre démise (manque la vis); rampe de la pomme de douche: pas de fixation pour le pommeau; dessus du lavabo: cache tube démis sur la droite; Mur extérieur à l'arrière: corniche fissurée près de la descente d'évacuation; Serrure supérieure porte d'entrée: pas de clef sur le trousseau + serrure à stabiliser,44060,,1,Ouvriers_CPAS,,
T_P381,44060,Evelyne Tacniere,Roseraie,Jardin / extérieur,Roseraie 06 - déboucher la canalisation avant de la maison,44060,,1,Ouvriers_CPAS,,
T_P382,44060,Evelyne Tacniere,Roseraie,Entretien général,Roseraie 04 - enlever le matériel de nettoyage + l'escabelle de Sabine,44060,,1,Ouvriers_CPAS,,
T_P387,44062,Evelyne Tacniere,Roseraie,Entretien général,Roseraie n° 27 planche de wc a remplacer,44062,,1,Ouvriers_CPAS,,
T_P386,44062,Evelyne Tacniere,Roseraie,Jardin / extérieur,Roseraie n°9 corniche bouchée,44062,,1,Ouvriers_CPAS,,
T_P388,44063,Evelyne Tacniere,Roseraie,Menuiserie,Chemin du Bon Dieu 28 - rappel : serrure inférieure porte d'entrée,44063,,1,Ouvriers_CPAS,,
T_P395,44075,Evelyne Tacniere,Roseraie,Chauffage,Chemin du Bon Dieu 18 - vannes: salle de bain et chambre à coucher: fuites d'eau,44075,,1,Ouvriers_CPAS,,
T_P397,44075,Evelyne Tacniere,Roseraie,Chauffage,Roseraie 16 - Chaudière coupée : radiateurs chauffent / voir thermostat également,44075,,1,Ouvriers_CPAS,,
T_P396,44075,Evelyne Tacniere,Roseraie,Entretien général,Roseraie 04 - wc: chasse coule; porte d'entrée: serrure; porte boite électrique: cassée; barre de douche transversale: glisse du mur; rampe de douche + pomme douche: à remplacer; baie vitrée: poignée bouge,44075,,1,Ouvriers_CPAS,,
T_P399,44078,Evelyne Tacniere,Roseraie,Buanderie - Cuisine,Roseraie 24 - cuisine: évacuation évier ,44078,,1,Ouvriers_CPAS,,
T_P398,44078,Evelyne Tacniere,CPAS,Electricité,Bureau Directrice Générale remplacement d'un néon + bureau Evelyne remplacement d'un néon,44078,,2,Ouvriers_CPAS,,
T_P402,44083,Evelyne Tacniere,CPAS,Plomberie,cpas : wc hommes: urinoir de droite : eau ne s'évacue plus,44083,,1,Ouvriers_CPAS,,
T_P406,44090,Evelyne Tacniere,Roseraie,Entretien général,Roseraie 05 - toutes les canalisations sont bouchées,44090,,1,Ouvriers_CPAS,,
T_P405,44090,Evelyne Tacniere,Roseraie,Chauffage,Roseraie 01 - voir chaudière - pas d'eau chaude (téléphoné à Michel car tableau inaccessible le 14/09/2020),44090,,1,Ouvriers_CPAS,,
T_P409,44091,Evelyne Tacniere,CPAS,Electricité,Bureau service social: Céline - 2 néons à remplacer,44091,,1,Ouvriers_CPAS,,
T_P411,44096,Evelyne Tacniere,Roseraie,Sanitaire,Roseraie 13 - Chasse coule,44096,,1,Ouvriers_CPAS,,
T_P412,44096,Evelyne Tacniere,CPAS,Menuiserie,Bureau DG absente ce mercredi 23/09 : mise en place des stores,44096,,2,Ouvriers_CPAS,,
T_P421,44104,Evelyne Tacniere,CPAS,Entretien général,ILA - voir mail du 29/09/2020,44104,,1,Ouvriers_CPAS,,
T_P422,44104,Evelyne Tacniere,Roseraie,Chauffage,Roseraie 33 - chaudière: se met en sécurité (plus d'eau chaude) URGENT,44104,,1,Ouvriers_CPAS,,
T_P427,44106,Evelyne Tacniere,Roseraie,Entretien général,Roseraie 28 - canalisations bouchées (refoulement dans les éviers de la cuisine),44106,,1,Ouvriers_CPAS,,
T_P434,44110,Evelyne Tacniere,Roseraie,Entretien général,Roseraie 27 - Canalisations bouchées: refoulement dans les éviers de la cuisine,44110,,1,Ouvriers_CPAS,,
T_P433,44110,Evelyne Tacniere,Roseraie,Chauffage,Roseraie 01 - chaudière : radiateurs ne chauffent pas,44110,,1,Ouvriers_CPAS,,
T_P436,44111,Evelyne Tacniere,Roseraie,Jardin / extérieur,Roseraie 12 - corniche arrière bouchée,44111,,1,Ouvriers_CPAS,,
T_P437,44112,Evelyne Tacniere,Roseraie,Entretien général,Cartouche anticalcaire : à remplacer dans toutes les maisons (Domaine de la Roseraie - Chemin du Bon Dieu) Réf.: micromet 75 chez Van Marcke,44112,2 journées,2,Ouvriers_CPAS,,
T_P441,44113,Evelyne Tacniere,Roseraie,Entretien général,Roseraie 39 - Horloge de la cuisinière à régler + mitigeur du  lavabo de la salle de bain? + branche à dégager sur l'arrière de la maison,44113,,2,Ouvriers_CPAS,,
T_P453,44123,Evelyne Tacniere,Roseraie,Chauffage,Roseraie 12 - Chaudière: voir vanne,44123,,1,Ouvriers_CPAS,,
T_P454,44123,Evelyne Tacniere,CPAS,Menuiserie,CPAS - Bureaux : Kimberley Collet et Tina Cerrati: à faire : plexi,44123,,1,Ouvriers_CPAS,,
T_P456,44124,Evelyne Tacniere,Roseraie,Entretien général,Roseraie 30 - Cuisine: robinet: manque le filtre,44124,,1,Ouvriers_CPAS,,
T_P457,44125,Evelyne Tacniere,CPAS,Menuiserie,Bureaux 1er étage : Petite Commune: infiltration d'eau niveaux des fenêtres,44125,,1,Ouvriers_CPAS,,
T_P468,44130,Evelyne Tacniere,CPAS,Electricité,Bureau Kimberley - remplacement d'un néon,44130,,1,Ouvriers_CPAS,,
T_P471,44130,Evelyne Tacniere,CPAS,Electricité,Bureau Stéphanie : néon à remplacer,44130,,1,Ouvriers_CPAS,,
T_P472,44132,Evelyne Tacniere,Roseraie,Chauffage,Roseraie 30 - Chaudière (fuite) (signalé par mail ce 28.10.20 matin),44132,,1,Ouvriers_CPAS,,
T_P474,44133,Evelyne Tacniere,CPAS,Entretien général,Bureau Stéphanie : sifflement niveau radiateur,44133,,1,Ouvriers_CPAS,,
T_P473,44133,Evelyne Tacniere,Roseraie,Chauffage,"Chemin du Bon Dieu, 20 - thermostat défectueux",44133,,1,Ouvriers_CPAS,,
T_P475,44134,Evelyne Tacniere,Roseraie,Chauffage,Roseraie 12 - Chaudière: voir vanne,44134,,1,Ouvriers_CPAS,,
T_P495,44152,Evelyne Tacniere,CPAS,Electricité,Bureau de Véronique: 2 néons à remplacer,44152,,1,Ouvriers_CPAS,,
T_P494,44152,Evelyne Tacniere,CPAS,Electricité,Bureaux : Stéphanie - Rowena - Evelyne : néons à changer,44152,,1,Ouvriers_CPAS,,
T_P493,44152,Evelyne Tacniere,CPAS,Entretien général,Bureau Stéphanie: store intérieur bloqué,44152,,1,Ouvriers_CPAS,,
T_P502,44159,Evelyne Tacniere,Roseraie,Chauffage,Roseraie 27 - radiateurs : froids en bas et chauds en haut (tableau indisponible: téléphoné le problème),44159,,1,Ouvriers_CPAS,,
T_P503,44159,Evelyne Tacniere,CPAS,Sanitaire,2ième étage: wc dames : fuite d'eau au tuyau d'évacuation,44159,,1,Ouvriers_CPAS,,
T_P510,44165,Evelyne Tacniere,CPAS,Sanitaire,"Logement de transit : rue Charles Dupuis, 114/3 : lavabo coule",44165,,1,Ouvriers_CPAS,,
T_P516,44172,Evelyne Tacniere,CPAS,Sanitaire,"ILA Cité Cosmopolite, 2/21 : souci au lavabo",44172,,1,Ouvriers_CPAS,,
T_P513,44172,Evelyne Tacniere,Roseraie,Electricité,Roseraie 01 :  Arrière maison : ampoule extérieure à remplacer ,44172,,1,Ouvriers_CPAS,,
T_P512,44172,Evelyne Tacniere,Roseraie,Electricité,Roseraie 09 : Salle de bain : tube néon à remplacer,44172,,1,Ouvriers_CPAS,,
T_P518,44174,Evelyne Tacniere,CPAS,Entretien général,CPAS : 2ième étage : près du bureau de la DG : porte à débloquer,44174,,1,Ouvriers_CPAS,,
T_P521,44176,Evelyne Tacniere,Roseraie,Sanitaire,Roseraie 30 - Cuisine: robinet: manque le filtre + salle de bain: douche: eau trouble + odeur nauséabonde ,44176,,1,Ouvriers_CPAS,,
T_P520,44176,Evelyne Tacniere,CPAS,Electricité,CPAS: bureau Stéphanie : problème au néon +  bureau Steve: 2 néons à remplacer,44176,,1,Ouvriers_CPAS,,
T_P526,44179,Evelyne Tacniere,Roseraie,Entretien général,Roseraie 10 - infiltration d'eau plafond wc + porte arrière,44179,,1,Ouvriers_CPAS,,
T_P527,44180,Evelyne Tacniere,Roseraie,Electricité,Roseraie 06 : court-circuit à la hotte,44180,,1,Ouvriers_CPAS,,
T_P529,44186,Evelyne Tacniere,CPAS,Entretien général,Logement de transit - 114/3 - apporter le petit frigo + hotte + gazinière pour Madame MAURO Rita - avant de livrer au domicile avertir Arno au 610 pour lui communiquer l'heure de livraison,44186,,2,Ouvriers_CPAS,,
T_P533,44189,Evelyne Tacniere,Roseraie,Plomberie,Chemin du Bon Dieu 20 : fuite d'eau en-dessous de l'évier de la cuisine,44189,,1,Ouvriers_CPAS,,
T_P535,44200,Evelyne Tacniere,Roseraie,Electricité,Roseraie 21 : plombs sautent : taque électrique gauche supérieure,44200,,1,Ouvriers_CPAS,,
T_P537,44201,Evelyne Tacniere,CPAS,,Papier A4 à descendre à la cave,44201,,2,Ouvriers_CPAS,,
T_P541,44203,Evelyne Tacniere,Roseraie,Sanitaire,Roseraie 17 : WC: humidité au plafond,44203,,1,Ouvriers_CPAS,,
T_P542,44203,Evelyne Tacniere,CPAS,Electricité,Bureau DG Véronique : 2 tubes à remplacer + 1 tube dans le couloir face au bureau du Président + 1 tube dans le bureau du Président,44203,,1,Ouvriers_CPAS,,
T_P549,44208,Evelyne Tacniere,Roseraie,Chauffage,Roseraie 33 - chaudière: plus de chauffage URGENT - contacter monsieur avant votre départ au 065/666.112 + WC: fuite d'eau au raccord,44208,,1,Ouvriers_CPAS,,
T_P547,44208,Evelyne Tacniere,Roseraie,Menuiserie,Roseraie 31 - Porte d'entrée: difficultés à l'ouvrir (balai sous la porte),44208,,1,Ouvriers_CPAS,,
T_P555,44214,Evelyne Tacniere,CPAS,Entretien général,Radiateur face bureau Evelyne: à purger,44214,,1,Ouvriers_CPAS,,
T_P562,44218,Evelyne Tacniere,Roseraie,Plomberie,Domaine de la Roseraie et Chemin du Bon Dieu : rappel : cartouche anticalcaire,44218,,2,Ouvriers_CPAS,,
T_P560,44218,Evelyne Tacniere,Roseraie,Electricité,Chemin du Bon Dieu 14 - voir mail du 21.01.2021 - pour info: chambre à coucher: court-circuit luminaire plafond - ,44218,,1,Ouvriers_CPAS,,
T_P561,44218,Evelyne Tacniere,Roseraie,Entretien général,Chemin du Bon Dieu 14 - façade avant: fixer le numéro de maison,44218,,1,Ouvriers_CPAS,,
T_P566,44222,Evelyne Tacniere,Roseraie,Entretien général,Roseraie 27 - a) boite aux lettres: serrure bloque - b) barre fixe de la douche: pomme douche glisse - c) canalisations: odeurs remontent dans la maison,44222,,1,Ouvriers_CPAS,,
T_P569,44224,Evelyne Tacniere,Roseraie,Entretien général,Chemin du Bon Dieu 20 - évier cuisine + lavabo salle de bain : bouchés,44224,,1,Ouvriers_CPAS,,
T_P022,43762,Helene Courcelles,CPAS,Electricité,Cité Cosmopolite : prises défectueuse à la salle de bain,43676,,1,Ouvriers_CPAS,,
T_P035,43775,Helene Courcelles,CPAS,Entretien général,déplacer les fixations des extincteurs vers la rue Destrée et les extincteurs une fois contrôlés (attendre feux vert Pierre Page),43775,1,1,Ouvriers_CPAS,,
T_P036,43777,Helene Courcelles,MRS,Réunions ,préparer la bibliothèque pour 5 candidats + 1 table pour le jury pour le 13 novembre à 13h,43782,0.5,2,Ouvriers_CPAS,,
T_P079,43809,Helene Courcelles,CPAS,Electricité,prévoir un éclairage supplémentaire dans le bureau de julie et florence (à discuter),43809,1/2 journée,1,Ouvriers_CPAS,,
T_P078,43809,Helene Courcelles,CPAS,Entretien général,URGENT - placer les stores dans les bureaux qui ne disposent pas de stores extérieurs et me donner le nombre de stores à commander,43809,1 jour,2,Ouvriers_CPAS,,
T_P084,43810,Helene Courcelles,CPAS,Electricité,"placer un éclairage avec détecteur de mouvement à la sortie ""personnel"" du bâtiment de la rue Jules Destrée",43810,,1,Ouvriers_CPAS,,
T_P083,43810,Helene Courcelles,CPAS,Chauffage,enlever la vanne thermostatique du local informatique ,43810,1h,1,Ouvriers_CPAS,,
T_P082,43810,Helene Courcelles,CPAS,Entretien général,remplacement de la serrure du local informatique et remise de 3 clefs,43810,1/2 journée,1,Ouvriers_CPAS,,
T_P081,43810,Helene Courcelles,CPAS,Electricité,un néon dans le bureau de Véronique clignote sans cesse,43810,1h,1,Ouvriers_CPAS,,
T_P086,43816,Helene Courcelles,CPAS,Chauffage,URGENT - le chauffage ne fonctionne pas dans la conciergerie. ,43816,,,Ouvriers_CPAS,,
T_P101,43833,Helene Courcelles,CPAS,Entretien général,aménager le local accueil (fixer les bacs au mur),43833,2h,1,Ouvriers_CPAS,,
T_P102,43833,Helene Courcelles,CPAS,Entretien général,URGENT - vider les rez-de-chaussée,43833,,,Ouvriers_CPAS,,
T_P104,43836,Helene Courcelles,CPAS,Entretien général,URGENT - placer les stores dans les bureaux qui ne disposent pas de stores extérieurs et me donner le nombre de stores à commander,43836,,,Ouvriers_CPAS,,
T_P117,43839,Helene Courcelles,CPAS,Entretien général,mise en place d'un bouton d'alerte dans le desk accueil,43839,,,Ouvriers_CPAS,,
T_P125,43844,Helene Courcelles,CPAS,Entretien général,"aménager le vestiaire (cassettes si possible, banc ou chaises et porte-manteau) + si possible nettoyer la douche",43844,,,Ouvriers_CPAS,,
T_P126,43845,Helene Courcelles,CPAS,Entretien général,installer les nouveaux bureaux,43845,,,Ouvriers_CPAS,,
T_P141,43857,Helene Courcelles,CPAS,Parc voitures,présenter le véhicule 1EHQ529 en précisant que c'est pour un achat ou une vente (afin d'obtenir une demande d'immatriculation) - renvoyer les documents à Steve,43857,,,Ouvriers_CPAS,,
T_P150,43858,Helene Courcelles,CPAS,Entretien général,Bidouiller des crochets pour l'armoire du Président - voir Steve pour plus d'info,43858,,,Ouvriers_CPAS,,
T_P170,43873,Helene Courcelles,CPAS,Entretien général,fixation des antennes WIFI (bureaux Steve et Véro),43873,,,Ouvriers_CPAS,,
T_P175,43875,Helene Courcelles,CPAS,Entretien général,placer des boutons alerte dans le bureau de Jade/Lorena et dans ceux de l'insertin,43875,,,Ouvriers_CPAS,,
T_P213,43896,Helene Courcelles,CPAS,Entretien général,placer les extincteurs aux emplacements restant à la rue Jules Destrée (et remplacer les attaches par celles récupérées au home chez nous),43896,,,Ouvriers_CPAS,,
T_P219,43899,Helene Courcelles,CPAS,Parc voitures,le véhicule 1-HVY436 le plus rapidement possible au contrôle technique (avec carpass),43899,,,Ouvriers_CPAS,,
T_P222,43901,Helene Courcelles,CPAS,Electricité,faire une déviation de la prise réseau de véro vers chez Raphaël,43901,,,Ouvriers_CPAS,,
T_P239,43920,Helene Courcelles,Roseraie,Entretien général,reparer la boite aux lettres du 24 chemin du bon dieu (tombée),43920,,,Ouvriers_CPAS,,
T_P244,43927,Helene Courcelles,CPAS,Electricité,"placer des goulottes au sol dans les bureaux de jade et lorena, kim et tsiki, marie-anne et stéphanie",43927,,,Ouvriers_CPAS,,
T_P247,43929,Helene Courcelles,CPAS,Entretien général,fixer un tableau blanc derrière le bureau d'alexis (il semblerait qu'il en reste dans le local du puit de mine),43929,,,Ouvriers_CPAS,,
T_P246,43929,Helene Courcelles,CPAS,Entretien général,fixer une boîte à clef dans le bureau d'Alexis (la boite y est),43929,,,Ouvriers_CPAS,,
T_P252,43931,Helene Courcelles,Roseraie,Entretien général,"le 24 et 33 du Domaine de la Roseraie seront libres à la fin du mois d'avril. Prévoir les matériaux nécessaires (éventuellement un stock de Vinyl si c'est possible)afin de débuter les travaux très rapidement. Me contacter si nécessaire,",43931,,,Ouvriers_CPAS,,
T_P251,43931,Helene Courcelles,CPAS,Chauffage,"La vanne du radiateur situé dans le couloir du 
service insertion est bloquée. Il chauffe donc très fort en permanence.",43931,,,Ouvriers_CPAS,,
T_P253,43935,Helene Courcelles,Roseraie,Entretien général,Roseraie 10 - porte avant bloquée car barillet cassé,43935,,,Ouvriers_CPAS,,
T_P255,43936,Helene Courcelles,Roseraie,Electricité,Roseraie 26 - problème d'électricité dans la salle de bain,43936,,,Ouvriers_CPAS,,
T_P256,43936,Helene Courcelles,Roseraie,Entretien général,"Roseraie 24 - pas d'eau chaude, Cuisine - au-dessus de l'évier :Cache-neon cassé au coin inférieur gauche, Cuisine : interrupteurs pour la chambre et la cuisine, bloqués",43936,,,Ouvriers_CPAS,,
T_P254,43936,Helene Courcelles,Roseraie,Entretien général,Bon Dieu 28 - serrure porte d'entrée,43936,,,Ouvriers_CPAS,,
T_P262,43943,Helene Courcelles,CPAS,Entretien général,signalisation appropriée et renforcée + indication des niveaux à la rue Destrée (voir rapport pompier - me contacter),43943,,,Ouvriers_CPAS,,
T_P261,43943,Helene Courcelles,Roseraie,Entretien général,"taques d'égouts à remplacer ou refaire le joint au chemin du Bon Dieu (au moins 4 devant le 20, 22, 24 et 26)",43943,,,Ouvriers_CPAS,,
T_P263,43943,Helene Courcelles,CPAS,Entretien général,dévérouillage de la porte de secours près des portes coulissantes,43943,,,Ouvriers_CPAS,,
T_P276,43957,Helene Courcelles,Roseraie,Entretien général,rénovation de l'habitation sise au 24 Roseraie,43957,8 jours,2,Ouvriers_CPAS,,
T_P281,43959,Helene Courcelles,Roseraie,Chauffage,"plus d'eau chaude au 20 bon dieu (n'est-ce pas un problème plus général car ça concerne le 18, le 20 et le 24 de la même rue?)",43959,,,Ouvriers_CPAS,,
T_P290,43963,Helene Courcelles,Roseraie,Entretien général,transmettre les relevés de compteur du Roseraie 24 à Evelyne,43963,,,Ouvriers_CPAS,,
T_P297,43970,Helene Courcelles,CPAS,Entretien général,"Les étagères à archive seront livrées et monté le vendredi 29/05. prévoir un ouvrier sur place pour les accueillir le matin et fermer vers 15h,",43970,,,Ouvriers_CPAS,,
T_P296,43970,Helene Courcelles,CPAS,Entretien général,"URGENT - fixer un plexiglass entre le bureau d'Evelyne etc celui de Ghizlane (pour les détails, me contacter",43970,,,Ouvriers_CPAS,,
T_P298,43971,Helene Courcelles,Roseraie,Chauffage,Bon Dieu 18 - raidaiteurs chambre à coucher et salle de bain ont une fuite,43971,,,Ouvriers_CPAS,,
T_P301,43980,Helene Courcelles,CPAS,Chauffage,Le chauffage du réfectoire (le premier sur la droite en entrant) chauffe continuellement malgré qu’il soit sur zéro,43980,,,Ouvriers_CPAS,,
T_P302,43984,Helene Courcelles,CPAS,Chauffage,appartement 114/1 - fuite d'eau au WC et problème de chauffage (voir Stéphanie pour plus d'infos),43984,,,Ouvriers_CPAS,,
T_P304,43985,Helene Courcelles,CPAS,Menuiserie,la porte du bureau de Céline et Hélène ne se ferme pas. Elle est apparemment coincée.,43985,,,Ouvriers_CPAS,,
T_P305,43987,Helene Courcelles,CPAS,Electricité,"les néons dans le bureau de marie-anne et dans celui de Rowena ""clignotent"". Voir pour les remplacer si nécessaire. ",43987,,,Ouvriers_CPAS,,
T_P315,43993,Helene Courcelles,Roseraie,Chauffage,Cartouche calcaire à remplacer – Roseraie 19,43993,,,Ouvriers_CPAS,,
T_P317,43993,Helene Courcelles,Roseraie,Entretien général,Bon Dieu 14 - Altéria a abimé la corniche. Prendre des photos et me les transmettre pour contestation. Voir si on peut réparer ou si ça doit rentrer dans le marché de rénovation prévu (voir avec Steve),43993,,,Ouvriers_CPAS,,
T_P311,43993,Helene Courcelles,Roseraie,Chauffage,Roseraie 5 - panne ,43993,,,Ouvriers_CPAS,,
T_P316,43993,Helene Courcelles,Roseraie,Entretien général,rénovation de l'habitation sise au 33 Roseraie,43993,15 jours,,Ouvriers_CPAS,,
T_P312,43993,Helene Courcelles,Roseraie,Plomberie,Roseraie 32 - Robinetterie salle de bain qui coule sans arrêt (persiste après votre visite),43993,,,Ouvriers_CPAS,,
T_P310,43993,Helene Courcelles,Roseraie,Entretien général,vider l'habitation Roseraie 4 (à mettre en sécurité à l'IDEA) . L'inventaire a été fait le 10/06. me tenir informée. ,43993,,,Ouvriers_CPAS,,
T_P314,43993,Helene Courcelles,Roseraie,Chauffage,"Bon Dieu 18 - Changement de vannes chauffage salle de bain et chambre 
Eau qui manque à la chaudière",43993,,,Ouvriers_CPAS,,
T_P313,43993,Helene Courcelles,Roseraie,Plomberie,Roseraie 26 - Problème d’évacuation WC ,43993,,,Ouvriers_CPAS,,
T_P319,43999,Helene Courcelles,Roseraie,Entretien général,"Vérifier la présence de rats au domaine de la Roseraie, me tenir informée et prévoir une intervention si nécessaire",43999,,,Ouvriers_CPAS,,
T_P330,44007,Helene Courcelles,CPAS,Jardin / extérieur,entretenir le jardin à l'arrière de la rue Destrée + mauvaises herbes sur le parking,44007,,,Ouvriers_CPAS,,
T_P329,44007,Helene Courcelles,CPAS,Entretien général,ranger la palette de papier à la cave,44007,,,Ouvriers_CPAS,,
T_P335,44015,Helene Courcelles,Roseraie,Chauffage,"Bon dieu 24 
Problème d’eau chaude – Pas d’eau chaude",44015,,1,Ouvriers_CPAS,,
T_P338,44021,Helene Courcelles,CPAS,Entretien général,placer un plexi entre les bureaux d'Amine et Rowena (1er étage),44021,,,Ouvriers_CPAS,,
T_P339,44021,Helene Courcelles,Roseraie,Sanitaire,La chasse d’eau coule - Bon Dieu 26,44021,,,Ouvriers_CPAS,,
T_P341,44022,Helene Courcelles,CPAS,Sanitaire,remise en état de la douche du vestiaire du sous-sol,44022,,,Ouvriers_CPAS,,
T_P342,44022,Helene Courcelles,Roseraie,Entretien général,mise en état du 4 Roseraie - me tenir informée du suivi,44022,,,Ouvriers_CPAS,,
T_P349,44032,Helene Courcelles,CPAS,Entretien général,Cité Cosmopolite 2/2.1 : souci avec le séchoir électrique et au niveau de la douche,44032,,,Ouvriers_CPAS,,
T_P351,44035,Helene Courcelles,cpas,Jardin / extérieur,tondre la pelouse et enlever les mauvaises herbes sur le parking (rappel de ma demande de fin juin),44035,,,Ouvriers_CPAS,,
T_P350,44035,Helene Courcelles,CPAS,Entretien général,déplacer la camionette RHM356 de son emplacement à la rue Destrée (mal stationnée et gêne la stationnement). ,44035,,,Ouvriers_CPAS,,
T_P404,44089,Helene Courcelles,Roseraie,Entretien général,coiffe de cheminée 32 Roseraie ,44089,,,Ouvriers_CPAS,,
T_P403,44089,Helene Courcelles,CPAS,Electricité,tirer un câble réseau dans le bureau de Thibault et Arno,44089,,,Ouvriers_CPAS,,
T_P407,44090,Helene Courcelles,Roseraie,Jardin / extérieur,Roseraie 16 - gouttières à nettoyer,44090,,1,Ouvriers_CPAS,,
T_P415,44098,Helene Courcelles,CPAS,Electricité,cablage réseau pour placement téléphone supplémentaire dans le bureau de Thibault,44098,,,Ouvriers_CPAS,,
T_P418,44099,Helene Courcelles,Roseraie,Entretien général,RAPPEL - Roseraie 35 - faitière qui se décroche en haut à droite et coiffe de cheminée qui se détache ,44099,,,Ouvriers_CPAS,,
T_P423,44104,Helene Courcelles,CPAS,Plomberie,URGENT ! déboucher urinoirs et WC Destrée,44104,,,Ouvriers_CPAS,,
T_P426,44105,Helene Courcelles,CPAS,Entretien général,revoir la temporisation de l'éclairage de la porte du personnel (au moins 2 minutes),44105,,,Ouvriers_CPAS,,
T_P428,44106,Helene Courcelles,CPAS,Entretien général,nettoyer les corniches du garage de la rue destrée car l'eau stagne et vérifier l'état de la porte du garage,44106,,,Ouvriers_CPAS,,
T_P429,44106,Helene Courcelles,CPAS,Electricité,2 téléphones à brancher dans des bureaux d'AS (pas possible de le faire moi-même avec les goulottes) - me voir,44106,,1,Ouvriers_CPAS,,
T_P440,44112,Helene Courcelles,CPAS,Electricité,placer une goulotte dans le bureau de stéphanie et marie-anne (et remplacer le câble par un moins long - j'en ai en stock),44112,,,Ouvriers_CPAS,,
T_P439,44112,Helene Courcelles,CPAS,Electricité,remplacer le néon dans le bureau de christophe,44112,,,Ouvriers_CPAS,,
T_P442,44113,Helene Courcelles,CPAS,Chauffage,contact BE.maintenance pour une panne à la chaudière du 114 - voir Corinne pour les plages disponibles,44113,,,Ouvriers_CPAS,,
T_P443,44116,Helene Courcelles,CPAS,Entretien général,aménagement du Bureau pour Arno,44116,,,Ouvriers_CPAS,,
T_P481,44145,Helene Courcelles,Roseraie,Entretien général,Bon Dieu 28 - problème avec le vinyl de la chambre (latte de jointure avec la porte coulissante),44145,,,Ouvriers_CPAS,,
T_P487,44147,Helene Courcelles,Roseraie,Entretien général,Roseraie 25 : Relevé index Gaz – pas de possibilité d’accès au compteur ,44147,,,Ouvriers_CPAS,,
T_P488,44147,Helene Courcelles,Roseraie,Entretien général,Roseraie 29 : Relevé index Gaz – pas de possibilité d’accès au compteur et Problème frigo ,44147,,,Ouvriers_CPAS,,
T_P486,44147,Helene Courcelles,CPAS,Electricité,2 néons ne fonctionnent pas dans le bureau de Véronique,44147,,,Ouvriers_CPAS,,
T_P536,44201,Helene Courcelles,CPAS,Electricité,remplacer un néon dans mon bureau.,44201,,,Ouvriers_CPAS,,
T_P548,44208,Helene Courcelles,Roseraie,Electricité,Roseraie 6 - lampe du hall cassée (globe),44208,,,Ouvriers_CPAS,,
T_P551,44214,Helene Courcelles,CPAS,Electricité,ajouter une prise réseau supplémentaire dans le bureau de Rowena ,44214,,,Ouvriers_CPAS,,
T_P552,44214,Helene Courcelles,CPAS,Menuiserie,fixer une attache et placer un cadenas sur l'armoire de mon bureau,44214,,,Ouvriers_CPAS,,
T_P564,44221,Helene Courcelles,CPAS,Electricité,remplacer un néon défectueux dans la cuisine à la rue Destrée,44221,,,Ouvriers_CPAS,,
T_P581,44238,Helene Courcelles,CPAS,Electricité,eclairage avec detecteur de mouvement dysfonctionne à l'entrée du personnel,44239,,,Ouvriers_CPAS,,
T_P582,44238,Helene Courcelles,CPAS,Electricité,la prise réseau du bureau de Rowena ne fonctionne pas même en inversant avec celle du PC,44239,,,Ouvriers_CPAS,,
T_P577,44238,Helene Courcelles,CPAS,Entretien général,prévoir un marquage pour la camionnette à côté de la place handicapée. ,44242,,,Ouvriers_CPAS,,
T_P1548,45846,Hicham El Hariri,MRS,Entretien général,RDC : la porte de secours anti-panique elle est déréglée,45847,1,,Ouvriers_CPAS,,
T_P1551,45848,Hicham El Hariri,MRS,Jardin / extérieur,Pourriez-vous planifier la tonte de la pelouse située au 1er étage ? Merci,45848,1,2,Ouvriers_CPAS,,
T_P1549,45848,Hicham El Hariri,MRS,Entretien général,"Chambre 238 : Vérifier l'Ampoule de la SDB, Plaque en hauteur de la SDB, Repose-pieds et les Crochets tentures",45848,,2,Ouvriers_CPAS,,
T_P1550,45848,Hicham El Hariri,MRS,Entretien général,"Chambre 240 : Porte d'entée qui grince au sol,
    Pot à revisser",45848,,2,Ouvriers_CPAS,,
T_P1553,45849,Hicham El Hariri,MRS,Electricité,1er étage : vérifier le bon fonctionnement de la serrure électronique située près de la porte de décharge (là où se trouve l’armoire des racks).,45849,1,1,Ouvriers_CPAS,,
T_P1555,45849,Hicham El Hariri,MRS,Entretien général,"Chambre 122 : Poignet de porte garde-robe
    Tablette garde-robe Fauteuil",45849,1,1,Ouvriers_CPAS,,
T_P1554,45849,Hicham El Hariri,MRS,Entretien général,1er étage (près des bureaux des infirmières) : constaté que le diffuseur de parfum est détaché. Merci de le refixer correctement.,45849,0.5,1,Ouvriers_CPAS,,
T_P1552,45849,Hicham El Hariri,MRS,Electricité,Chambre N° 104 : Verifier le bon fonctionnement de la telecommande du lit,45849,1,1,Ouvriers_CPAS,,
T_P1556,45849,Hicham El Hariri,MRS,Entretien général,RDC/Vide-pane : Veuillez reboucher (avec du béton) le trou existant dans le sol. Merci,45849,1,1,Ouvriers_CPAS,,
T_P1570,45853,Hicham El Hariri,MRS,Electricité,toilettes hommes RDC : éclairage de secours =>  Câble abimé,45853,1,1,Ouvriers_CPAS,,
T_P1561,45853,Hicham El Hariri,MRS,Entretien général,Changer le matelat (mimi),45853,0.5,1,Ouvriers_CPAS,,
T_P1563,45853,Hicham El Hariri,MRS,Electricité,Tester l'UPS avec Ms JAN : prévu vers 10h30,45853,1,3,Ouvriers_CPAS,,
T_P1567,45853,Hicham El Hariri,MRS,Electricité,Fixation du projecteur (revenu de reparation) ,45853,1,2,Ouvriers_CPAS,,
T_P1568,45853,Hicham El Hariri,MRS,Electricité,Climatiseur - buanderie : changer l'emplacement + l'évacuation + alimentation +test ,45853,1,3,Ouvriers_CPAS,,
T_P1569,45853,Hicham El Hariri,MRS,Electricité,dans la cuisine : il y a une prise à re-fixer dans sa boite d'encastrement + manque de cache à une autre prise,45853,1,1,Ouvriers_CPAS,,
T_P1576,45854,Hicham El Hariri,MRS,Electricité,"Aile ""A"" face à la porte des éscaliers de secours => batterie à changer",45854,,,Thersa,,
T_P1572,45854,Hicham El Hariri,MRS,Electricité,RDC : bloc de secours à changer ou batterie ( à voir),45854,,,Thersa,,
T_P1573,45854,Hicham El Hariri,MRS,Electricité,1ère : nouveau bureau => batterie à changer,45854,,,Thersa,,
T_P1574,45854,Hicham El Hariri,MRS,Electricité,Face à la chambre 132 : bloc à changer ou batterie à plat,45854,,,Thersa,,
T_P1575,45854,Hicham El Hariri,MRS,Electricité,Aile C vide pane : batterie à changer,45854,,,Thersa,,
T_P1571,45854,Hicham El Hariri,MRS,Electricité,"étage ""-1"" : local ventilation 2ème bloc de secours => batterie à changer",45854,,,Thersa,,
T_P1577,45854,Hicham El Hariri,MRS,Entretien général,Chambre 212 : frigo fait de la glace (david est prévenu),45854,,,Ouvriers_CPAS,,
T_P1562,45853,Hicham El Hariri,MRS,Entretien général,Aller chercher les bancs de chez WEBA : LE MERCREDI 16/07/25,45854,1,2,Ouvriers_CPAS,,
T_P1591,45861,Hicham El Hariri,MRS,Plomberie,manque la plaque de déclenchement wc femmes,45861,,,Thersa,,
T_P1594,45867,Hicham El Hariri,MRS,Entretien général,Coller les nouvelles étiquettes d'identification des extincteurs et des dévidoirs muraux.,45869,3,1,Ouvriers_CPAS,,
T_P1599,45870,Hicham El Hariri,MRS,Electricité,Appart Soc. Traveaux de la mise en conformité,45870,2,1,Ouvriers_CPAS,,
T_P1600,45870,Hicham El Hariri,MRS,Entretien général,"La porte rouge (qui mène vers les escaliers) aux Acacias, à gauche de la chambre 139, ne ferme plus correctement. Il faut la claquer assez fort !!",45870,1,,Ouvriers_CPAS,,
T_P1598,45870,Hicham El Hariri,MRS,Entretien général,Ch005 : monsieur demande un matelas plus dur.,45870,1,1,Ouvriers_CPAS,,
T_P1597,45870,Hicham El Hariri,MRS,Electricité,la carte électronique du Portail d'entrée principale : consigner + identifier les câbles + décabler la carte électronique,45870,1.5,1,Ouvriers_CPAS,,
T_P1601,45870,Hicham El Hariri,MRS,Entretien général,Chambre 218 : télecommande ne fonctionne plus !,45870,0.5,,Ouvriers_CPAS,,
T_P1606,45874,Hicham El Hariri,MRS,Entretien général,"Serait-il possible de procéder à un inventaire du matériel actuellement en stock (vis, boulons, ampoules, disjoncteurs, rondelles, etc.) ?
Cela permettrait de mieux évaluer les besoins et de garantir un bon suivi des approvisionnements.
Merci",45874,1,2,Ouvriers_CPAS,,
T_P1605,45874,Hicham El Hariri,MRS,Menuiserie,"Un pied de table est cassé.
merci de faire le nécessaire pour le réparer (steev et au couran).",45874,1,,Ouvriers_CPAS,,
T_P1607,45875,Hicham El Hariri,MRS,Plomberie,Chbr 121 :présence d'eau derrière le frigo (steev est au courant),45875,0.5,1,Ouvriers_CPAS,,
T_P1609,45877,Hicham El Hariri,MRS,Entretien général,"Poursuivre l’aménagement et le rangement de l’ancien local peinture afin de le transformer en un petit espace de stockage fonctionnel, type magasin. Prévoir la pose d’étagères si nécessaire pour y entreposer notre outillage et nos matériels.",45877,5,2,Ouvriers_CPAS,,
T_P1608,45877,Hicham El Hariri,MRS,Electricité,"Pour plus de confort, déplacer l'interrupteur de l'ancien local peinture à un emplacement plus accessible",45877,1.5,,Ouvriers_CPAS,,
T_P1614,45881,Hicham El Hariri,MRS,Menuiserie,"Cantou RDC : pied de la gd table est déboité, merci de reparer la table,",45881,1,,Ouvriers_CPAS,,
T_P1611,45881,Hicham El Hariri,MRS,Plomberie,Ch 138 : fuite d'eau,45881,1,,Ouvriers_CPAS,,
T_P1612,45881,Hicham El Hariri,MRS,Menuiserie,la barre de lit de la chr 221 est casser ,45881,1,,Ouvriers_CPAS,,
T_P1613,45881,Hicham El Hariri,MRS,Entretien général,"le rideau de  Madame Lavalle,  est actuellement décroché de sa tringle. pouvez vous le remettre en place ",45881,0.5,,Ouvriers_CPAS,,
T_P1615,45882,Hicham El Hariri,MRS,Plomberie,Verifier le bon fonctionnement du lave panne,45882,,1,Ouvriers_CPAS,,
T_P1619,45882,Hicham El Hariri,MRS,Electricité,Ch 227 : changer les piles de la télécommande,45882,,,Ouvriers_CPAS,,
T_P1616,45882,Hicham El Hariri,MRS,Electricité,"Ch 219 : la lampe frio est HS, merci de faire le necessaire",45882,,1,Ouvriers_CPAS,,
T_P1617,45882,Hicham El Hariri,MRS,Entretien général,"On a bien reçu la commande des eaux, merci de faire le necessaire.",45882,,2,Ouvriers_CPAS,,
T_P1618,45882,Hicham El Hariri,MRS,Entretien général,"On a reçu des bons de commandes, sera'il possible d'aller chercher les commandes, merçi",45882,,1,Ouvriers_CPAS,,
T_P1621,45882,Hicham El Hariri,MRS,Electricité,"Ch 209 : TV pas de signal, merci d'intervenir",45882,1,,Ouvriers_CPAS,,
T_P1620,45882,Hicham El Hariri,MRS,Entretien général,1 er étage Cantou : changer les dalles (traces de café) situé près du bureaux infirmières,45882,1,,Ouvriers_CPAS,,
T_P1625,45883,Hicham El Hariri,MRS,Plomberie,"Veuillez finaliser l'installation afin de dévier l'eau de condensation de la batterie froide au 1er étage. placer les dalles manquantes , Merci.",45883,3,,Ouvriers_CPAS,,
T_P1624,45883,Hicham El Hariri,MRS,Plomberie,Veuillez finaliser l'installation afin de dévier l'eau de condensation de la batterie froide au 1er étage. Merci.,45883,2,,Ouvriers_CPAS,,
T_P1627,45888,Hicham El Hariri,MRS,Peinture,Après les réparations des fissures. Je vous demande de bien vouloir procéder à la peinture des zones concernées,45888,8,2,Ouvriers_CPAS,,
T_P1632,45889,Hicham El Hariri,MRS,Electricité,Ch 214 : problème TV,45889,,,Ouvriers_CPAS,,
T_P1631,45889,Hicham El Hariri,MRS,Electricité,CH 009 : Le lit il est bloqué dans une position,45889,,1,Ouvriers_CPAS,,
T_P1630,45889,Hicham El Hariri,MRS,Electricité,CH206 : TV => Pbm image,45889,,,Ouvriers_CPAS,,
T_P1636,45891,Hicham El Hariri,MRS,Plomberie,Fuite detecter au niv -1 (reserve N° 2),45891,,,Thersa,,
T_P1637,45891,Hicham El Hariri,MRS,Plomberie,Ch136 : Plaque ne tinne plus (clips usés) de commande WC,45891,,,Thersa,,
T_P1654,45923,Hicham El Hariri,MRS,Entretien général,"pourriez-vous aller voir porte de secours (couleur rouge ) dans le service des acacias au 1 er étage, la porte s'ouvre sans badge !!",45923,,,Ouvriers_CPAS,,
T_P1653,45923,Hicham El Hariri,MRS,Menuiserie,"La petite table d'appoint de Monsieur Desoignies est à réparer (ch 101), merci",45923,,,Ouvriers_CPAS,,
T_P1652,45923,Hicham El Hariri,MRS,Electricité,CH 010 : la residente n'arrive pas à allumer la télé de son lit,45923,,,Ouvriers_CPAS,,
T_P1657,45925,Hicham El Hariri,MRS,Plomberie,"Devidoire mural au cantou => fuite => reparer la fuite et tester si c'eat ok, merci",45925,,,Ouvriers_CPAS,,
T_P1658,45925,Hicham El Hariri,MRS,Entretien général,"Avec les moyens du bord, reparer les pneus crevés des véhicules => tester si c'est ok merci",45925,,,Ouvriers_CPAS,,
T_P1659,45925,Hicham El Hariri,MRS,Entretien général,"la voiture des repas et en panne à la roserai, sera'il possible d'aller la chercher ",45925,,,Ouvriers_CPAS,,
T_P1660,45925,Hicham El Hariri,MRS,Peinture,"Finir l'epoxy au sol de la cuisine, merci de fermer les accées + mettre une affiche pour signalé de ne pas accéder pendant tout le weekend",45925,,,Ouvriers_CPAS,,
T_P1661,45925,Hicham El Hariri,MRS,Entretien général,Retirer les bacs à potager des Lilas,45925,,,Ouvriers_CPAS,,
T_P1662,45925,Hicham El Hariri,MRS,Menuiserie,aller voir porte de secours fin de couloir court-séjour car un résident a ouvert la porte !! => verifier l'etat de l'aimant permanenet merci,45925,,,Ouvriers_CPAS,,
T_P1666,45926,Hicham El Hariri,MRS,Peinture,"David : Serait-il possible de vérifier le stock des seaux de peinture ainsi que les codes couleurs utilisés sur l’ensemble du site ?
Peux-tu également déclasser les peintures qui ne sont plus bonnes ou qui commencent à sécher ?",45926,,1,Ouvriers_CPAS,,
T_P1663,45926,Hicham El Hariri,MRS,Jardin / extérieur,"Suite à des réclamations du voisinage concernant les lierres débordant, couper à ras les branches qui dépassent. Merci (Steev connais bien les endroits)",45926,,,Ouvriers_CPAS,,
T_P1664,45926,Hicham El Hariri,MRS,Electricité,"Ch 218 : Pouvez vous passez pour regler la télé de Monsieur, merci",45926,,,Ouvriers_CPAS,,
T_P1665,45926,Hicham El Hariri,MRS,Entretien général,remise des tables (cafeteriat) après le repas du midi dans la petite salle des réunions,45926,,,Ouvriers_CPAS,,
T_P1669,45930,Hicham El Hariri,MRS,Plomberie,Continuez à changer les joints des dévidoirs muraux,45930,,,Ouvriers_CPAS,,
T_P1668,45930,Hicham El Hariri,MRS,Electricité,"Ronald : tu serai aller a l'arroserai N° 18 pour faire un trou : pour prévoir le passage du nouveau câble pour cuisinière & four (contact vincent avant le depart), merci",45930,,,Ouvriers_CPAS,,
T_P1670,45930,Hicham El Hariri,MRS,Entretien général,"Pourriez-vous ouvrir la salle du 1er étage pour les anniversaires de cet après-midi, merci",45930,,,Ouvriers_CPAS,,
T_P1673,45930,Hicham El Hariri,MRS,Electricité,RDC -petite aile- : reparer le lecteur badges porte coupe feux (fond),45930,,,Ouvriers_CPAS,,
T_P1674,45930,Hicham El Hariri,MRS,Peinture,Enlever les traces de peinture au niveau des ascenseurs,45930,,,Ouvriers_CPAS,,
T_P1675,45931,Hicham El Hariri,MRS,Entretien général,"Pourriez-vous fermer la salle polyvalente, merci",45931,,2,Ouvriers_CPAS,,
T_P1676,45931,Hicham El Hariri,MRS,Plomberie,une fuite  entre CH 224 et 124 : Merci d'aller verifier,45931,,,Ouvriers_CPAS,,
T_P1677,45931,Hicham El Hariri,MRS,Entretien général,Re fixer les tentures au cantou,45931,,,Ouvriers_CPAS,,
T_P1678,45931,Hicham El Hariri,MRS,Entretien général,"ditribuer l'eau : imprimer les feuilles avant, merci",45931,,,Ouvriers_CPAS,,
T_P1682,45938,Hicham El Hariri,MRS,Menuiserie,"Acacias : gachette porte à refixer, merci",45938,,,Ouvriers_CPAS,,
T_P1684,45945,Hicham El Hariri,MRS,Entretien général,Ouvrir les 3 trapes des citernes : mettre des epaisseurs en inox pour eviter la soudure (par corrosion),45945,2,,Ouvriers_CPAS,,
T_P1688,45950,Hicham El Hariri,MRS,Electricité,"																														ch 9  : demande un passage pour regler ses ecouteurs ",45950,,1,Ouvriers_CPAS,,
T_P1689,45950,Hicham El Hariri,MRS,Electricité,La porte du local à croix du 1er étage (en face de la salle à manger) ne ferme plus.,45950,,1,Ouvriers_CPAS,,
T_P1690,45950,Hicham El Hariri,MRS,Menuiserie,"CH 138 – Lit cassé ⚠️ Attention : patient positif au COVID, Merci de vous équiper obligatoirement avec les protections suivantes avant toute intervention : Gants, Blouse et Masque FFP2. Une désinfection complète des mains et matériel utilisé (selon la procédure de désinfection en vigueur).",45950,,2,Ouvriers_CPAS,,
T_P1708,45964,Hicham El Hariri,MRS,Entretien général,Verifier le bon fonctionnement de tous les thermo café  de l'ADV,45964,2,,Ouvriers_CPAS,,
T_P1710,45964,Hicham El Hariri,MRS,Menuiserie,ch 7 : les barres de lit NOK. Merci de verifier et faire le necessaire ,45964,,,Ouvriers_CPAS,,
T_P1709,45964,Hicham El Hariri,MRS,Entretien général,"Prenez les tables et les chaises existantes sur la terrasse du cafétéria, et placez-les au puits de mine. Merci.",45964,,,Ouvriers_CPAS,,
T_P1712,45964,Hicham El Hariri,MRS,Electricité,"Ronald : tu serai accopagner l'inspecteur ACEG, pour verifier l'ensemble du batiment : HT, BT, isollement … ",45964,,,Ouvriers_CPAS,,
T_P1711,45964,Hicham El Hariri,MRS,Entretien général,"Verifier l'ensembles des installations, jeter les dechets … fait attention ne pas jeter les documents …Merci",45964,,,Ouvriers_CPAS,,
T_P1716,45965,Hicham El Hariri,MRS,Entretien général,"Ouvrir les parois de la salle sinema, merci",45965,,,Ouvriers_CPAS,,
T_P1715,45965,Hicham El Hariri,MRS,Electricité,Ronald : aller visiter l'appart ILA pour mise en conformié,45965,1,,Ouvriers_CPAS,,
T_P1717,45965,Hicham El Hariri,MRS,Peinture,"David : preparer le materiel, ponsceuse, papiers, peinture prévu pour la 18 à l arroseraie",45965,,,Ouvriers_CPAS,,
T_P1718,45965,Hicham El Hariri,MRS,Electricité,"Ronalr : aller changer les prises interrupteurs, installer nouveau cable pour le four … à la roseraie N° 18",45965,,,Ouvriers_CPAS,,
T_P1719,45965,Hicham El Hariri,MRS,Entretien général,La vw transporter devra passée au contrôle technique le 05/11/25,45965,,,Ouvriers_CPAS,,
T_P1714,45965,Hicham El Hariri,MRS,Menuiserie,"Apres notre constatation :  les chariots heurtent régulièrement les murs extérieurs près de la cuisine, ce qui provoque des traces et des dégradations.
 pourriez-vous couper quelques morceaux de bois de coffrage et les fixer en protection sur les zones concernées ? Cela permettra de préserver les murs et d’éviter de nouvelles détériorations.",45965,4,2,Ouvriers_CPAS,,
T_P1723,45967,Hicham El Hariri,MRS,Entretien général,Ch.14 Problème d'ouverture-fermeture du rideau de droite. Merci d'aller verivier.,45967,,,Ouvriers_CPAS,,
T_P1725,45967,Hicham El Hariri,MRS,Entretien général,Ch104 : le rideau se détachait.,45967,,,Ouvriers_CPAS,,
T_P1727,45968,Hicham El Hariri,MRS,Electricité,"Mr JAN vien de me signaler que la COGEN est à l'arrêt : ack le défaut suivant la procédure, merci  ",45968,0.15,,Ouvriers_CPAS,,
T_P1726,45968,Hicham El Hariri,MRS,Plomberie,"Après la réparation des fuites de l’ensemble des dévidoirs incendie, effectuer un dernier contrôle en ouvrant les vannes. Attendre quelques secondes : s’il n’y a pas de fuite, c’est bon. Dans le cas contraire, noter les numéros et prévenir. Merci.",45968,2,2,Ouvriers_CPAS,,
T_P1728,45976,Hicham El Hariri,MRS,Entretien général,Ch 21 :  changer le langage TV (français),45976,0.15,1,Ouvriers_CPAS,,
T_P1729,45976,Hicham El Hariri,MRS,Plomberie,"Ch241 : Après la réparation de la fuite, veuillez arranger les deux autres siphons dans le stock de plomberie. Merci",45976,4,2,Ouvriers_CPAS,,
T_P1730,45976,Hicham El Hariri,MRS,Peinture,Nous avons reçu les peintures. Veuillez reprendre les travaux de rafraîchissement en commençant par les chambres en priorité,45976,5,,Ouvriers_CPAS,,
T_P1740,45982,Hicham El Hariri,MRS,Menuiserie,"Au RDC local ventilo, verifier les dimentions des charnières pour re-fixer la porte grise",45982,0.25,1,Ouvriers_CPAS,,
T_P1739,45982,Hicham El Hariri,MRS,Entretien général,Coller également les deux plinthes détachées dans le couloir en face de la cuisine du RDC,45982,0.25,1,Ouvriers_CPAS,,
T_P1738,45982,Hicham El Hariri,MRS,Plomberie,"CH N° 1 : Après réception du matériel, veuillez procéder au remplacement du mitigeur douche, tester la T° de l'eau, merci",45982,1,2,Ouvriers_CPAS,,
T_P1737,45982,Hicham El Hariri,MRS,Plomberie,"Après réception du matériel, veuillez procéder au remplacement des tuyauteries de la cuisine existante au RDC. Testez également les arrivées d’eau",45982,2,2,Ouvriers_CPAS,,
T_P1747,45993,Hicham El Hariri,MRS,Entretien général,"Conduite d'eau de pluie devant la porte coulissante à l'exterieur : retirer les grilles, enlever les feuilles d'arbres les encrasses. Merci",45993,,,Ouvriers_CPAS,,
T_P1748,45993,Hicham El Hariri,MRS,Entretien général,terrasses et plateformes : Merci de vérifier la propreté des collecteurs d’eau de pluie.,45993,,2,Ouvriers_CPAS,,
T_P1746,45993,Hicham El Hariri,MRS,Entretien général,Arranger le local groupe électrogène,45993,,2,Ouvriers_CPAS,,
T_P1745,45993,Hicham El Hariri,MRS,Electricité,"ascenseur visiteurs, ampoule HS",45993,,1,Ouvriers_CPAS,,
T_P1760,46000,Hicham El Hariri,MRS,Menuiserie,Regarder si on sait réparer la tablette fauteuil Mme Dekoker ( ch 105),46000,,1,Ouvriers_CPAS,,
T_P1757,46000,Hicham El Hariri,MRS,Electricité,"Changer les deux néons HS existants apres le local kiné, mettre des LED au lieux des classic",46000,,2,Ouvriers_CPAS,,
T_P1751,46000,Hicham El Hariri,MRS,Electricité,Arroseraie N° 16 : Tirer un nouveau cable du coffret pour alimenter le four de la nouvelle cuisine,46000,,2,Ouvriers_CPAS,,
T_P1754,46000,Hicham El Hariri,MRS,Electricité,la roseraie N° 12 : prise à remettre,46000,,1,Ouvriers_CPAS,,
T_P1752,46000,Hicham El Hariri,MRS,Electricité,Arroseraie N° 6 : Recabler l'interrupteur existant dans le local technique.,46000,1,1,Ouvriers_CPAS,,
T_P1762,46000,Hicham El Hariri,MRS,Plomberie,"Cafeteria RDC : Verifier l'état du siphon, (mauvaise odeur).merci",46000,,1,Ouvriers_CPAS,,
T_P1755,46000,Hicham El Hariri,MRS,Electricité,"Local Coiffure : deux prises ne vont plus, j'ai enclenché le disjoncteur, mais apparement ce n'est pas la première fois, merci de verifier le circuit, l'isolement si c'est OK",46000,,1,Ouvriers_CPAS,,
T_P1750,46000,Hicham El Hariri,MRS,Electricité,Le différentiel existant dans le coffret au local kiné  se saute mais pas les disjoncteurs ! Merci d'aller verifier les circuits.,46000,,1,Ouvriers_CPAS,,
T_P1759,46000,Hicham El Hariri,MRS,Entretien général,"Au local stock, arranger les produits sur des palettes",46000,,,Ouvriers_CPAS,,
T_P1756,46000,Hicham El Hariri,MRS,Electricité,Merci de changer les néons HS. Apres la tourné,46000,,,Ouvriers_CPAS,,
T_P1758,46000,Hicham El Hariri,MRS,Entretien général,Local technique près de la cuisine re mettre les protctions du tableau.,46000,,1,Ouvriers_CPAS,,
T_P1753,46000,Hicham El Hariri,MRS,Electricité,CPAS WC femmes 2eme étage : interrupteur HS,46000,,1,Ouvriers_CPAS,,
T_P1775,46002,Hicham El Hariri,MRS,Peinture,"Fumoir : Verifier l'état des dalles, peindre les murs, reparer les plinths, carrelages. Merci",46002,,2,Ouvriers_CPAS,,
T_P1771,46002,Hicham El Hariri,MRS,Electricité,Faire une tourné parking et route : identifier les ampoules HS,46002,,1,Ouvriers_CPAS,,
T_P1774,46002,Hicham El Hariri,MRS,Peinture,"Suite à la tournée effectuée le10/12, merci d’effectuer les travaux de peinture nécessaires (Commencer par les endroits fréquentés par les familles et les résidents), cafeteriat, coin piano couloire fumoire …",46002,,2,Ouvriers_CPAS,,
T_P1772,46002,Hicham El Hariri,MRS,Entretien général,"Suite à la tournée effectuée hier, merci d’identifier et de réparer les plinthes ainsi que les joints de silicone. (changer les plinthes cassées…",46002,,,Ouvriers_CPAS,,
T_P1776,46002,Hicham El Hariri,MRS,Menuiserie,"Aller chercher les cuisines IKEA, seront disponible appartir du vendredi 12/12/25, merci",46002,,,Ouvriers_CPAS,,
T_P1773,46002,Hicham El Hariri,MRS,Peinture,"Suite à la tournée effectuée le10/12, merci d’effectuer les travaux de peinture nécessaires (Commencer par les endroits fréquentés par les familles et les résidents), cafeteriat, coin piano couloire fumoire …",46002,,,Ouvriers_CPAS,,
T_P1768,46002,Hicham El Hariri,MRS,Electricité,CH 10 :Problème TV ,46002,,1,Ouvriers_CPAS,,
T_P1770,46002,Hicham El Hariri,MRS,Menuiserie,CH 9 : placer la dalle.,46002,,1,Ouvriers_CPAS,,
T_P1769,46002,Hicham El Hariri,MRS,Electricité,"Chaise de Mr jules, becker probleme de chargeur.",46002,,1,Ouvriers_CPAS,,
T_P1779,46006,Hicham El Hariri,MRS,Electricité,"Faire un tour et verifier la fixation des prises dans les endroits communs, merci",46006,,1,Ouvriers_CPAS,,
T_P1783,46006,Hicham El Hariri,MRS,Electricité,Changer les piles des horloges,46006,,,Ouvriers_CPAS,,
T_P1782,46006,Hicham El Hariri,MRS,Entretien général,Ouvrir les parois,46006,,1,Ouvriers_CPAS,,
T_P1780,46006,Hicham El Hariri,MRS,Parc voitures,"Aller chercher le ventilo du variateur chez CEBEO, aussi le bras rabattable cher VANMARCK, merci",46006,,1,Ouvriers_CPAS,,
T_P1781,46006,Hicham El Hariri,MRS,Entretien général,"aller à l'hopital de WARQUIGNIES pour chercher le produit du pharmacie, ",46006,,1,Ouvriers_CPAS,,
T_P1778,46006,Hicham El Hariri,MRS,Entretien général,Ch 138 : 2 bacs d'eau à mettre,46006,,1,Ouvriers_CPAS,,
T_P1789,46008,Hicham El Hariri,MRS,Plomberie,"La cuisine du 1er : débit d""eau est faible, veuillez aller voir, identifien le depart du circuit d'eau. Merci",46008,,,Ouvriers_CPAS,,
T_P1786,46008,Hicham El Hariri,MRS,Menuiserie,Vérifier et régler l’ensemble des portes donnant sur l’extérieur.merci,46008,,2,Ouvriers_CPAS,,
T_P1788,46008,Hicham El Hariri,MRS,Electricité,Changer le ventilo de la cogèn. Arreter la machine avant.merci,46008,,,Ouvriers_CPAS,,
T_P1790,46008,Hicham El Hariri,MRS,Electricité,Accompagner l’entreprise chargée de l’installation des switchs TV,46008,,,Ouvriers_CPAS,,
T_P1791,46008,Hicham El Hariri,MRS,Plomberie,"Nous avons constaté que les deux conduites d’eau de pluie existantes au sur la terrasse du cantou du 1er étage, sont détachées. Il convient de les re-fixer en toute sécurité, avec une personne tenant l’échelle pendant qu’une autre effectue l’intervention, merci",46008,,2,Ouvriers_CPAS,,
T_P1787,46008,Hicham El Hariri,MRS,Entretien général,"Effectuer un nettoyage en passant un coup de brosse et en retirant l’ensemble des déchets (papiers, etc.) présents au parking et sur la route",46008,,1,Ouvriers_CPAS,,
T_P1793,46020,Hicham El Hariri,MRS,Electricité,"Test TV : Suite aux problèmes de communication image-son, veuillez débrancher toutes les TV du 2ᵉ étage.
Merci d’attendre 10 à 15 minutes avant de rebrancher les TV.",46020,,2,Ouvriers_CPAS,,
T_P1794,46022,Hicham El Hariri,MRS,Menuiserie,Ch 031 : pourriez vous allez regarder la barre delit -barre de gauche- merci,46022,,1,Ouvriers_CPAS,,
T_P1795,46022,Hicham El Hariri,MRS,Entretien général,ADV : Fait le relevé du compteur à eau. merci,46022,,1,Ouvriers_CPAS,,
T_P1799,46027,Hicham El Hariri,MRS,Electricité,Mme Wins ch.220 n'a plus du tout de signale.,46027,,1,Ouvriers_CPAS,,
T_P1796,46027,Hicham El Hariri,MRS,Menuiserie,Ch 126 : barre de lit cassée (bande mise pour maintien) merci,46027,,1,Ouvriers_CPAS,,
T_P1798,46027,Hicham El Hariri,MRS,Electricité,Mme Di Nella ch.206 ne sait pas mettre le son de sa tv + fort et dit que le son allait correctement la veille,46027,,1,Ouvriers_CPAS,,
T_P1797,46027,Hicham El Hariri,MRS,Entretien général,"Changer les piles des horloges  : Oliviers et Animation,  verifier le restant des horloges ",46027,,1,Ouvriers_CPAS,,
T_P1801,46028,Hicham El Hariri,MRS,Entretien général,"Aller au Domaine de la Roseraie : 
Dégager la neige aux abords du bâtiment. Mettre du sel sur les zones glissantes.",46028,,4,Ouvriers_CPAS,,
T_P1800,46028,Hicham El Hariri,MRS,Entretien général,"David, Steve : Aller au CPAS.
Dégager la neige aux abords du bâtiment. Mettre du sel sur les zones glissantes. Monter 3 blocs de papier A4 au 2 eme étage. Merci",46028,,2,Ouvriers_CPAS,,
T_P1803,46030,Hicham El Hariri,MRS,Electricité,Ch 107 : TV souci d'image,46030,,,Ouvriers_CPAS,,
T_P1805,46030,Hicham El Hariri,MRS,Electricité,Ch 214 : Problème de son et image avec la télé,46030,,,Ouvriers_CPAS,,
T_P1802,46030,Hicham El Hariri,MRS,Entretien général,Marjorie (nouvelle chef infi) : besoin d'un ou deux ouvriers pour déplacer 2 armoires. merci,46030,,1,Ouvriers_CPAS,,
T_P1806,46030,Hicham El Hariri,MRS,Entretien général,Ch 18 : Degivrer le congelateur.,46030,,1,Ouvriers_CPAS,,
T_P1808,46031,Hicham El Hariri,MRS,Plomberie,"Ch 36 : problème evacuation d'eau usé :  verifier wc, evier et douche, merci",46031,,,Ouvriers_CPAS,,
T_P1817,46041,Hicham El Hariri,MRS,Menuiserie,Monter les tables deja réparer (elles sont au puits de mine) et les remettre à leur place là où elles manquent. Merci.,46041,,2,Ouvriers_CPAS,,
T_P1816,46041,Hicham El Hariri,MRS,Entretien général,"1 er Aller au Acacias (cantou), verifier le bon fonctionnement du distributeur papier",46041,,1,Ouvriers_CPAS,,
T_P1820,46041,Hicham El Hariri,MRS,Electricité,"Fer à repasser N° 1 : le différentiel saute de temps en temps. Vérifier la bonne connexion, mesurer l’isolement et verifier l’étanchéité de la pompe. Merci.",46041,,1,Ouvriers_CPAS,,
T_P1819,46041,Hicham El Hariri,MRS,Entretien général,"Matelas existants au puits de mine : nettoyer, dépoussiérer, protéger et les mettre en stock (ne pas les mélanger avec les matelas neufs). Merci.",46041,,1,Ouvriers_CPAS,,
T_P1818,46041,Hicham El Hariri,MRS,Menuiserie,Reparer la grande table blanche existant dans le puis de mine,46041,,1,Ouvriers_CPAS,,
T_P1823,46043,Hicham El Hariri,MRS,Electricité,"Vérifier l’ensemble des tirettes d’appel infirmière dans chaque chambre, en commençant par le rez-de-chaussée, puis le 1er et le 2e étage. Les points à contrôler sont les suivants : l’état général du système, le bon fonctionnement de chaque tirette, la longueur et l’état du câble (absence de détérioration), le fonctionnement de la LED, le badgéeage. (voir cheaklist) merci",46043,,2,Ouvriers_CPAS,,
T_P1832,46049,Hicham El Hariri,MRS,Entretien général,Pourriez-vous trouer les 2 balles de tennis (sur la table à l'animation) et les mettre à la tribune de monsieur Fortunato (chambre 015).merci,46049,,,Ouvriers_CPAS,,
T_P1837,46056,Hicham El Hariri,MRS,Entretien général,"CH 32 : pas de frigo dans la chambre, merci",46056,,1,Ouvriers_CPAS,,
T_P1836,46056,Hicham El Hariri,MRS,Jardin / extérieur,CH33 : Pas de frigo dans la chambre ! Merci de placer un,46056,,,Ouvriers_CPAS,,
T_P1838,46056,Hicham El Hariri,MRS,Menuiserie,"CH 33 : Reparer la tablette, merci",46056,,,Ouvriers_CPAS,,
T_P1839,46056,Hicham El Hariri,MRS,Entretien général,Casiers vestiaire-femmes N° 9 & 11 : ne se ferme plus. Merci d'aller voir.,46056,,,Ouvriers_CPAS,,
T_P1843,46062,Hicham El Hariri,MRS,Menuiserie,"Ch 117 : un barreau de lit cassé, merci",46062,,,Ouvriers_CPAS,,
T_P1844,46062,Hicham El Hariri,MRS,Entretien général,"CH 117 : Barriere de lit cassé Niveau droit de la tête de lit,bouton retrouvé cassé sous le lit.",46062,,,Ouvriers_CPAS,,
T_P1842,46062,Hicham El Hariri,MRS,Entretien général,"ADV : index compteur d'eau, merci",46062,,,Ouvriers_CPAS,,
T_P1849,46066,Hicham El Hariri,MRS,Entretien général,"Animation : Nous avons des tableaux d'affichage que nous aimerions mettre au mur de notre bureau. 
Pourriez-vous prévoir des attaches et nous les installer ? Merci. Bien à vous, Eléna ",46066,,,Ouvriers_CPAS,,
T_P1851,46069,Hicham El Hariri,MRS,Entretien général,BC : Aller chercher la marchandise. denis/ cebeo / gobert. Merci,46069,,1,Ouvriers_CPAS,,
T_P1850,46069,Hicham El Hariri,MRS,Entretien général,"Refaire les cartons du CPAS, ",46069,,1,Ouvriers_CPAS,,
T_P1858,46077,Hicham El Hariri,MRS,Menuiserie,Problème porte des oliviers office la barre qui fait que la porte se referme système cassé. Boite Ludovic,46077,,,Ouvriers_CPAS,,
T_P1857,46077,Hicham El Hariri,MRS,Parc voitures,"Le 26/02/2026, la OPEL COMBO sera présentée au contrôle technique dans le zoning de Cuesmes.
Merci de bien d’effectuer les préparatifs nécessaires : nettoyage intérieur et extérieur, vérification et pression des pneus, contrôle général du véhicule.",46077,,,Ouvriers_CPAS,,
T_P1856,46077,Hicham El Hariri,MRS,Parc voitures,"Le 04/03/2026, la VW Caddy sera présentée au contrôle technique dans le zoning de Cuesmes. Merci de bien vouloir la récupérer au plus tard le lundi 02/03/2026 afin d’effectuer les préparatifs nécessaires : nettoyage intérieur et extérieur, vérification et pression des pneus, contrôle général du véhicule. Merci",46077,,1,Ouvriers_CPAS,,
T_P1854,46077,Hicham El Hariri,MRS,Entretien général,Ch 38 : Mettre un matelas allternating,46077,,,Ouvriers_CPAS,,
T_P1860,46079,Hicham El Hariri,MRS,Menuiserie,"Ch 237 : Verifier et reparer la tirette de la sonnette du	lit",46079,,,Ouvriers_CPAS,,
T_P1859,46079,Hicham El Hariri,MRS,Menuiserie,Enlever le ferme-porte de la cuisine du rez-de-chaussée ainsi que celui de la cuisine du 1er étage.,46079,,,Ouvriers_CPAS,,
T_P1864,46080,Hicham El Hariri,MRS,Entretien général,Nettoyer la terrasse au Karcher devant l’entrée principale du home.,46080,,1,Ouvriers_CPAS,,
T_P1868,46090,Hicham El Hariri,MRS,Entretien général,"Mercredi 11 mars : rajouter des tables pour le repas de midi le 11 ( tables à rajouter dans la salle à manger des oliviers) 3 tables pour 15 personnes, merci",46090,,2,Ouvriers_CPAS,,
T_P1874,46094,Hicham El Hariri,MRS,Entretien général,"Descendre une caisse XEROX près de la cuisine au bâtiment du CPAS. Elle se trouve dans le couloir du 2ème étage, elle a une appellation XEROX Eco Box inscrite dessus. Merci",46094,,,Ouvriers_CPAS,,
T_P1873,46094,Hicham El Hariri,MRS,Entretien général,"Le 13/03/2026, nous avons reçu un conteneur pour y déposer tous les déchets que nous avons.
Veuillez jeter tout ce dont nous n’avons plus besoin se trouvant dans le puits de mine. Si vous êtes intéressé par quelque chose, vous devez demander l’accord de Monsieur le Directeur. Merci.",46094,,,Ouvriers_CPAS,,
T_P1872,46094,Hicham El Hariri,MRS,Entretien général,CH 105 : remplacer le matelat existante par une classic,46094,,,Ouvriers_CPAS,,
T_P1882,46100,Hicham El Hariri,MRS,Electricité,Verifier le bon fonctionnement des retenteures des portes de secours,46100,,,Ouvriers_CPAS,,
T_P1894,46108,Hicham El Hariri,MRS,Parc voitures,Mercredi 1 avril : compteurs et cheak list des vihécules,46108,,,Ouvriers_CPAS,,
T_P1893,46108,Hicham El Hariri,MRS,Plomberie,"Index des compteurs d'eau, merci",46108,,,Ouvriers_CPAS,,
T_P054,43797,Infirmier chef,MRS,Entretien général,ch 104 problème de chasse et frigo HS,43797,30m,2,Ouvriers_CPAS,,
T_P061,43801,Infirmier chef,MRS,Electricité,ch 015 sonnette SDB ne fontionne pas,43801,,1,Ouvriers_CPAS,,
T_P059,43801,Infirmier chef,MRS,Sanitaire,"1ier étage wc femme, la chasse ne fontionne pas",43801,40m,1,Ouvriers_CPAS,,
T_P064,43801,Infirmier chef,MRS,Sanitaire,ch 011 chasse du wc coule,43801,30m,1,Ouvriers_CPAS,,
T_P090,43816,Infirmier chef,MRS,Electricité,La prise murale dans laquelle est branché le chariot régénérant aux Magnolias ne correspond pas à la prise du chariot-même,43816,2h,1,Ouvriers_CPAS,,
T_P098,43826,Infirmier chef,MRS,Electricité,ch 232 interrupteur au dessus du lit hs,43826,15m,1,Ouvriers_CPAS,,
T_P109,43837,Infirmier chef,MRS,Plomberie,Evier de la ch 029(cantou) bouché,43837,,,Ouvriers_CPAS,,
T_P114,43838,Infirmier chef,MRS,Plomberie,évier bouché ch 204 (Eucalyptus),43838,,,Ouvriers_CPAS,,
T_P154,43864,Infirmier chef,MRS,Electricité,télécommande du lit ch 131 ne fonctionne plus,43864,,1,Ouvriers_CPAS,,
T_P156,43864,Infirmier chef,MRS,Electricité,percolateur des lilas ne fonctionne plus,43864,,1,Ouvriers_CPAS,,
T_P155,43864,Infirmier chef,MRS,Sanitaire,"ch 022 planche WC cassée,",43864,,1,Ouvriers_CPAS,,
T_P169,43872,Infirmier chef,MRS,Electricité,télécommande du lit de la ch 021 ne fonctionne plus,43872,,1,Ouvriers_CPAS,,
T_P183,43879,Infirmier chef,MRS,Sanitaire,siffon ch 35 déféctueux,43879,,1,Ouvriers_CPAS,,
T_P197,43893,Infirmier chef,MRS,Electricité,baffle plafond olivier prés de la chambre 112 prêt à tomber ,43893,,1,Ouvriers_CPAS,,
T_P231,43906,Infirmier chef,MRS,Entretien général,ch 101 réparer la tablette du fauteuil,43906,1h,1,Ouvriers_CPAS,,
T_P232,43906,Infirmier chef,MRS,Entretien général,ch 02 wc bouché,43906,1h,1,Ouvriers_CPAS,,
T_P236,43910,Infirmier chef,MRS,Plomberie,tuyau d'évacuation évier ch 132 détaché,43910,,1,Ouvriers_CPAS,,
T_P303,43984,Infirmier chef,MRS,Jardin / extérieur,Mettre le cendrier extérieur du cantou Lilas à côté du potager surélevé avec accord du directeur,43984,1,1,Ouvriers_CPAS,,
T_P318,43997,Infirmier chef,MRS,Entretien général,"frigo ch 109 ne fonctionne plus,",43997,,1,Ouvriers_CPAS,,
T_P337,44021,Infirmier chef,MRS,Electricité,frigot ch 113 ne refroidit plus,44021,,1,Ouvriers_CPAS,,
T_P394,44070,Infirmier chef,MRS,Entretien général,porte de la SDB ch 225 difficile à ouvrir,44070,,1,Ouvriers_CPAS,,
T_P392,44070,Infirmier chef,MRS,Electricité,ch 231 2 lampes à changer,44070,,1,Ouvriers_CPAS,,
T_P393,44070,Infirmier chef,MRS,Electricité,ch 201 lampe SDB à changer,44070,,1,Ouvriers_CPAS,,
T_P554,44214,Infirmier chef,MRS,Electricité,Ficelle au dessus du lit reste bloquée,44214,,1,Ouvriers_CPAS,,
T_P580,44238,Infirmier chef,MRS,Télécom.,soucis de son au téléphone de la chambre 11,44238,,,Ouvriers_CPAS,,
T_P579,44238,Infirmier chef,MRS,Entretien général,il n'y a pas de fauteuil à la chambre 12 et il y a une tache sur le mur prés de la fenêtre,44238,,,Ouvriers_CPAS,,
T_P578,44238,Infirmier chef,MRS,Entretien général,transfèrer le frigo de la chambre 132 à la 203,44238,,,Ouvriers_CPAS,,
T_P585,44244,Infirmier chef,MRS,Entretien général,"olivier grande aile (grand couloir) au début du couloir, il y a un carrelege qui est cassé, Dangeureux pour résidents",44244,,,Ouvriers_CPAS,,
T_P588,44244,Infirmier chef,MRS,Entretien général,CHAMBRE 204 LE FRIGO NE FONCTIONNE PAS,44244,,,Ouvriers_CPAS,,
T_P586,44244,Infirmier chef,MRS,Sanitaire,chambre 232 porte salle de bain manque une attache au sol,44244,,,Ouvriers_CPAS,,
T_P587,44244,Infirmier chef,MRS,Electricité,problème électrique au lit de la chambre 135,44244,,,Ouvriers_CPAS,,
T_P584,44244,Infirmier chef,MRS,Sanitaire,pommeau de douche à remplacer à la chambre 203,44244,,,Ouvriers_CPAS,,
T_P590,44249,Infirmier chef,MRS,Entretien général,barre au niveau du pied du lit est cassé à la chambre 111,44249,,,Ouvriers_CPAS,,
T_P593,44251,Infirmier chef,MRS,Plomberie,URGENT - réparer douche de la chambre 101 à la demande de la famille,44251,,,Thersa,Ouvriers_CPAS,
T_P592,44251,Infirmier chef,MRS,Entretien général,chager le frigo de la chambre 101 à la demande de la famille,44251,,,Ouvriers_CPAS,,
T_P598,44256,Infirmier chef,MRS,Entretien général,plus de croquettes et de litière pour le chat,44256,,,Ouvriers_CPAS,,
T_P596,44256,Infirmier chef,MRS,Electricité,lecteur de badge au bureau infirmières des Acacias ne fonctionne plus,44256,,,Ouvriers_CPAS,,
T_P597,44256,Infirmier chef,MRS,Entretien général,chambre 132 tablette du fauteuil est bloquée,44256,,,Ouvriers_CPAS,,
T_P599,44257,Infirmier chef,MRS,Entretien général,pouvez-vous remettre les fauteuils qui se trouvent dans les services au niveau du cours séjour (voir Ingrid),44257,,,Ouvriers_CPAS,,
T_P600,44257,Infirmier chef,MRS,Plomberie,chambre 120: mauvaise évacuation de l'eau au niveau du lavabo ,44257,,,Ouvriers_CPAS,,
T_P601,44257,Infirmier chef,MRS,Entretien général,chambre 138 frigo coule,44257,,,Ouvriers_CPAS,,
T_P604,44259,Infirmier chef,MRS,Entretien général,carrelage au niveau du 1er étage ascensseur sale,44259,,,Ouvriers_CPAS,,
T_P605,44259,Infirmier chef,MRS,Electricité,plus d'éclairage dans la chambre 118,44259,,,Ouvriers_CPAS,,
T_P603,44259,Infirmier chef,MRS,Entretien général,prendre le relax qui se trouve dans le salon prêt de la salle cinéma et le déposer à la chambre 112,44259,,,Ouvriers_CPAS,,
T_P602,44259,Infirmier chef,MRS,Entretien général,la TV de la chambre 036 ne fonctionne plus,44259,,,Ouvriers_CPAS,,
T_P609,44263,Infirmier chef,MRS,Electricité,METTRE RALONGE DU LIT DE LA CHAMBRE 203 A LA CHAMBRE 223,44263,,,Ouvriers_CPAS,,
T_P607,44263,Infirmier chef,MRS,Entretien général,"chambre 20: le fauteuil coque ne sait plus se mettre en position couchée, il manque une vis à la barre derrière, chantal aurait la vis ",44263,,,Ouvriers_CPAS,,
T_P610,44264,Infirmier chef,MRS,Electricité,soucis de TV dans les chambres 227 et 228,44264,,,Ouvriers_CPAS,,
T_P611,44264,Infirmier chef,MRS,Electricité,coussin alternating à la chambre 026 fonctionne puis s'arrête certainement problème de prise,44264,,,Ouvriers_CPAS,,
T_P613,44266,Infirmier chef,MRS,Entretien général,arranger la roue du fauteuil orange à la chambre 026,44266,,,Ouvriers_CPAS,,
T_P615,44270,Infirmier chef,MRS,Plomberie,tuyau sous lévier impossible à remettre à la chambre 029,44270,,,Ouvriers_CPAS,,
T_P616,44271,Infirmier chef,MRS,Entretien général,mettre le fauteuil sans accoudoirs qui se trouve au puit à la chambre 003,44271,,,Ouvriers_CPAS,,
T_P620,44273,Infirmier chef,MRS,Entretien général,installer un système pour interdire l'accès du thermostat aux Eucalyptus,44273,,1,Ouvriers_CPAS,,
T_P619,44273,Infirmier chef,MRS,Entretien général,"pourrais-je avoir 50 piles pour télécommande (en réserve) pour éviter de déranger un ouvrier après se heures de travail,",44273,,1,Ouvriers_CPAS,,
T_P623,44277,Infirmier chef,MRS,Entretien général,mettre une protection sur le thermostat aux Eucalyptus afin que les résidents n'y touchent plus,44277,,,Ouvriers_CPAS,,
T_P624,44277,Infirmier chef,MRS,Entretien général,"porte coulissante des toilettes chambre 009, crochet cassé",44277,,,Ouvriers_CPAS,,
T_P626,44280,Infirmier chef,MRS,Entretien général,on aurait besoin de piles rondes pour 2 appareils pour glycémie au cantou du 1er,44280,,,Ouvriers_CPAS,,
T_P631,44284,Infirmier chef,MRS,Electricité,la sonnette des chambre 34 et 35 ne fonctionne plus et pas de lumière extérieur au-dessus de la chambre,44284,,,Thersa,Gestionnaire_GTC,
T_P633,44284,Infirmier chef,MRS,Plomberie,chambre 127 le tuyau de l'évier ne tient plus,44284,,,Ouvriers_CPAS,,
T_P637,44285,Infirmier chef,MRS,Electricité,"la sonnette de la chambre 5 et 9 il n'y a plus rien sur l'écran , il n'y a que la lumière extérieure qui fonctionne",44285,,,Thersa,Gestionnaire_GTC,
T_P638,44285,Infirmier chef,MRS,Electricité,la sonnette de la chambre 35 ne fonctionne plus du tout,44285,,,Thersa,Gestionnaire_GTC,
T_P640,44292,Infirmier chef,MRS,Electricité,télévision ch 027 ne fonctionne plus,44292,,1,Ouvriers_CPAS,,
T_P642,44293,Infirmier chef,MRS,Entretien général,la tringle de la chambre 16 au cantou menace de tomber,44293,,,Ouvriers_CPAS,,
T_P641,44293,Infirmier chef,MRS,Electricité,la tv de la chambre 27 ne fonctionne plus,44293,,,Ouvriers_CPAS,,
T_P643,44294,Infirmier chef,MRS,Entretien général,chambre 015: il n'y a plus de son à la TV,44294,,,Ouvriers_CPAS,,
T_P645,44298,Infirmier chef,MRS,Entretien général,chambre 102: la tablette du fauteuil est cassée,44298,,,Ouvriers_CPAS,,
T_P644,44298,Infirmier chef,MRS,Entretien général,caisses de marchandises (dans mon bureau) à remettre au disposable,44298,,,Ouvriers_CPAS,,
T_P663,44305,Infirmier chef,MRS,Entretien général,le frigo de la chambre 220 ne refroidit plus,44305,,,Ouvriers_CPAS,,
T_P665,44307,Infirmier chef,MRS,Entretien général,le frigo de la chambre 237 ne fonctionne pas,44307,,,Ouvriers_CPAS,,
T_P672,44308,Infirmier chef,MRS,Entretien général,2éme étage piles pour le pèse personne,44308,,,Ouvriers_CPAS,,
T_P671,44308,Infirmier chef,MRS,Entretien général,chambre 221 2 piles pour le réflo,44308,,,Ouvriers_CPAS,,
T_P675,44309,Infirmier chef,MRS,Entretien général,chambre 003: chaînette du bouchon du lavabosest cassée et la planche du wc est a dévissée,44309,,,Ouvriers_CPAS,,
T_P681,44312,Infirmier chef,MRS,Entretien général,il manque une table à la chambre 216,44312,,,Ouvriers_CPAS,,
T_P680,44312,Infirmier chef,MRS,Entretien général,il manque un frigo à la chambre 241,44312,,,Ouvriers_CPAS,,
T_P686,44314,Infirmier chef,MRS,Entretien général,"pourriez-vous vérifier les 9 vides pannes de la MR, 4 en pannes ,voir pour remplaçement bouton de la chasse d'eau, voir pression d'eau au niveau du flexible, Merci",44314,,2,Thersa,,
T_P689,44316,Infirmier chef,MRS,Entretien général,Acacias: porte de la terrasse bloquée,44316,,,Ouvriers_CPAS,,
T_P688,44316,Infirmier chef,MRS,Electricité,refixer l'interrupteur à l'office des Oliviers,44316,,,Ouvriers_CPAS,,
T_P697,44319,Infirmier chef,MRS,Sanitaire,pas de bouchon au niveau du lavabo à la chambre 124,44319,,,Ouvriers_CPAS,,
T_P691,44319,Infirmier chef,MRS,Entretien général,il manque des crochets aux tentures de la chambre 233,44319,,,Ouvriers_CPAS,,
T_P698,44320,Infirmier chef,MRS,Entretien général,tonnelle détachée et au sol au cantou des lilas,44320,,,Ouvriers_CPAS,,
T_P699,44320,Infirmier chef,MRS,Jardin / extérieur,"pourriez-vous redresser la tonnelle aux  Lilas et la lester d'avantage ,Merci",44320,,2,Ouvriers_CPAS,,
T_P706,44322,Infirmier chef,MRS,Electricité,chambre 240: soucis tv ou iptv,44322,,,Ouvriers_CPAS,,
T_P709,44327,Infirmier chef,MRS,Entretien général,chambre 208: la barre du lit est tombée,44327,,,Ouvriers_CPAS,,
T_P711,44334,Infirmier chef,MRS,Electricité,chambre 027 la TV ne fonctionne plus,44334,,,Ouvriers_CPAS,,
T_P710,44334,Infirmier chef,MRS,Electricité,chambre 027 ne fonctionne plus,44334,,,Ouvriers_CPAS,,
T_P712,44336,Infirmier chef,MRS,Entretien général,"problème général d'appel, aucun signal sonore URGENT",44336,,,Ouvriers_CPAS,Televic,
T_P713,44336,Infirmier chef,MRS,Entretien général,besoin d'un oreillé à la chambre 138,44336,,,Ouvriers_CPAS,,
T_P715,44337,Infirmier chef,MRS,Entretien général,chambre 004 pas de bouchon au niveau du lavabo,44337,,,Ouvriers_CPAS,,
T_P716,44337,Infirmier chef,MRS,Entretien général,chambre 006 la porte de la salle de bain qscille de gauche à droite,44337,,,Ouvriers_CPAS,,
T_P720,44341,Infirmier chef,MRS,Entretien général,chambre 204 les baffles de la tv sont à remplacer,44341,,,Ouvriers_CPAS,,
T_P721,44341,Infirmier chef,MRS,Entretien général,chambre 206 plus possible de fermer la porte d'entrée,44341,,,Ouvriers_CPAS,,
T_P722,44341,Infirmier chef,MRS,Plomberie,eau coule du plafond dans les wc public du 1er et dans le couloir face à ceux-ci,44341,,,Ouvriers_CPAS,,
T_P719,44341,Infirmier chef,MRS,Electricité,chambre 128 prise de la tv plus de courant,44341,,,Ouvriers_CPAS,,
T_P725,44342,Infirmier chef,MRS,Entretien général,pourriez vous changer le matelas de Mr Tarini ch 021. Merci,44342,,,Ouvriers_CPAS,,
T_P724,44342,Infirmier chef,MRS,Electricité,"boîtier du bureau des infirmières du 2ème étage ne fonctionne plus, la porte reste ouverte",44342,,,Ouvriers_CPAS,,
T_P726,44342,Infirmier chef,MRS,Electricité,"le câble USB de la télé ch 201 a disparu, pourriez vous en remettre un car le résident ne sait plus regarder la télé. Merci",44342,,,Ouvriers_CPAS,,
T_P723,44342,Infirmier chef,MRS,Entretien général,pourriez vous mettre un frigo et un fauteuil à la chambre 022 merci.,44342,,,Ouvriers_CPAS,,
T_P729,44347,Infirmier chef,MRS,Entretien général,chambre 202: la barrière du lit côté fenêtre est cassée + un pied,44347,,,Ouvriers_CPAS,,
T_P730,44348,Infirmier chef,MRS,Plomberie,LE TUYAU DE LA CHAMBRE 34 SE RETIRE ,44348,,,Ouvriers_CPAS,,
T_P732,44349,Infirmier chef,MRS,Plomberie,CHAMBRE 31 LE TUYAU DU LAVABO NE TIENS PLUS,44349,,,Ouvriers_CPAS,,
T_P733,44350,Infirmier chef,MRS,Peinture,peindre le mur de la chbre 012 suite à une réparation faites merci,44350,,1,Ouvriers_CPAS,,
T_P737,44351,Infirmier chef,MRS,Entretien général,barre de lit ch 202 cassée,44351,,1,Ouvriers_CPAS,,
T_P739,44354,Infirmier chef,MRS,Entretien général,piles pour appareil de saturation rez cantou,44354,,,Ouvriers_CPAS,,
T_P740,44354,Infirmier chef,MRS,Entretien général,ch 215 le boîtier au-dessus du lit est déboité,44354,,,Ouvriers_CPAS,,
T_P738,44354,Infirmier chef,MRS,Entretien général,porter 18 bouteilles d'eau à la chambre 213,44354,,,Ouvriers_CPAS,,
T_P742,44355,Infirmier chef,MRS,Entretien général,chambre 13 souci à la porte du frigo personnel du résident,44355,,,Ouvriers_CPAS,,
T_P743,44356,Infirmier chef,MRS,Entretien général,chambre 217 remplacer la table car 1 pied est cassé,44356,,,Ouvriers_CPAS,,
T_P746,44361,Infirmier chef,MRS,Entretien général,"Pourriez-vous mettre un frigo ch 214, Merci,",44361,,,Ouvriers_CPAS,,
T_P748,44362,Infirmier chef,MRS,Entretien général,remettre les tables des lilas qui se trouvent dans le salon magnolias,44362,,,Ouvriers_CPAS,,
T_P747,44362,Infirmier chef,MRS,Entretien général,chambre 214 mettre un frigo,44362,,,Ouvriers_CPAS,,
T_P758,44368,Infirmier chef,MRS,Entretien général,percolateur des ACACIAS (cantou du 1er) déborde,44368,,,Ouvriers_CPAS,,
T_P757,44368,Infirmier chef,MRS,Entretien général,"chambre 110: eau très chaude, pas possible de prendre une douche",44368,,,Ouvriers_CPAS,,
T_P755,44368,Infirmier chef,MRS,Plomberie,les lavabos du service des ACACIAS (1er) ont des difficultés d'évacuation,44368,,,Ouvriers_CPAS,,
T_P753,44368,Infirmier chef,MRS,Entretien général,chambre 19: la porte de la salle de bain dur à fermer ,44368,,,Ouvriers_CPAS,,
T_P754,44368,Infirmier chef,MRS,Entretien général,chambre 26 le matelas alternatif du fauteuil est à vérifier,44368,,,Ouvriers_CPAS,,
T_P767,44371,Infirmier chef,MRS,Entretien général,chambre 216 le frigo ne fonctionne plus,44371,,,Ouvriers_CPAS,,
T_P769,44375,Infirmier chef,MRS,Plomberie,chambre 138 le tuyau de las alle de bain ne tient plus,44375,,,Ouvriers_CPAS,,
T_P819,44417,Infirmier chef,MRS,Electricité,"télévision ch 010 ne fonctionne plus,",44417,,1,Ouvriers_CPAS,,
T_P820,44419,Infirmier chef,MRS,Electricité,"Grillage d'entrée ne se ferme plus entièrement,",44419,,1,Ouvriers_CPAS,,
T_P847,44434,Infirmier chef,MRS,Chauffage,"Pourriez-vous aller aux Eucalyptus pour remettre les coiffes  des radiateurs démontés par un agent de l'entretien, Merci ",44434,,1,Ouvriers_CPAS,,
T_P858,44445,Infirmier chef,MRS,Entretien général,ch 034 fuite au niveau ,44445,,,Ouvriers_CPAS,,
T_P859,44445,Infirmier chef,MRS,Entretien général,"ch 237 la fenêtre ne se ferme plus,",44445,,,Ouvriers_CPAS,,
T_P888,44487,Infirmier chef,MRS,Plomberie,"ch 038 douche bouchée,",44487,,1,Ouvriers_CPAS,,
T_P887,44487,Infirmier chef,MRS,Entretien général,porte de la ch 034 frotte au sol,44487,,1,Ouvriers_CPAS,,
T_P886,44487,Infirmier chef,MRS,Entretien général,ch 033 changer barillet garde robe merci,44487,,1,Ouvriers_CPAS,,
T_P885,44487,Infirmier chef,MRS,Plomberie,changer le tuyau de douche à la ch 024 car cassé,44487,,1,Ouvriers_CPAS,,
T_P884,44487,Infirmier chef,MRS,Entretien général,ch 024 remettre un barillet porte garde robe,44487,,1,Ouvriers_CPAS,,
T_P896,44518,Infirmier chef,MRS,Entretien général,voir pour remplacer carrelage devant ascensseur sale merci,44518,,1,Ouvriers_CPAS,,
T_P897,44518,Infirmier chef,MRS,Entretien général,"lit de la chambre 202 à réparer merci,",44518,,1,Ouvriers_CPAS,,
T_P908,44531,Infirmier chef,MRS,Electricité,"pourriez-vous changer lampe dessu évier chbre 003, Merci",44531,,1,Ouvriers_CPAS,,
T_P928,44558,Infirmier chef,MRS,Electricité,"réparer la lampe ch 036 cantou RDC, Merci",44558,,,Ouvriers_CPAS,,
T_P960,44588,Infirmier chef,MRS,,"Notre nom ne s'affiche plus au niveau de l'écran. Une fois la carte passée, 'badge lu' s'indique avant de disparaître et de ne plus rien afficher.Bonjour, depuis ce matin 7h aucune sonnette du service Lila ne fonctionne. De plus, il n'y a pas la possibilité pour encoder les soins effectuer lors d'un appel du résident.",44588,,,Televic,,
T_P963,44595,Infirmier chef,MRS,Entretien général,"la commande du lit n'exécute pas toutes les fonctions, une fois le lit relevé impossible de le descendre correctement",44595,,1,Ouvriers_CPAS,,
T_P974,44609,Infirmier chef,MRS,Entretien général,"pas de pression eau chaude de la douche ch 114 merci,",44609,,,Ouvriers_CPAS,,
T_P973,44609,Infirmier chef,MRS,Plomberie,pourriez-vous changer tuyau d'évacuation sous l'évier de la ch 132 merci,44609,,,Ouvriers_CPAS,,
T_P972,44609,Infirmier chef,MRS,Chauffage,"ch 108 le radiateur bne chauffe pas alors qu'il est sur le 4 merci,",44609,,,Ouvriers_CPAS,,
T_P1017,44672,Infirmier chef,MRS,Electricité,voir télévisionch 229 car plus d'image,44672,,1,Ouvriers_CPAS,,
T_P1038,44687,Infirmier chef,MRS,Entretien général,ch 229 fuite au niveau du robinet et évier bouché,44687,,1,Ouvriers_CPAS,,
T_P1044,44692,Infirmier chef,MRS,Entretien général,Pourriez-vous descendre le stock de frésubin à la cave (local groupe hydrophore) merci,44692,,2,Ouvriers_CPAS,,
T_P1045,44694,Infirmier chef,MRS,Entretien général,"Chambre 209 - changer le câble HDMI, la télévision ne fonctionne pas",44694,1,1,Ouvriers_CPAS,,
T_P1065,44725,Infirmier chef,MRS,Entretien général,"Remplacer piles glucomètre ch 138,remplacer planche WC ch 224 car cassée, Merci",44725,,1,Ouvriers_CPAS,,
T_P1104,44774,Infirmier chef,MRS,Entretien général,porte coulissante ne s'ouvre plus chbre 13,44774,,2,Ouvriers_CPAS,,
T_P1105,44776,Infirmier chef,MRS,Entretien général,"pourriez-vous réparer la tablette de la ch roulante de Mme Simon au Lilas, Merci",44776,,1,Ouvriers_CPAS,,
T_P1113,44783,Infirmier chef,MRS,Entretien général,Detartrer percolateur des eucalyptus merci,44783,,1,Ouvriers_CPAS,,
T_P1114,44783,Infirmier chef,MRS,Entretien général,porte du jardi (lilas) à régler merci,44783,,2,Ouvriers_CPAS,,
T_P1115,44783,Infirmier chef,MRS,Entretien général,"planche WC ch 026 cassée,",44783,,1,Ouvriers_CPAS,,
T_P1116,44785,Infirmier chef,MRS,Plomberie,Evier chambre 231 et 229 bouchés,44785,,1,Ouvriers_CPAS,,
T_P1122,44799,Infirmier chef,MRS,Plomberie,"ch 126 Acacias tuyau du lavabo déconnecté, eau coule parterre,",44799,,1,Ouvriers_CPAS,,
T_P1129,44803,Infirmier chef,MRS,Entretien général,barreaux de lit ch 208 défectueux(côté porte ne se baisse pas complètement,44803,,1,Ouvriers_CPAS,,
T_P1136,44819,Infirmier chef,MRS,Electricité,"la TV ch 22 ne fonctionne plus,",44819,,1,Ouvriers_CPAS,,
T_P1137,44819,Infirmier chef,MRS,Entretien général,porte entrée traine,44819,,1,Ouvriers_CPAS,,
T_P1138,44819,Infirmier chef,MRS,Entretien général,ch 208 porte de la salle de bain ne coulisse plus,44819,,2,Ouvriers_CPAS,,
T_P1144,44830,Infirmier chef,MRS,Entretien général,Vérifier barres de lit ch 033,44830,,1,Ouvriers_CPAS,,
T_P1155,44852,Infirmier chef,MRS,Entretien général,"sonnette ch 021 bloquée, sonne sans arrêt",44852,,1,Ouvriers_CPAS,Televic,
T_P1168,44879,Infirmier chef,MRS,Entretien général,URGENT remplaçé matelas ch 012 merci,44879,,2,Ouvriers_CPAS,,
T_P1167,44879,Infirmier chef,MRS,Electricité,"Lampe dessus de lit ne fonctionne plus,",44879,,1,Ouvriers_CPAS,,
T_P1180,44896,Infirmier chef,MRS,Entretien général,URGENT barres de lit ch 037 à réparer.Merci,44896,,2,Ouvriers_CPAS,,
T_P1185,44923,Infirmier chef,MRS,Entretien général,remplacer planche WC ch 203 merci,44923,,1,Ouvriers_CPAS,,
T_P1186,44924,Infirmier chef,MRS,Entretien général,"URGENT ch 038 poignée de la fenêtre bloquée, elle ne se ferme plus,",44924,,,Ouvriers_CPAS,,
T_P1196,44938,Infirmier chef,MRS,Entretien général,chambre 024 la télévision ne fonctionne plus,44938,,1,Ouvriers_CPAS,,
T_P1197,44939,Infirmier chef,MRS,Entretien général,"Evier ch 231 bouché,",44939,,1,Ouvriers_CPAS,,
T_P1202,44956,Infirmier chef,MRS,Electricité,LAMPE DESSUS DE LIT CH 129 NE S'ETEINT PLUS,44956,,1,Ouvriers_CPAS,,
T_P1208,44973,Infirmier chef,MRS,Entretien général,ch 032 tiroir table de nuit cassé,44973,,1,Ouvriers_CPAS,,
T_P1209,44973,Infirmier chef,MRS,Entretien général,"  ch 033 tiroir table de nuit cassé, prise dessus de lit cassé, bruit au niveau du plafond et verrou porte salle de bain cassé",44973,,1,Ouvriers_CPAS,,
T_P1213,44994,Infirmier chef,MRS,Entretien général,"remplacer planche WC ch 239 cae cassée, Merci",44994,,1,Ouvriers_CPAS,,
T_P1256,45029,Infirmier chef,MRS,Plomberie,WC bouché chambre 136,45029,,1,Ouvriers_CPAS,,
T_P1258,45029,Infirmier chef,MRS,Entretien général,lit cbre 131 et 136 à vérifier car ne monte plus ,45029,,1,Ouvriers_CPAS,,
T_P1257,45029,Infirmier chef,MRS,Plomberie,"robinet chbre 214 déféctueux,",45029,,1,Ouvriers_CPAS,,
T_P1267,45042,Infirmier chef,MRS,Plomberie,"ch 133 WC bouché,",45042,,1,Ouvriers_CPAS,,
T_P1272,45050,Infirmier chef,MRS,Plomberie,"ch 028 tuyau d'évacuation de l'evier est deboité du mur,",45050,,1,Ouvriers_CPAS,,
T_P1273,45050,Infirmier chef,MRS,Electricité,"ch 030 et 029 TV en panne ,Merci",45050,,1,Ouvriers_CPAS,,
T_P1275,45050,Infirmier chef,MRS,Electricité,"ch 218 TV ne fonctionne plus,écran noir,Merci",45050,,1,Ouvriers_CPAS,,
T_P1314,45103,Infirmier chef,MRS,Entretien général,tablette fauteuil ch 038 à réparer merci,45103,,1,Ouvriers_CPAS,,
T_P1349,45187,Infirmier chef,MRS,Plomberie,"ch 130 évier bouché,",45187,,1,Ouvriers_CPAS,,
T_P1350,45187,Infirmier chef,MRS,Entretien général,"ch 119 remplacer planche du WC car cassée,Merci",45187,,1,Ouvriers_CPAS,,
T_P1370,45238,Infirmier chef,MRS,Plomberie,"syphon et évier bouché ch 126, Merci",45238,,1,Ouvriers_CPAS,,
T_P1435,45419,Infirmier chef,MRS,Menuiserie,déplacer allonge de lit de la chbre 223 vers 238 merci,45419,,1,Ouvriers_CPAS,,
T_P1443,45470,Infirmier chef,MRS,Entretien général,"URGENT, pourriez-vous refixer la tenture de la chambre 024,",45470,,1,Ouvriers_CPAS,,
T_P1459,45526,Infirmier chef,MRS,,"plus de signal sonore lors des appels résidents aussi bien sur les écrans dans les chambres que dans les couloirs et les portables,",45526,,,Televic,,
T_P1595,45867,Infirmier chef,MRS,Electricité,la télévision ch 206 ne fonctionne plus,45867,,1,Ouvriers_CPAS,,
T_P030,43772,Jan Callemeyn,MRS,Electricité,Alarme UPS Legrand,43772,,1,Thersa,,
T_P041,43790,Jan Callemeyn,MRS,HVAC,"Problème de pompe ou de vanne 3 voies, circuit des panneaux rafraichissants, Surchauffe de l'eau en aval de la pompe. Ce circuit DOIT IMPERATIVEMENT fonctionner dès que la température extérieure descend en deça de 5 °, ceci afin d'éviter le gel des canalisations. Un document joint fourni quelques photos situant le problème.",43790,,1,Thersa,Ouvriers_CPAS,
T_P071,43805,Jan Callemeyn,MRS,Chauffage,"Insertion d'un clapet anti retour, dans le circuit (eau de ville) permettant la mise à pression de l'installation de la PAC à eau glacée. Niveau 3, collecteur principal. ",43805,,1,Thersa,Ouvriers_CPAS,
T_P072,43805,Jan Callemeyn,MRS,Chauffage,Remplacement des purgeurs du circuit (ean glacée) alimentant les panneaux rafraichissants. Niveau 3 au plafond.,43805,,,Thersa,Ouvriers_CPAS,
T_P092,43817,Jan Callemeyn,MRS,HVAC,"Problème de pompe ou de vanne 3 voies, circuit des panneaux rafraichissants, Surchauffe de l'eau en aval de la pompe. Ce circuit DOIT IMPERATIVEMENT fonctionner dès que la température extérieure descend en deça de 5 °, ceci afin d'éviter le gel des canalisations. Un document joint fourni quelques photos situant le problème.",43817,,1,Thersa,Ouvriers_CPAS,
T_P099,43827,Jan Callemeyn,MRS,Electricité,Panne tubes TL local chaufferie,43827,1h,1,Thersa,,
T_P194,43892,Jan Callemeyn,MRS,Electricité,Alarme UPS Legrand,43892,,1,Thersa,,
T_P215,43897,Jan Callemeyn,MRS,Plomberie,"Remettre en service l'eau de la citerne pour les circuits secondaires (WC) de la MRS. Si besoin, demander des conseils au service de maintenance local.",43897,,1,Thersa,,
T_P243,43927,Jan Callemeyn,MRS,Entretien général,ukgyuhgu,43927,,,Gestionnaire_GTC,,
T_P249,43930,Jan Callemeyn,MRS,Entretien général,"Local chaufferie: Sur base de l'ouverture d'aération existante dans la porte extérieure du local, prévoir une occultation réglable de cette ouverture. Explication possible sur site de la demande",43930,,,Ouvriers_CPAS,,
T_P238,43917,Jan Callemeyn,MRS,Entretien général,"Réinstaller la pompe du circuit de rafraichissement de l'air pulsé, du groupe GP1. Afin de soutenir cette mission délicate, cette mission peut-être planifiée sur base d'un rdv, afin que je puisse être présent,",43931,2h,2,Ouvriers_CPAS,,
T_P260,43940,Jan Callemeyn,MRS,Chauffage,Fuite d'eau au niveau du purgeur de la bouteille casse pression principale du circuit de chauffage,43940,1h,1,Thersa,Gestionnaire_GTC,
T_P265,43943,Jan Callemeyn,MRS,Electricité,"Problème Electrique au niveau de la liaison du thermique moteur du GE2 à l'automate. Sans doute un mauvais contact. Un relais de commande vibre de manière intempestive. Alarme sur la GTC. Néanmoins le goupe fonctionne. J'ai forcé la position du relais en position ON. Intervention souhaitée d'un électricien, me contacter afin de fixer un rdv.",43943,,1,Thersa,Gestionnaire_GTC,
T_P264,43943,Jan Callemeyn,MRS,HVAC,Remplacement courroies GE2,43943,,1,Thersa,Gestionnaire_GTC,
T_P269,43946,Jan Callemeyn,MRS,Plomberie,"Installation d'un système de comptage de l'eau de pluie réinjectée dans le circuit sanitaire WC de la MRS, J'assure le suivi de cette tâche.",43946,,,Ouvriers_CPAS,Gestionnaire_GTC,
T_P270,43949,Jan Callemeyn,MRS,Entretien général,Entretien ou remplacement de l'électrovanne alimentant le circuit de rafraichissement de l'air pulsé en eau du groupe GP2 (en toiture extérieure),43949,,1,Thersa,Gestionnaire_GTC,
T_P273,43955,Jan Callemeyn,MRS,HVAC,Dysfonctionnement  du by-pass de la GP2 (niveau 3 à l'extérieur). Des tests forcés n'engendrent aucune variation de température en position open ou closed,43955,,1,Thersa,,
T_P283,43959,Jan Callemeyn,CPAS,HVAC,"Groupe de ventilation GP2 (niveau 3 externe), la nouvelle électrovanne installée (relative au système d'humidificaction adiabatique) semble être fonctionnelle. Cependant je pense que l'ancienne vanne (située dans le même circuit) s'est refermée. Soit démonter l'ancienne et extraire le clapet de fermeture, soit remplacer la vanne par un morceau de tuyau galva pour refaire la jonction. Me contacter si nécessaire,",43959,,,Thersa,,
T_P284,43960,Jan Callemeyn,MRS,Plomberie,"Vanne 3 voies de la pompe à chaleur en chaufferie bloquée, démontage de celle-ci et nettoyage, en ma présence,",43960,2h,1,Ouvriers_CPAS,Gestionnaire_GTC,
T_P299,43971,Jan Callemeyn,MRS,HVAC,Alarme devenue quotidienne relative aux filtres de la GP2,43971,,1,Thersa,,
T_P300,43973,Jan Callemeyn,MRS,HVAC,Problème d'évacuation des condensats de la nouvelle batterie froide du niveau 1 de la MRS,43973,2,1,Thersa,,
T_P325,44006,Jan Callemeyn,MRS,HVAC,"Déclenchement du thermique de la pompe du système de rafraichissement adiabatique de la GP2, Après une relance, la pompe ne démarre pas, à vérifier, Sans traîner svp vu les températures proches de la canicule",44006,,1,Thersa,Gestionnaire_GTC,
T_P324,44006,Jan Callemeyn,MRS,HVAC,"Problème d'évacuation des condensats de la batterie froide installée récemment au niveau 1 de la MRS. La pompe d'évacuation de ceux-ci a été remplacée très récemment. De l'eau coule, des collecteurs ont été posés sur place. Demande d'intervention rapide svp , vu le contexte de température actuel !",44006,,1,Thersa,Gestionnaire_GTC,
T_P336,44018,Jan Callemeyn,MRS,Cogénération,"Demande de maintenance dans les 3 semaines à venir de l'installation de cogénération (en effet il reste 125 h de fonctionnement à régime réduit en période estivale). Nous signalons aussi les deux alarmes davantage récurrentes par rapport à:  - la pile du CPU;
- la sonde Lambda; Merci de nous préciser le jour de l'intervention afin qu'un ouvrier de maintenance local puisse prélever un échantillon d'huile de vidange pour analyse.",44018,,1,Cogengreen,Gestionnaire_GTC,
T_P340,44021,Jan Callemeyn,MRS,HVAC,Système de rafraichissement adiabatique de la GE1/GP1: électrovanne de remplissage du réservoir reste ouverte en permanence…. (Idem que sur la GP2 il y a quelques semaines),44021,,1,Thersa,,
T_P359,44047,Jan Callemeyn,MRS,HVAC,Mesure du débit d'extraction d'air dans les toilettes des vestiaires dames de la MRS. Ce sont des bouches classiques rondes réglables (débit de 50 - 100 M³/h),44047,,1,Thersa,Gestionnaire_GTC,
T_P371,44051,Jan Callemeyn,MRS,HVAC,"Urgent ! Niveau 2 - Grande aile - fond du couloir, dernière chambre côté droit - Madame Druart. Vérifier dans les plafonds le bon raccordement de la bouche de pulsion d'air. Vérifier aussi que la tuyauterie n'est pas écrasée.",44051,,2,Ouvriers_CPAS,Gestionnaire_GTC,
T_P400,44080,Jan Callemeyn,MRS,Electricité,"Alarme UPS général local serveur. Sur le display est affiché: ""demande de maintenance""",44080,,1,Thersa,,
T_P401,44081,Jan Callemeyn,MRS,Cogénération,"Le compteur d'énergie thermique de la cogénération présente un dysfonctionnement depuis quelques semaines. Merci d'intervenir pour identifier l'origine du problème. Merci aussi de me prévenir par mail ou portable, afin d'expliquer sur site le problème relevé (rendement global de 142 %) ",44081,,1,Cogengreen,Gestionnaire_GTC,
T_P410,44094,Jan Callemeyn,MRS,Electricité,"Tube TL en panne local chaufferie, coté ballons. Remplacer de préférence par du LED, plus économme à l'installation et à l'usage. Voir le service de maintenance local si besoin.",44094,,1,Thersa,,
T_P419,44102,Jan Callemeyn,MRS,Electricité,Tubes TL niveau 3 en panne,44102,,1,Thersa,,
T_P420,44103,Jan Callemeyn,MRS,Electricité,"Vérification dans l'ensemble des tableaux électriques de toute la MRS du bon serrage des connexions électriques. Cette mission doit être réalisée à deux personnes, avec le matériel de sécurité disponible sur place. En cas de problème, merci de me contacter.",44103,,2,Ouvriers_CPAS,,
T_P446,44118,Jan Callemeyn,MRS,HVAC,Sonde d'humidité et de température du GE1 déffectueuse,44118,,1,Thersa,Gestionnaire_GTC,
T_P467,44129,Jan Callemeyn,MRS,Plomberie,Merci de vérifier l'ensemble des urinoirs et des toilettes de toute la MRS. Il y a en effet une surconsommation d'eau énorme observée !!!!!!!!!!,44129,,1,Ouvriers_CPAS,Entretien,
T_P476,44136,Jan Callemeyn,MRS,Electricité,Problème sonde de température de l'eau préchauffée par la PAC dans le circuit de Spilmont. Me rencontrer pour plus de détails,44136,,1,Ouvriers_CPAS,,
T_P478,44143,Jan Callemeyn,MRS,HVAC,"Groupe GE1, ajuster les fins de course d'ouverture et de fermeture du registre mototisé. En effet leur sensibilité exagérée perturbe la GTC et empêche le groupe GE1 de démarrer. Voir avec Michel ou moi pour plus de détails.",44143,,1,Thersa,,
T_P483,44146,Jan Callemeyn,MRS,Electricité,Remplacer le poussoir rotatif à clé du lave vaisselle Spilmont,44146,,1,Ouvriers_CPAS,,
T_P485,44146,Jan Callemeyn,MRS,Plomberie,"Remplacer les deux circulateurs de la pompe à chaleur installée en chaufferie par le circulateur que vous avez encore en magasin,",44146,,2,Ouvriers_CPAS,,
T_P484,44146,Jan Callemeyn,MRS,Electricité,"Remplacer le bouton d'arrêt d'urgence de la marmite à soupe en cuisine,",44146,,1,Ouvriers_CPAS,,
T_P489,44150,Jan Callemeyn,MRS,Cogénération,"Demande de maintenance périodique sur notre installation de cogénération, Il reste 150 h au compteur et elle fonctionne 15 h / jour. Merci",44150,,,Cogengreen,Gestionnaire_GTC,
T_P490,44150,Jan Callemeyn,MRS,Cogénération,"La maintenace de la cogénération est planifié. Merci de prévoir une bouteille en verre avec un bouchon afin de prendre un échantillon d'huile à analyser, Merci de prévoir un bon de commande pour réaliser cette analyse chez ICARE",44150,,,Ouvriers_CPAS,,
T_P507,44162,Jan Callemeyn,MRS,Chauffage,"Chaudière N°1 en alarme ! La numéro 2 prend le relais. Merci d'intervenir assez rapidemment,,,",44162,,1,Thersa,,
T_P517,44174,Jan Callemeyn,MRS,Cogénération,"Cogénération à l'arrêt depuis ce matin. Erreur 131 Current dynamic Peak. 1 seul essai de redémarrage a été réalisé. Après 1 min, même alarme et arrêt. Elle est mise en mode OFF en attendant votre intervention. Merci pour votre retour rapide.",44174,,1,Cogengreen,,
T_P524,44177,Jan Callemeyn,MRS,Electricité,Tube TL  couloir chaufferie en panne,44177,,1,Thersa,,
T_P528,44180,Jan Callemeyn,MRS,Electricité,Remplacement dysjoncteur thermique de la pompe de circulation d'eau chaude de la cogénération,44180,,1,Ouvriers_CPAS,,
T_P559,44218,Jan Callemeyn,MRS,HVAC,Le bypass du groupe G4 reste bloqué en position ouverte,44218,,1,Thersa,,
T_P573,44226,Jan Callemeyn,MRS,Plomberie,"Déplacement lance à eau existante zone sale cuisine comme convenu, et prévoir le raccordement de la nouvelle lance pour le produit K1",44226,,2,Ouvriers_CPAS,,
T_P571,44226,Jan Callemeyn,MRS,Cogénération,"Demande de maintenance classique de la cogénération. Il reste 220 h de réserve, soit 12 journées de fonctionnement environ,",44226,,1,Cogengreen,Gestionnaire_GTC,
T_P574,44226,Jan Callemeyn,MRS,Electricité,"Installation alimentation électrique, selon presciptions, pour la borne électrique de la nouvelle voiture électrique,",44226,,2,Ouvriers_CPAS,,
T_P572,44226,Jan Callemeyn,MRS,Electricité,"Installation détecteur de passage sur l'esplanade,",44226,,2,Ouvriers_CPAS,,
T_P576,44236,Jan Callemeyn,MRS,HVAC,"La régulation de la batterie de préchauffage de l'air pulsé du groupe GP2 ne fonctionne plus. La vanne 3 voies d'alimentation en eau chaude de la batterie reste ouverte à 100%. Un test simple montre que le moteur de cette vanne 3 voies fonctionne toujours, merci d'intervenir dès que possible,",44236,,1,Thersa,,
T_P589,44244,Jan Callemeyn,MRS,Entretien général,"Deux fuites de gaz subsitent dans le second local chaufferie au niveau du compteur cuisine. Pour plus de détails, merci de demander au brigadier en fonction,",44244,,1,Thersa,,
T_P594,44252,Jan Callemeyn,MRS,Plomberie,Syphon douche 234 / 118 pièces à commander d'urgence,44252,,,Thersa,,
T_P612,44265,Jan Callemeyn,MRS,Entretien général,Compteur gaz circuit cuisine est bloqué,44265,,1,Thersa,,
T_P563,44221,Jan Callemeyn,MRS,Plomberie,Vérification de la présence éventuelle d'humidité en dessous des cabines de douche des chambres 33 et 34.,44270,,2,Ouvriers_CPAS,,
T_P621,44273,Jan Callemeyn,MRS,Entretien général,Fuites de gaz circuit chaudière et circuit départ cuisine,44273,,1,Thersa,,
T_P635,44285,Jan Callemeyn,MRS,Plomberie,Etanchéifier la descente d'eau du lave cheveux chez la coiffeuse,44285,,2,Ouvriers_CPAS,,
T_P636,44285,Jan Callemeyn,MRS,Plomberie,"Remplacer soupape de sécurité Boiler blanc , local chaufferie",44285,,2,Ouvriers_CPAS,,
T_P668,44307,Jan Callemeyn,MRS,Entretien général,Réparation de la girafe en cuisine,44307,,1,Ouvriers_CPAS,,
T_P669,44307,Jan Callemeyn,MRS,Electricité,"Demander une offre de prix pour un compteur d'énergie relatif à la charge de la voiture électrique. Ce dernier peut être inséré dans le nouveau tableau prévu à cet effet,",44307,,1,Ouvriers_CPAS,,
T_P683,44313,Jan Callemeyn,MRS,Entretien général,Prévoir la prise d'un échantillon d'huile moteur de la cogénération lors de sa prochaine maintenance. Déposer l'échantillon chez ICARE par la suite dans les meilleurs délais.,44313,,1,Ouvriers_CPAS,,
T_P690,44317,Jan Callemeyn,MRS,Plomberie,Installation d'une ligne hydraulique reliant le collecteur de départ d'eau adoucie (en chaufferie) au système de pompage de l'eau de la citerne. Je suis à votre disposition pour les détails techniques…,44317,3,2,Ouvriers_CPAS,,
T_P704,44321,Jan Callemeyn,MRS,Cuisine,"Nettoyer les filtres d'entrée d'eau du mitigeur alimentant le nouveau distributeur de produit K1 dans la zone salle,",44321,,1,Ouvriers_CPAS,,
T_P708,44326,Jan Callemeyn,MRS,Electricité,"Remplacer les 3 TI dans la cogénération en ma présence, merci",44326,,1,Ouvriers_CPAS,,
T_P751,44364,Jan Callemeyn,MRS,Entretien général,"Vérifier l'ouverture de la bouche de pulsion d'air dans toutes les chambres (celle située au dessus du lit), l'ouverture doit être d'au moins 1 cm (voir un doigt)",44364,,1,Ouvriers_CPAS,,
T_P752,44367,Jan Callemeyn,MRS,Entretien général,"Régistre motorisé de la GE3 bloqué en position ouverte, groupe de cuisine à l'arrêt, Merci pour votre intervention rapide.",44367,,1,Thersa,,
T_P760,44369,Jan Callemeyn,MRS,Cuisine,"Problème GE4, régistre motorisé bloqué, Groupe à l'arrêt ! Merci pour votre intervention rapide.",44369,,1,Thersa,,
T_P768,44372,Jan Callemeyn,MRS,Entretien général,"Envisager la faisabilité d'étendre le réseau d'interphone (micro accueil) vers le sous-sol,",44372,,1,Ouvriers_CPAS,,
T_P773,44378,Jan Callemeyn,MRS,Electricité,Raccorder les rétenteurs de portes coupe feu du sous sol sur le circuit de l'alarme incendie,44378,,1,Ouvriers_CPAS,,
T_P777,44381,Jan Callemeyn,MRS,Electricité,"Groupe GE2 (extérieur en toiture) est à l'arrêt. Le variateur de fréquence mentionne le message: court circuit terre. Les vérifications classiques ont été réalisées par l'ouvrier de garde et par moi-même, ",44381,,1,Thersa,,
T_P786,44385,Jan Callemeyn,MRS,Entretien général,"Niv 3; isoler les 2 tuyaux qui relient le collecteur d'eau chaude et glacée, afin d'éviter la condensation importante",44385,,2,Ouvriers_CPAS,,
T_P789,44392,Jan Callemeyn,MRS,Plomberie,"Niveau - 1, couloir d'accès au bureau cuistot: fuite d'eau dans le plafond identifiée. Comme mentionné sur les photos jointes il s'agit du raccord du coude et le tuyau de descente qui fuit. Le service technique local peut vous donner davantage de précisions si besoin.",44392,,1,Thersa,,
T_P780,44383,Jan Callemeyn,MRS,Entretien général,Prévoir un capot de protection des rayons du soleil au niveau du groupe de froid mural extérieur coté  sud (en dessous des bureaux),44392,,2,Ouvriers_CPAS,,
T_P805,44410,Jan Callemeyn,MRS,Chauffage,"PAC en chaufferie. La vanne 3 voies située au dessus des deux ballons de stockage blancs est bouchée. La PAC est mise à l'arrêt,",44410,,1,Ouvriers_CPAS,,
T_P826,44420,Jan Callemeyn,MRS,Electricité,"Niveau -1, couloir d'accès chaufferie: tube TL en panne",44420,,1,Thersa,,
T_P829,44420,Jan Callemeyn,MRS,Electricité,"Extension local repassage: lister et demander une offre pour l'installation future des 3 stations de repassage professionnelles,",44420,,2,Ouvriers_CPAS,,
T_P831,44420,Jan Callemeyn,MRS,Entretien général,"Quand vous aurez un peu de temps, serait-il possible de fermer le plafonds dans le local de la coiffeuse et celui du couloir à droite des ascenseurs du niveau 1 (au droit de la batterie froide), Merci",44420,,1,Ouvriers_CPAS,,
T_P830,44420,Jan Callemeyn,MRS,Electricité,Installation sonore MRS: déconnecter les 3 hauts parleurs installés dans le plafond du couloir d'accès aux bureaux administratifs du niveau 0,44420,,1,Ouvriers_CPAS,,
T_P833,44421,Jan Callemeyn,MRS,Entretien général,Niveau +3 Groupe GE1 sous toiture: La turbine génère des vibrations intenses à certains régimes de rotation. Vérifier si les aubes sont propres,44421,,1,Thersa,,
T_P840,44427,Jan Callemeyn,MRS,Entretien général,Cuisine sale: refixer les parois arrières de Spilmont quand vous aurez le temps…,44427,,2,Ouvriers_CPAS,,
T_P844,44432,Jan Callemeyn,MRS,Entretien général,"Demande de dépannage cogénération: erreur 034 capteur de pression d'huile, les niveaux d'huile semblent être bons, un  seul essai de redémarrage a été fait, en vain.",44432,,1,Cogengreen,,
T_P863,44458,Jan Callemeyn,MRS,Chauffage,"Niv 2 , grande aile, couloir coté ouest , fond du couloir: le dernier radiateur mural présente une fuite d'eau au niveau du raccordement. Les vannes d'isolement de cette portion du ciruit sont fermées.",44458,,1,Thersa,,
T_P865,44458,Jan Callemeyn,MRS,Entretien général,"Cuisine, zone sale: le nouveau doseur de produit de rincage de la vaisselle fuit. Merci de vérifier l'origine de la fuite. Au besoin, prévenir Sabine que le fournisseur doit intervenir afin de solutionner radicalement ce problème récurrent.",44458,,1,Ouvriers_CPAS,,
T_P864,44458,Jan Callemeyn,MRS,Electricité,"Niv - 1, local cabine HT: un éclairage TL plafonnier ne fonctionne plus",44458,,1,Thersa,,
T_P866,44459,Jan Callemeyn,MRS,Electricité,"Niv -1, TGBT principal, local HT: Verification du bon serrage de l'ensemble des connections de ce tableau. Sur base d'un rdv planifié, le courant pourra être coupé dans l'ensemble de la MRS, préférentiellement un mardi ou jeudi PM. Merci de prévenir. Le service technique local se tiendra à votre disposition en soutien. ",44459,,1,Thersa,,
T_P869,44466,Jan Callemeyn,MRS,Chauffage,"Le chauffage est remis en service dans toute la MRS. Merci de faire un tour complet dans le bâtiment afin de régler toutes les vannes thermostatiques des zones communes sur une position située entre 3,5 et 4. ",44466,,1,Ouvriers_CPAS,,
T_P883,44483,Jan Callemeyn,MRS,Cuisine,"Lave vaisselle Spilmont: remonter la nouvelle pompe du circuit de rincage,",44483,,2,Ouvriers_CPAS,,
T_P889,44488,Jan Callemeyn,MRS,Electricité,"Niv 0 , cage d'escalier située dans le prolongement de la salle à manger: plusieurs éclairages TL ne fonctionnement pas",44488,,1,Thersa,,
T_P890,44488,Jan Callemeyn,MRS,Electricité,"Niv 0 , cage d'escalier accessible à partir du local Kiné: 1 éclairage TL ne fonctionneme pas",44488,,1,Thersa,,
T_P893,44490,Jan Callemeyn,MRS,Electricité,"Niv +2, aile du fond, local vide panne. Fil VOB nu sortant du boitier situé à droite du vide panne,",44490,,1,Ouvriers_CPAS,,
T_P895,44517,Jan Callemeyn,MRS,Entretien général,"Panne installation de cogénération. Problème de niveau d'eau du circuit de refroidissement (erreur 007). Après vérification, il y a 2 bars de pression dans ce circuit. Problème de capteur peut-être. Merci d'intervenir dès que possible.",44517,,1,Cogengreen,,
T_P917,44544,Jan Callemeyn,MRS,Entretien général,"Cage d'escaliers niv 0 : Kiné et salle à manger : plusieurs blocs de secours ont le témoin jaune, merci de vérifier,",44544,,1,Thersa,,
T_P919,44545,Jan Callemeyn,MRS,Electricité,"Niv - 1 , groupe G4 (sous-sol à gauche dans le local) détecteur de givre sur l'air aspiré en panne et ponté en interne, merci de solutionner ce problème.",44545,,1,Thersa,,
T_P927,44558,Jan Callemeyn,MRS,Plomberie,Les sonnettes ne fonctionnent pas non plus. La lumière au-dessus de la porte est éclairé mais impossible de voir la sonnette sur les télévic.,44558,,1,Thersa,,
T_P930,44560,Jan Callemeyn,MRS,Cuisine,"Cuisine, niv - 1, distributeur de produit K1. Merci de demander au représentant de radicalement solutionner les divers dysfonctionnements récurrant de l'appareil !",44560,,1,Entretien,,
T_P940,44568,Jan Callemeyn,MRS,Chauffage,"Niv -1, chaufferie, Remplacement de la vanne 3 voies installée dans le circuit de la pompe à chaleur,",44568,,2,Ouvriers_CPAS,,
T_P950,44581,Jan Callemeyn,MRS,Entretien général,Prévoir le remplacement d'un harnais de sécurité suis le rapport BTV du 13/01/2022,44581,,1,Ouvriers_CPAS,,
T_P951,44581,Jan Callemeyn,MRS,Entretien général,Contrôle BTV ascenseurs 13/01/2022: certaines remarques peuvent être levées en interne. Merci d'y être sensible quand vous aurez un peu de temps.,44581,,2,Ouvriers_CPAS,,
T_P952,44581,Jan Callemeyn,MRS,Entretien général,"Sous-sol, porte accès couloir technique: A l'occasion il serait utile de régler le détenteur de celle-ci. Idem pour la porte d'accès au sas du local chaufferie.",44581,,1,Ouvriers_CPAS,,
T_P959,44585,Jan Callemeyn,MRS,Entretien général,"Niv -1 , local chaufferie, PAC du Cerisic: Remettre la pression d'eau dans le circuit secondaire à 2 bars environ, Cette tâches n'est pas d'une urgence capitale, en effet cela fonctionne pour l'instant, merci",44585,,1,Ouvriers_CPAS,,
T_P961,44591,Jan Callemeyn,MRS,Entretien général,Installation de cogénération. Il reste 10 journées de production au compteur. Merci de planifier une maintenance prochainement.,44591,,1,Cogengreen,,
T_P962,44592,Jan Callemeyn,MRS,Cuisine,"Sous-sol, local chaufferie, compteur gaz cuisine: ne totalise plus rien depuis 2 semaines !!!",44592,,1,Thersa,,
T_P964,44602,Jan Callemeyn,MRS,Entretien général,Panne installation de cogénération. Problème de niveau d'huile inférieur au minimum. Machine à l'arrêt. Merci d'intervenir dès que possible.,44602,,1,Cogengreen,,
T_P970,44608,Jan Callemeyn,MRS,Cuisine,"Groupe de ventilation hotte en cuisine, GE5: Les filtres sont à vérifier d'urgence. Des alarmes en cuisine apparaissent depuis quelques jours !",44608,,1,Thersa,,
T_P977,44613,Jan Callemeyn,MRS,Entretien général,"Installation de cogénération: Curer les tuyauteries d'écoulement des condensats, J'expliquerai à Michel en détail. Merci.",44613,,2,Ouvriers_CPAS,,
T_P978,44614,Jan Callemeyn,MRS,Entretien général,"Niv -1, local chaufferie: problème d'écoulement des condensats des cheminées chaudières et cogénération: raccord flexible cassé.",44614,,1,Thersa,,
T_P986,44630,Jan Callemeyn,MRS,Entretien général,Groupe de ventilation G4 en panne !,44630,,1,Thersa,,
T_P990,44637,Jan Callemeyn,MRS,Entretien général,"Niv 0 , Cantou: Remettre toutes les vannes thermostatiques enlevées dans le couloir et les chambres. Réglage: entre 3,5 et 4. Merci",44652,,1,Ouvriers_CPAS,,
T_P1001,44654,Jan Callemeyn,MRS,Entretien général,"Installation de cogénération: Panne démarreur (codes erreurs: 004 et 041) ; Installation mise à l'arrêt le 03-04-2022). Intervention rapide souhaitée, merci.",44654,,1,Cogengreen,,
T_P1013,44666,Jan Callemeyn,MRS,Entretien général,"Maintenance périodique des éclairages et éclairages de secours, suivant liste transmise en commentaire. S'adresser au service technique de la MRS pour plus de renseignements si besoin.",44666,10h,1,Thersa,,
T_P1016,44671,Jan Callemeyn,MRS,Electricité,Local haute tension: vérifier la mise à la terre des prises murales 220V,44671,,1,Ouvriers_CPAS,,
T_P1028,44683,Jan Callemeyn,MRS,Electricité,Niv -1; couloir local technique: 2 éclairages de type TL en pannes,44683,,1,Thersa,,
T_P1036,44685,Jan Callemeyn,MRS,Entretien général,"Niv -1: buanderie; zone repassage: acheter une fraise clôche afin de percer un trou dans le caisson de ventilation comme prévu,",44685,,1,Ouvriers_CPAS,,
T_P1037,44685,Jan Callemeyn,MRS,Entretien général,Niveau + 3: mesurer les surfaces disponibles en toiture à l'intérieur des lignes de vie. Merci d'indiquer sur le plan fourni les dimensions de chaque zones,44685,1h,2,Ouvriers_CPAS,,
T_P1039,44690,Jan Callemeyn,MRS,Entretien général,"Installation de Cogénération: merci de prévoir la maintenance, il reste un peu moins de 200 H, soit 2 semaines de fonctionnement. Merci aussi de préciser le jour et l'heure de l'intervention.",44690,,1,Cogengreen,,
T_P1046,44694,Jan Callemeyn,MRS,Entretien général,"Merci de vérifier l'ensemble des thermostats d'ambiance de la MRS (modèle +3/-3), ils doivent tous être de base sur la position +2 .",44694,,1,Ouvriers_CPAS,,
T_P1053,44700,Jan Callemeyn,MRS,Entretien général,"Niv +3: Groupe de ventilation G1 (sous toiture couverte) enlever le pompe à eau de circulation du circuit de rafraichissement de l'air pulser. Prendre les mesures de sécurité électrique nécessaires. Une fois extraite, nous la démonterons ensemble au local technique, le bourrage d'étanchéité est arrivé à l'âge de la retraite.",44700,,2,Ouvriers_CPAS,,
T_P1055,44704,Jan Callemeyn,MRS,Entretien général,"Niv -1:  Zone cuisine préparation chaude: La batterie froide ne fonctionne pas, malgré la consigne d'ouverture de sa vanne pilotante ouverte à 100%. Merci d'y intervenir les après midi en semaine ou les matinées hormises celles du LU-ME-VE",44704,,1,Thersa,,
T_P1066,44726,Jan Callemeyn,MRS,Entretien général,Niveau 0: zone cafetaria - salon: batterie froide non fonctionnelle !,44726,,1,Thersa,,
T_P1071,44732,Jan Callemeyn,MRS,Entretien général,"Niv +3: Groupe de ventilation G1 (sous toiture couverte) enlever le pompe à eau de circulation du circuit de rafraichissement de l'air pulser. Prendre les mesures de sécurité électrique nécessaires. Une fois extraite, nous la démonterons ensemble au local technique, le bourrage d'étanchéité est arrivé à l'âge de la retraite.",44732,,2,Ouvriers_CPAS,,
T_P1070,44732,Jan Callemeyn,MRS,Sanitaire,Niv -1; vestiaire dames; WC de gauche coule.,44732,,1,Thersa,,
T_P1076,44741,Jan Callemeyn,MRS,Electricité,Remplacer les ampoules déffectueuses du parking et de la rampe d'accés ,44741,,2,Ouvriers_CPAS,,
T_P1083,44746,Jan Callemeyn,MRS,Plomberie,"Niv 3: Circuit eau glacée: deux purgeurs manifestent une fuite importante. Le service technique local a isolé ceux-ci. Merci de les remplacer dès que possible. Pour plus de détails, se renseigner auprès du Brigadier,",44746,,1,Thersa,,
T_P1085,44747,Jan Callemeyn,MRS,Entretien général,"Niv 3 : G2 extérieur; pompe du système d'humidification semble être bouchée à l'aspiration. Elle tourne mais ne débite pas. Système mis à l'arrêt via la GTC,",44747,,1,Thersa,,
T_P1094,44753,Jan Callemeyn,MRS,Entretien général,Niv 3 : circuit distribution eau glacée plafond rafraichissant: aucun débit malgré la rotation de la pompe de circulation et l'ouverture de la vanne 3 voies. La cause peut être les purgeurs enlever et à remplacer. Urgent,44753,,1,Thersa,,
T_P1093,44753,Jan Callemeyn,MRS,Entretien général,Niv 0: porte coulissante (à l'entrée) côté intérieur reste ouverte malgré l'intervention de Kone récemment. Merci de les recontacter à ce sujet.,44753,,1,Ouvriers_CPAS,,
T_P1092,44753,Jan Callemeyn,MRS,Entretien général,Niv -1: la porte du local serveur frotte au sol,44753,,2,Ouvriers_CPAS,,
T_P1096,44760,Jan Callemeyn,MRS,Entretien général,Merci de relever les références des courroies des 5 groupes de ventilation de la MRS. Un tableau à compléter est affiché dans le local serveur. Prévoir aussi une réserve de chacunes d'entre elles.,44760,,1,Thersa,,
T_P1098,44762,Jan Callemeyn,MRS,Entretien général,"Niv +3: G2 (extérieur): faire une photo de la plaquette de signalisation du moteur GE2 (celui du haut dont les courroies ont été remplacées récemment), merci de m'envoyer la photo par mail.",44762,,1,Ouvriers_CPAS,,
T_P1100,44764,Jan Callemeyn,MRS,Entretien général,"Niv 0: Cantou; nouvelle installation de batteries froides (premier semestre 2022); fuite d'eau au niveau de la plus grosse des deux batteries; Le service technique local a pu déposer un sceau (sur le faux plafond) afin de récolter l'eau,,,,",44764,,1,Thersa,,
T_P1102,44767,Jan Callemeyn,MRS,Menuiserie,"Niv -1: local serveur: prévoir ""un porte manteaux"" mural en hauteur, afin de pouvoir y accrocher les courroies de réserve pour les groupes de ventilation. 8 crochets de suspension suffisent. Merci",44767,,1,Ouvriers_CPAS,,
T_P1118,44789,Jan Callemeyn,MRS,Cuisine,"Chambre froide négative; une résistance chauffante tubulaire intégrée dans le conduit d'aéaration donnant vers le corridor, permet de limiter le colmatage de celui-ci avec des glaces. Cette résistance est défectueuse ! Merci de nous faire un devis pour le remplacement de cette pièce,",44789,,1,Pelzer,,
T_P1117,44789,Jan Callemeyn,MRS,Entretien général,Niv 3: groupe GE1 et GE2: enlever toutes les grilles utilisées précédemment pour la pulvérisation de l'eau… A votre meilleure convenance,44789,,2,Ouvriers_CPAS,,
T_P1120,44798,Jan Callemeyn,MRS,Entretien général,"Niv +3, GE2 (groupe extérieur en hauteur) prévoir un joint d'étanchéité au niveau de la porte coulissante d'accès,,,,, Merci",44798,,2,Ouvriers_CPAS,,
T_P1121,44798,Jan Callemeyn,MRS,Entretien général,"Niv -1, local chaufferie-cogénération, prévoir à votre meilleure convenance un flexible d'arrosage avec tous les embouts nécessaires afin de pouvoir alimenter en eau les circuits appropriés de  la PAC et la Cogen. Merci",44798,,2,Ouvriers_CPAS,,
T_P1119,44798,Jan Callemeyn,MRS,Electricité,"Merci de finaliser l'identification des nouveaux tableaux et leurs circuits respectifs, afin que je puisse mettre à jour les plans et prévoir un marché pour la certification de ceux-ci,",44798,,1,Ouvriers_CPAS,,
T_P1134,44813,Jan Callemeyn,MRS,Chauffage,"Niv -1; local chaufferie; PAC au plafond; merci de remettre 2,5 bars de pression dans le circuit de chauffage des ballons",44813,,2,Ouvriers_CPAS,,
T_P1135,44813,Jan Callemeyn,MRS,Chauffage,"Niv -1; local chaufferie, merci de réaliser l'entretien de l'installation de maintien de la pression dans le circuit de chauffage (Reflex)",44813,,1,Thersa,,
T_P1139,44819,Jan Callemeyn,MRS,Electricité,Niv -1; local ventilation; deux armatures TL en pannes,44819,,1,Thersa,,
T_P1141,44823,Jan Callemeyn,MRS,Entretien général,"Installation de cogénération: le petit vase d'expansion du circuit primaire d'eau (interne à l'installation) est déffectueux. En effet, ce dernier ne joue plus son rôle d'accumulateur. Merci de prévoir une intervention.",44823,,1,Cogengreen,,
T_P1143,44826,Jan Callemeyn,MRS,Chauffage,"Niv -1; local chaufferie, merci de réaliser l'entretien de l'installation de maintien de la pression dans le circuit de chauffage (Reflex)",44826,,1,Thersa,,
T_P1148,44837,Jan Callemeyn,MRS,Entretien général,"Niveau 2-3 de la MRS: Locaux de stockage matériel d'entretien, locaux vides panes: finaliser la mise à jour des installations d'éclairage; installation d'un détecteur de présence",44837,,2,Ouvriers_CPAS,,
T_P1165,44872,Jan Callemeyn,MRS,Entretien général,"Demande de maintenance de l'installation de cogénération. Il reste 190 h de fonctionnement à ce jour, soit environ 15 journées en fonction de la météo. Merci pour votre retour.",44872,,1,Cogengreen,,
T_P1173,44879,Jan Callemeyn,MRS,Chauffage,"Niv 2, dernier radiateur de couloir juste avant la salle à manger, semble ne plus chauffer. Merci",44879,,1,Ouvriers_CPAS,,
T_P1172,44879,Jan Callemeyn,MRS,Electricité,A votre meilleure convenance: locaux de stockage matériel entretien doté d'un détecteur de présence récemment installé: Régler la temporisation de ces détecteurs sur 3-5 min environ. Merci,44879,,1,Ouvriers_CPAS,,
T_P1171,44879,Jan Callemeyn,MRS,Chauffage,"A votre meilleure convenance, enlever toutes les vannes thermostatiques dans les deux ailes de la MRS, sur les 3 niveaux du bâtiment. L'objectif est d'uniformiser la température dans ces couloirs, et de laisser la GTC réguler la température de l'eau circulant dans les radiateurs. Profiter de cette opération afin de contrôler la chauffe de ces radiateurs, certains sont froids....",44879,,1,Ouvriers_CPAS,,
T_P1169,44879,Jan Callemeyn,MRS,Chauffage,"A votre meilleure convenance, merci d'enlever toutes les vannes thermostatiques dans toutes les chambres du cantou niv 0. L'objectif est d'uniformiser la température dans cette zone.",44879,,1,Ouvriers_CPAS,,
T_P1170,44879,Jan Callemeyn,MRS,Chauffage,"A votre meilleure convenance, merci de verouiller toutes les fenêtres en bout de couloir des 2 ailes, sur les 3 niveaux de la MRS. Soit donc 6 fenêtres dont il faut empêcher l'ouverture, quitte à enlever la poignée. Merci",44879,,1,Ouvriers_CPAS,,
T_P1175,44886,Jan Callemeyn,MRS,Electricité,Niv - 1: local chaufferie: remplacer le compteur d'énergie thermique de la cogénération. Rdv à convenir ensemble. Merci,44886,,2,Ouvriers_CPAS,,
T_P1179,44890,Jan Callemeyn,MRS,Entretien général,"Niv -1; zone cuisine salle, gros lave vaisselle. Un clapet d'isolement de l'extraction de l'air au niveau du lave vaisselle semble rester bloquée en position ouverte. Circuit de la Ge5. Merci de prendre contact avec le brigadier ou moi-même afin d'avoir plus de détails sur cette observation.",44887,,1,Thersa,,
T_P1176,44887,Jan Callemeyn,MRS,Chauffage,"A votre meilleure convenance, merci de fermer toutes les vannes d'isolement des radiateurs situés dans les zones réserves du service d'entretien ainsi que celles situées dans tous les locaux vide panne.",44887,,1,Ouvriers_CPAS,,
T_P1178,44887,Jan Callemeyn,MRS,Chauffage,"Niv +2, fin du couloir donnant accès à la salle à manger; le radiateur mural sur la droite ne fonctionne plus. Merci pour votre intervention.",44887,,1,Thersa,,
T_P1177,44887,Jan Callemeyn,MRS,Entretien général,"Niv -1; zone cuisine salle, gros lave vaisselle. Un clapet d'isolement de l'extraction de l'air au niveau du lave vaisselle semble rester bloquée en position ouverte. Circuit de la Ge5. Merci de prendre contact avec le brigadier ou moi-même afin d'avoir plus de détails sur cette observation.",44887,,1,Thersa,,
T_P1181,44900,Jan Callemeyn,MRS,Entretien général,"Sous-sol: A votre meilleure convenance, merci de remplacer progressivement tous les TL par des tubes Led, Merci",44900,,2,Ouvriers_CPAS,,
T_P1183,44907,Jan Callemeyn,MRS,Electricité,"Niv -1: zone repassage de dépannage: merci d'enlever les tubes Led provisoirement installés, à votre meilleure convenance.",44907,,2,Ouvriers_CPAS,,
T_P1184,44915,Jan Callemeyn,MRS,Entretien général,"A votre meilleure convenance, il est utile skotcher un collant blanc sur tous les lecteurs de badges de la MRS afin d'empêcher leur démontage. Merci",44915,,1,Ouvriers_CPAS,,
T_P1189,44929,Jan Callemeyn,MRS,Cuisine,Niv -1; cuisine; installation hotte: Prévoir circuit d'alimentation en eau pour les deux fours,44929,,2,Ouvriers_CPAS,,
T_P1187,44929,Jan Callemeyn,MRS,Cuisine,Niv -1; cuisine; installation hotte: Prévoir les supports de fixation de la hotte ainsi que la procédure de pose de celle-ci.,44929,,2,Ouvriers_CPAS,,
T_P1188,44929,Jan Callemeyn,MRS,Cuisine,"Niv -1; cuisine; installation hotte: Finalisation de l'installation électrique: prises fours, prise pompe d'évacuation des eaux",44929,,2,Ouvriers_CPAS,,
T_P1190,44929,Jan Callemeyn,MRS,Cuisine,Niv -1; cuisine; Raccordement du circuit d'évacuation des vapeurs (de la hotte) au circuit d'extraction existant,44929,,2,Ouvriers_CPAS,,
T_P1192,44930,Jan Callemeyn,MRS,Electricité,Niv -1; prévoir le remplacement de l'ensemble des tubes TL par des tubes LED,44930,,2,Ouvriers_CPAS,,
T_P1191,44930,Jan Callemeyn,MRS,Entretien général,Niv -1 ; local surpresseur; merci de prévoir une protection mécanique de l'installation,44930,,2,Ouvriers_CPAS,,
T_P1193,44932,Jan Callemeyn,MRS,Entretien général,"Niv 2; grande aile; chambre de Giselle; refixer les deux plinthes décollées, à votre meilleure convenance",44932,,1,Ouvriers_CPAS,,
T_P1200,44950,Jan Callemeyn,MRS,Entretien général,"Demande de maintenance installation de cogénération. Il reste moins de 180h au compteur soit environ 10 journées de fonctionnement, Merci de prévoir un entretien et de nous informer de la date de votre passage.",44950,,1,Cogengreen,,
T_P1201,44951,Jan Callemeyn,MRS,Entretien général,Installation de cogénération: La demande de maintenance est en cours. Merci de prévoir le jour de celle-ci une bouteille en verre afin de preléver un échantillon d'huile usagée. Merci de prévoir un bon de commande adressé à la sociaté Icare qui procèdera à l'analyse de l'huile.,44951,,1,Ouvriers_CPAS,,
T_P1205,44963,Jan Callemeyn,MRS,Electricité,Merci de commander 20 alimentations de plafonniers LED similaires au modèle commandé pour tester. La référence se trouve sur le bon de commande du précédent.,44963,,1,Ouvriers_CPAS,,
T_P1206,44963,Jan Callemeyn,MRS,Electricité,"Merci de demander une offre de prix chez Trielec pour une armature semi-hérlmétique de 60 cm dotée d'un tube LED adapté. Les modèles dotés d'une dalle Led ne nous intéressent pas, uniquement un tube !!! ",44963,,1,Ouvriers_CPAS,,
T_P1207,44963,Jan Callemeyn,MRS,Entretien général,"Humidité châssis: la colle de chez Wurth étant fournie, les solins étant également disponibles, à votre meilleure convenance, merci de réaliser un test de montage sur les châssis de la première chambre de la grande aile du RDC.",44963,,2,Ouvriers_CPAS,,
T_P1244,45015,Jan Callemeyn,MRS,Electricité,"Eclairage grand pylone parking. Avant toute intervention, merci de vérifier (via facture ou bon de commande) si les 5 ampoules défectueuses sont encore dans le délai de la garantie. Merci pour le retour d'information, svp.",45015,,1,Ouvriers_CPAS,,
T_P1243,45015,Jan Callemeyn,MRS,Electricité,Eclairage extérieur. Remplacer les ampoules des petits pylones (rampe d'accès MRS) défectueuses. Vérifier la garantie de ces ampoules LED assez récemment installées.,45015,,2,Ouvriers_CPAS,,
T_P1248,45018,Jan Callemeyn,MRS,Entretien général,HVAC - Niveau +3 - G2 (extérieur): Le groupe de ventilation dégage un bruit anormal (pas un bruit de roulement selon moi à première vue). Merci de réaliser un contrôle mécanique de ce groupe. Un retour d'information est souhaité.,45018,,1,Thersa,,
T_P1255,45022,Jan Callemeyn,MRS,Electricité,"Niv - 1; local serveur; UPS en alarme, demande de maintenance. Merci pour votre intervention",45022,,1,Thersa,,
T_P1259,45030,Jan Callemeyn,MRS,Entretien général,Installation de cogénération. Il reste 12 journées de production au compteur. Merci de planifier une maintenance prochainement. Aucun problème particulier n'est observé à ce jour.,45030,,1,Cogengreen,,
T_P1263,45040,Jan Callemeyn,MRS,Electricité,"Actions éconnomie d'énergie: niveau -1; couloir d'accès à la chaufferie; remplacer les tubes TL existants par des tubes LED de 1,5 m et d'une teinte d'environ 4000 K. L'installation de deux détecteurs de présence dans cette grande zone est aussi envisagée. Un dans la zone d'accès au couloir et l'autre dans la zone retour des locaux de chaufferie. Nous pouvons encore réfléchir quant à la solution la plus simple pour installer ces deux détecteurs. Merci",45040,2j,2,Ouvriers_CPAS,,
T_P1264,45040,Jan Callemeyn,MRS,Electricité,"Réception prochaine envisagée relative aux 7 nouveaux tableaux électriques, suivant le marché récemment émis: afin de limiter les remarques, il serait utile de vérifier la bonne mise à la terre de l'ensemble des prises raccordés à ces tableaux. Merci",45040,2h,1,Ouvriers_CPAS,,
T_P1260,45040,Jan Callemeyn,MRS,Cuisine,"Niveau -1; cuisine; chambre de surgélation, problème de formation de glaçons réccurents: comme déjà étudié, il serait intéressant d'envisager la possibilité de remonter une des deux résistances de dégivrage intégrée dans le groupe d'évaporation installé au plafond du local. Bien sûr que ceci n'est qu'un test, mais s'il est intéressant, ca permetterait d'éviter une mission récurrente, désagréable pour les ouvriers.Merci",45040,1h,2,Ouvriers_CPAS,,
T_P1262,45040,Jan Callemeyn,MRS,Electricité,"Niveau 0 et 1: régler l'ensemble des détecteurs de présence récemment installés sur une durée d'environ 10 min, suivant le test réalisé il y a quelques semaines déjà. Merci",45040,2h,1,Ouvriers_CPAS,,
T_P1261,45040,Jan Callemeyn,MRS,Electricité,Niveau +2: locaux de stockage et vides pannes; Installation de détecteurs de présence et supression des dalles d'éclairage superflues. Terminer cette partie des installations serait intéressante avant d'entamer d'autres projets. Merci,45040,1j,2,Ouvriers_CPAS,,
T_P1266,45040,Jan Callemeyn,MRS,Electricité,"Le marché relatif au contrôle des 7 nouveaux tableaux électriques se cloture ce vendredi 28 avril. 5 sociétés ont été contactées, tous les retours sont transmis par mail à Michel ou ouvriers. Merci de cloturer ce marché au début du mois de mai. ",45047,,1,Ouvriers_CPAS,,
T_P1265,45040,Jan Callemeyn,MRS,Entretien général,Lance incendie: comme prévu il serait utile de prévoir un moment au début du mois de mai afin de démonter une de celle-ci pour l'analyser.  Merci,45048,2h,2,Ouvriers_CPAS,,
T_P1269,45049,Jan Callemeyn,MRS,Electricité,"Groupe électrogène de secours; problème de charge de la batterie prévue au départ (dédoublées par le service technique local). Il serait important selon moi d'envisager la finalisation du mode de charge d'appoint des deux batteries. Diverses pistes ont encore été émises ce jour, merci de prévoir cette mission dans votre planning prochainement. Il est évident que je suis souvent présent dans le cadre de ma mission de conseil, pour vous aider.  Cette tâche est urgente selon moi. Bien cordialement Jan",45049,,2,Ouvriers_CPAS,,
T_P1277,45051,Jan Callemeyn,MRS,Entretien général,U R G E N T :Niv -1: local chaufferie: problème de régénération continue de l'adoucisseur général de l'eau de toute la MRS. L'installation semble être en mode régénération permanente depuis 3 jours et l'eau n'est plus adoucie au sein de l'institution. Merci pour votre retour rapide.,45051,,1,Thersa,,
T_P1247,45016,Jan Callemeyn,MRS,Entretien général,Grand parking MRS - éclairage grand pylones. Il serait utile de planifier la nacelle de la commune au bon temps (à partir du mois de juin) afin d'enlever les ampoules défectueuses et de demander l'intervention de la garantie auprès  du fournisseur de celles-ci. Les documents relatifs à la commande ou la facturation de celles-ci seront nécessaires. Merci,45078,,2,Ouvriers_CPAS,,
T_P1290,45079,Jan Callemeyn,MRS,Plomberie,"Niv +2: local salle à manger, zone petite cuisine: faisant suite à la fuite d'eau récente, il serait utile de changer le robinet Shell (alimentant les deux percolateurs) par une vanne ""quart de tour"". Merci",45079,,2,Ouvriers_CPAS,,
T_P1291,45079,Jan Callemeyn,MRS,Entretien général,Niv -1: local chaufferie: merci de prévoir à votre meilleure convenance un système (style jante de voiture fixée au mur) permettant d'enrouler le tuyau d'eau flexible posé au sol.,45079,,1,Ouvriers_CPAS,,
T_P1312,45100,Jan Callemeyn,MRS,Electricité,"Niv -1: cuisine: zone flexcool: Dédoubler l'interrupteur de commande de l'aspiration (hotte) installé du coté Spilmon vers les deux fours récemment déplacés. L'idée est de pouvoir piloter la nouvelle hotte par un interrupteur similaire à celui installé près du gros lave vaisselle,",45100,1,1,Ouvriers_CPAS,,
T_P1313,45100,Jan Callemeyn,MRS,Entretien général,"Niv -1; Cuisine; Chambre de surgélation: Merci d'isoler les tuyauteries de gaz ainsi que la tuyauterie de décharge des condensats,",45100,1h,1,Ouvriers_CPAS,,
T_P1320,45113,Jan Callemeyn,MRS,Electricité,"Actions éconnomie d'énergie: niveau -1; couloir d'accès à la chaufferie; remplacer les tubes TL existants par des tubes LED de 1,5 m et d'une teinte d'environ 4000 K. L'installation de deux détecteurs de présence dans cette grande zone est aussi envisagée. Un dans la zone d'accès au couloir et l'autre dans la zone retour des locaux de chaufferie. Nous pouvons encore réfléchir quant à la solution la plus simple pour installer ces deux détecteurs. Merci",45113,2j,2,Ouvriers_CPAS,,
T_P1321,45114,Jan Callemeyn,MRS,Entretien général,"Niv + 3: Groupe extérieur G2: Problème de fonctionnement du Bypass. L'accouplement entre l'axe moteur et la mécanique du bypass est défectueux. Votre technicien Philippe était présent lors de la recherche de la panne, il peut dès vous informer de la pièce à commander sans trop tarder svp. Nous nous sommes assuré que le bypass fonctionne normalement en mode manuel en le faisant basculer au moyen d'un pince.",45114,2h,1,Thersa,,
T_P1338,45146,Jan Callemeyn,MRS,Entretien général,Niv -1: local ventilation: créer deux ouvertures dans la porte du fond afin d'améliorer la circulation de l'air. Les ouvertures peuvent être semblables à celle réalisé en chaufferie coté cogen. Merci,45146,1j,2,Ouvriers_CPAS,,
T_P1339,45166,Jan Callemeyn,MRS,Plomberie,Niv -1; Local pompes à eau; installation du filtre sur le circuit de l'eau des citernes. ,45173,,2,Ouvriers_CPAS,,
T_P1342,45180,Jan Callemeyn,MRS,Entretien général,"Niv 1: batterie froide couloir orienté ouest: fuite d'eau de condensation,",45180,,1,Thersa,,
T_P1341,45180,Jan Callemeyn,MRS,Entretien général,"Niv -1; cuisine; zone de cuisson: Remplacer une dalle dans le plafond contenant un bouche de pulsion d'air, face sud de la hotte principale,",45180,,2,Ouvriers_CPAS,,
T_P1346,45184,Jan Callemeyn,MRS,Electricité,"Niv -1; chaufferie - cogen: ajouter un point d'éclairage LED au niveau du coin circulateurs de chauffage, Merci",45184,,1,Ouvriers_CPAS,,
T_P1348,45187,Jan Callemeyn,MRS,Chauffage,Niv -1: local chaufferie ; zone ballons de stockage: La soupape de sécurité (surpression) du circuit secondaire de chauffe du ballon ECS fuit régulièrement. Un nettoyage ou son remplacement est à prévoir. Je precise aussi que la pression de l'eau de ville n'excède pas 5 bars en sortie du surpresseur.,45187,,1,Thersa,,
T_P1352,45195,Jan Callemeyn,MRS,Plomberie,Concevoir une bac récolteur d'eau de condensation batterie cuisine côté sale,45200,,2,Ouvriers_CPAS,,
T_P1351,45195,Jan Callemeyn,MRS,Plomberie,Installation du nouveau circuit d'eau glacée partant du niv0 vers la cuisine côté sale….,45200,,2,Ouvriers_CPAS,,
T_P1355,45202,Jan Callemeyn,MRS,Entretien général,Niv -1; zone cuisine chambre froide. Commander le matériel plastique nécessaire afin de planifier la réfection des pourtours des portes des chambres froides. ,45202,,1,Ouvriers_CPAS,,
T_P1356,45203,Jan Callemeyn,MRS,Entretien général,Niv +3 toiture petite aile: déplacer la sonde de mesure de température extérieur comme proposé ensemble,45203,,1,Ouvriers_CPAS,,
T_P1360,45210,Jan Callemeyn,MRS,Entretien général,"Niv - 1, local chaufferie: Alarme sur la pompe qui maintient la pression, de l'eau,  dans le circuit de chauffage de l'eau constante.",45210,,1,Thersa,,
T_P1358,45207,Jan Callemeyn,MRS,Electricité,"Niv - 1, local TGBT. Commander le matériel nécessaire afin de réaliser les modifications conseillées par la société EMEGA",45214,,1,Ouvriers_CPAS,,
T_P1365,45222,Jan Callemeyn,MRS,Entretien général,"Niv - 1: zone couloir accès fournisseurs chambres froides: creuser, nettoyer et refaire les joints de dilatation usagés au sol. Le produit permettant la réparation est disponible depuis ce jour à la MRS. Merci",45222,,2,Ouvriers_CPAS,,
T_P1366,45222,Jan Callemeyn,MRS,Plomberie,"Niv -1: Local pompe eau de pluie - surpresseur: Au niveau de la pompe Wilo irrigant le réseau sanitaire de la MRS avec de l'eau de pluie ou de ville, un manque d'étanchéité se manifeste au niveau d'une électrovanne. Cette vanne a été localisée et est identifié par la pose d'une banderole blanche et rouge. Merci de vérifier.",45222,,1,Thersa,,
T_P1369,45237,Jan Callemeyn,MRS,Entretien général,Installation de cogénération. Il reste 188h au compteur soit environ 15 journées de fonctionnement. Merci de prévoir un entretien de l'installation (suivant contrat) et de nous informer de la date de votre intervention.,45237,,1,Cogengreen,,
T_P1375,45254,Jan Callemeyn,MRS,Entretien général,Niv -1: local ventilation; groupe hvac G3 soufflet de pulsion interne au groupe déchiré,45250,,1,Thersa,,
T_P1372,45251,Jan Callemeyn,MRS,Entretien général,Niv - ; local ventilation; groupe de ventilation G4 (celui de gauche): prévoir un moment pour le remplacement des roulements des deux moteurs.,45251,4h,2,Ouvriers_CPAS,,
T_P1378,45257,Jan Callemeyn,MRS,Plomberie,Niv 0 ; cantou; chambre 24; fuite d'eau au niveau d'une dalle dans la chambre.,45257,,1,Thersa,,
T_P1376,45257,Jan Callemeyn,MRS,Entretien général,"Niv -1 ; local ventilation; groupe de gauche G4: prévoir le remplacement des roulements des deux moteurs d'entraînement des groupes,",45257,1j,2,Ouvriers_CPAS,,
T_P1379,45271,Jan Callemeyn,MRS,Entretien général,Niv -1: Problème avec la caméra du parking: connection impossible -- CPRO,45271,,1,Thersa,,
T_P1405,45319,Jan Callemeyn,MRS,Sanitaire,"Niv 2/ couloir central, chambre : 234 ou 235; grille de siphon douche à remplacer d'urgence. Merci",45319,,,Thersa,,
T_P1408,45620,Jan Callemeyn,MRS,Entretien général,Niv -1: local ventilation; groupe hvac G3 soufflet de pulsion interne au groupe déchiré,45321,,1,Thersa,,
T_P1412,45328,Jan Callemeyn,MRS,Entretien général,"Niv -1 : installation de cogénération. Il reste 150 h de fonctionnement, merci de planifier la maintenance de la machine,",45328,,1,Cogengreen,,
T_P1416,45343,Jan Callemeyn,MRS,Entretien général,"Niv-1; local chaufferie; installation de cogénération. De par les problèmes mentionnés en réunion ce mercredi 21 février, un nouveau curage de l'échangeur à plaques de l'installation est nécessaire. Merci d'intervenir dès que possible.",45343,,1,Thersa,,
T_P1419,45357,Jan Callemeyn,MRS,Entretien général,"Niv -1; zone cuisine sale; le moteur d'un registre de la GE 5 ne fonctionne plus. Le personnel technique du site peut également vous en informer, en cas d'absence de ma part, lors de votre intervention. Merci",45357,,1,Thersa,,
T_P1427,45373,Jan Callemeyn,MRS,Cuisine,"Niv -1: Cuisine: le groupe frigorifique de la cellule de refroidissement N°1 génère un bruit anormalement élevé, comparativement à celui de la cellule N°2 qui est identique. Pouvez-vous envoyer un technicien afin qu'il puisse nous faire par de son expertise svp ? Merci",45373,,1,Pelzer,,
T_P1426,45373,Jan Callemeyn,MRS,Entretien général,"Bonjour, pouriez vous par retour de ce mail nous envoyer les références de l'échangeur à plaques de notre installation de cogénération. En effet, la société Thersa qui en assure la maintenance prend en charge son remplacement. Merci pour votre retour rapide.",45373,,1,Cogengreen,,
T_P1428,45383,Jan Callemeyn,MRS,Entretien général,"Niv 0 : local fumoir: positionner le purificateur d'air dans le coin de la pièces et poser une barrière Nadar devant celui-ci. Prévoir une affiche à aposer sur celle-ci: ""Ne pas toucher"". Merci",45383,,1,Ouvriers_CPAS,,
T_P1432,45405,Jan Callemeyn,MRS,Plomberie,Niv 0 - Niv -1: Local vide pannes petite aile; l'appareil manifeste une fuite. L'eau coule au niv - 1 dans le local réserve situé en face du local groupe électrogène.,45405,,1,Thersa,,
T_P1434,45418,Jan Callemeyn,MRS,Entretien général,"Il reste 200h au compteur de l'installation de cogénération, soit environ 15 jours de fonctionnement, Merci de prévoir un entretien suivant le cahier des charges de maintenance.",45418,,,Cogengreen,,
T_P1437,45436,Jan Callemeyn,MRS,Plomberie,Niv -1: local chaufferie: flexibles vase d'expansion REFLEX à remplacer (système doté d'un compresseur de maintient de la pression),45436,,1,Thersa,,
T_P1438,45452,Jan Callemeyn,MRS,Entretien général,HVAC - Niveau +3 G2 : alarme par rapport aux filtres du groupe.,45452,,1,Thersa,,
T_P1439,45452,Jan Callemeyn,MRS,Entretien général,Niv +1 zone Ergo: La batterie froide ne fonctionne plus. Merci de ne pas trainer avant d'intervenir.,45452,,1,Thersa,,
T_P1442,45461,Jan Callemeyn,MRS,Entretien général,Niv -1 - zone cuisine sale - rafraichissement: installer les accessoires d'évacuation des condensats de la batterie froide - commander les pièces de raccordement manquantes. Merci,45461,,2,Ouvriers_CPAS,,
T_P1441,45461,Jan Callemeyn,MRS,Electricité,"Niv -1 - cuisine - zone de cuisson: remplacer la résistance chauffante livrée relative à la marmite à soupe électrique, en fonction de sa disponibilité d'accès. Merci",45461,,2,Ouvriers_CPAS,,
T_P1445,45482,Jan Callemeyn,MRS,Entretien général,Niv +3: GE5; Remplacer les filtres décomposés. L'intervention ne peut se faire que le mardi ou le jeudi et de préférence PM. Merci,45482,,1,Thersa,,
T_P1446,45483,Jan Callemeyn,MRS,Entretien général,"Niv +1: couloir central - batterie rafraichissante de l'air pulsé dans le cantou: malgré le remplacement récent de la pompe d'évacuation des condensats, le bac récolteur fuit encore et toujours. Merci pour votre intervention assez urgente, l'été semble arriver.",45483,,1,Thersa,,
T_P1448,45491,Jan Callemeyn,MRS,Entretien général,"Niv -1; Buanderie: La MAL Primus du milieu a été mise à l'arrêt. Après investigation, les roulements de l'axe du tambour ainsi que le bourrage d'étanchéité sont à remplacer. Merci pour votre retour...",45491,,1,Primus,,
T_P1449,45492,Jan Callemeyn,MRS,Entretien général,Ext: Caméra CPRO Parking: modifier son emplacement afin de la rendre accessible sans nacelle. Merci,45492,,2,Ouvriers_CPAS,,
T_P1450,45495,Jan Callemeyn,MRS,Entretien général,Niv 0: cantou : placer le thermostat +3/-3 dans un boitier transparent sous clé. Merci,45495,,1,Ouvriers_CPAS,,
T_P1454,45509,Jan Callemeyn,MRS,Entretien général,"Niv -1; Local serveur:  La climatisation manque d'efficacité. Une intervention rapide est souhaitée vu l'importance du matériel informatique installé dans ce local, ",45509,,1,Pelzer,,
T_P1456,45520,Jan Callemeyn,MRS,Entretien général,"Niv +3: PAC eau glacée: Alarme clignotante. Le fonctionnement reste normal. Merci de vérifier,",45520,,1,Thersa,,
T_P1457,45520,Jan Callemeyn,MRS,Electricité,"Niv 0; cantou; chambre 35: Eclairage dans la salle de bain ne fonctionne plus, merci",45520,,1,Ouvriers_CPAS,,
T_P1455,45520,Jan Callemeyn,MRS,Entretien général,"Niv -1; cuisine; chambre froide de surgélation: Merci d'obturer le conduit d'aération, afin de limiter le givre à l'entrée de la chambre,,,,",45520,,1,Ouvriers_CPAS,,
T_P1458,45524,Jan Callemeyn,MRS,Electricité,"Installation de cogénération MRS; En panne: alarme: tension batterie inférieure à 12 V (E042). Merci de nous transmettre un devis pour l'intervention (sans doute le remplacement des batteries), Merci",45524,,1,Cogengreen,,
T_P1460,45526,Jan Callemeyn,MRS,Entretien général,Niv -1: cuisine: chambre froide de congélation: poignée d'ouverture et de fermeture déficientente du côté chargement. Merci,45526,,1,Pelzer,,
T_P1461,45529,Jan Callemeyn,MRS,Electricité,"Esplanade: L'enseigne arbre de vie n'est illuminée qu'à 50 % (""L'arbre"" oui, ""de vie"" non),",45529,1,1,Ouvriers_CPAS,,
T_P1462,45529,Jan Callemeyn,MRS,Entretien général,"Niv -1: porte couloir technique: le rétenteur électrique ne fonctionne plus,",45529,,1,Ouvriers_CPAS,,
T_P1463,45530,Jan Callemeyn,MRS,Entretien général,"RDC: petite aile: chambre 21: la porte d'entrée frotte au sol, Merci",45530,,1,Ouvriers_CPAS,,
T_P1464,45531,Jan Callemeyn,MRS,Cuisine,"Cuisine - zone sale: fuite d'eau au niveau des bacs de trempage vaisselles sales,",45531,,1,Ouvriers_CPAS,,
T_P1465,45538,Jan Callemeyn,MRS,Entretien général,Niv 0: petite aile: chambre 21: porte d'entrée frotte et problème de détecteur d'alumage. Voir avec le résident. Merci,45538,,1,Ouvriers_CPAS,,
T_P1468,45540,Jan Callemeyn,MRS,Cuisine,Niv -1: chambre froide de surgélation: porte d'accès côté cuisine: dégivrer le pourtour et vérifier le frottement au sol. Merci,45540,,1,Ouvriers_CPAS,,
T_P1471,45553,Jan Callemeyn,MRS,Cuisine,"Cuisine - zone sale: fuite d'eau au niveau des bacs de trempage vaisselles sales,",45553,,1,Ouvriers_CPAS,,
T_P1472,45559,Jan Callemeyn,MRS,Entretien général,"Niv 0: fumoir: envisager le remplacement des filtres du purificateur d'air avec moi, svp. Merci",45559,,1,Ouvriers_CPAS,,
T_P1478,45562,Jan Callemeyn,MRS,Electricité,Niv -1: Spilmont: remplacer l'interrupteur à clé et l'interrupeur général On/Off,45562,,1,Ouvriers_CPAS,,
T_P1475,45562,Jan Callemeyn,MRS,Electricité,Niv 0 - petite aile - Détecteur au faond du couloir dysfonctionne.,45562,,1,Ouvriers_CPAS,,
T_P1476,45562,Jan Callemeyn,MRS,Entretien général,"Niv 0 - petite aile - chambre 21 - porte frottre,",45562,,1,Ouvriers_CPAS,,
T_P1477,45562,Jan Callemeyn,MRS,Entretien général,Niv -1: porte coupe feu d'accès aux locaux techniques: remplacer le rétenteur magnétique et la porte frotte au sol !!!!!!!!!! Merci,45562,,1,Ouvriers_CPAS,,
T_P1482,45583,Jan Callemeyn,MRS,Plomberie,"Niv 0 : cantou: tester mon idée simpliste afin d'améliorer les problèmes d'évacuation d'eau des eviers, dans 1 ou 2 chambres, Merci",45583,,1,Ouvriers_CPAS,,
T_P1483,45586,Jan Callemeyn,MRS,Electricité,Niv - 1: chaufferie: installation de deux détecteurs de mouvement: local chaufferie / local ballons,45586,,1,Ouvriers_CPAS,,
T_P1488,45595,Jan Callemeyn,MRS,Chauffage,"Niv +3: Circuit batterie de chauffe GP2 (droite); Vanne de modulation 3 voies HS, elle reste bloquée 100 % ouverte, Merci",45595,,1,Thersa,,
T_P1489,45603,Jan Callemeyn,MRS,Entretien général,Niv - 1: Buanderie: MAL Primus FX 135 N°3: Mise en erreur  avec un programme à 60 ou 90 °C; Programme 40 °C OK. Merci pour votre retour rapide.,45603,,1,Primus,,
T_P1494,45611,Jan Callemeyn,MRS,Electricité,Niv +3 Circuit de chauffe de la batterie GP1: envisager une étude avec moi par rapport à une panne. Merci,45611,,1,Ouvriers_CPAS,,
T_P1495,45611,Jan Callemeyn,MRS,Electricité,"Portail de rue, à la croisée de nos agendas et celui de la météo, il serait bien d'approndir la problématique afin d'envisager les actions nécessaires. Merci ",45611,,1,Ouvriers_CPAS,,
T_P1496,45611,Jan Callemeyn,MRS,Plomberie,Niv -1 : local réserve pompe: remplacer le compteur d'eau de ville installé sur le groupe Wilo (eau de citerne); voir ce qui reste en stock avant de commander. Merci,45611,,1,Ouvriers_CPAS,,
T_P1492,45611,Jan Callemeyn,MRS,Entretien général,"Niv 0: local fumoir: envisager la fixation en hauteur de la cage à lapin encadrant le groupe de filtration d'air. La fixation doit tenir compte d'un entretien semestriel de l'appareil, Merci",45611,,1,Ouvriers_CPAS,,
T_P1493,45611,Jan Callemeyn,MRS,Entretien général,"Niv 0 : local fumoir; Encadrer la fiche murale du purificateur dans un boitier sous clé, similaire à ceux installés au niveau de certains thermostat de la MRS. Merci",45611,,1,Ouvriers_CPAS,,
T_P1498,45611,Jan Callemeyn,MRS,Electricité,Niv -1: local de réserve - pompe à eau: envisager l'installation d'un détecteur de présence relatif à l'allumage de l'éclairage. Merci,45611,,1,Ouvriers_CPAS,,
T_P1500,45621,Jan Callemeyn,MRS,Electricité,"Caméra extérieure parking: Merci de réaliser un Reset du switch ,,,,",45621,,1,Ouvriers_CPAS,,
T_P1503,45626,Jan Callemeyn,MRS,Entretien général,"Niv - 1: local chaufferie: vérifier le bon fonctionnement du purgeur installé au sommet de la bouteille casse pression. Laisser celui-ci en activité permanente, Merci",45626,,1,Thersa,,
T_P1502,45626,Jan Callemeyn,MRS,Plomberie,"cuis: zone sale: un bac de trempage goutte toujours, merci d'intervenir.",45626,,1,Ouvriers_CPAS,,
T_P1504,45627,Jan Callemeyn,MRS,Entretien général,"Niv + 3: Circuit de chauffe des batteries GP2 - GP3. Vérification des purgeurs automatiques. De l'air circule dans les circuits (les plus élevés de toute l'installation de chauffage de la MRS). Les pompes de circulations sont régulièrement en alarme pour cause d'absence d'eau,,,,",45627,,1,Thersa,,
T_P1507,45660,Jan Callemeyn,MRS,Chauffage,"Niv +3, pompe circuit batterie chaude de la GP1: L'affichage digital ne s'allume plus. Merci",45660,,1,Thersa,,
T_P1509,45666,Jan Callemeyn,MRS,Entretien général,Buanderie: Machine à laver 1 et 3. Problème techniques,45666,,1,Primus,,
T_P1521,45709,Jan Callemeyn,MRS,Entretien général,"Niv - 1, Les deux locaux en chaufferie (cogen et ballons). Merci de curer un  peu le sol….",45709,,1,Ouvriers_CPAS,,
T_P1525,45722,Jan Callemeyn,MRS,Entretien général,"Niv -1 buanderie: envisager le remplacement 8 amortisseurs (dispo) dans les MAL 1 et 2 suivant le protocole établi, ce vendredi en matinée,",45723,,3,Ouvriers_CPAS,,
T_P1526,45722,Jan Callemeyn,MRS,Entretien général,Niv + 3: réparation affaissement gaine de ventilation GP1. Intervention envisagée à partir de la semaine prochaine en présence de Michel et moi.,45726,,3,Ouvriers_CPAS,,
T_P1527,45729,Jan Callemeyn,MRS,Chauffage,"Niv -1; local chaufferie: vase d'expansion principal du circuit de chauffage (Reflex). Faisant suite à l'intervention du technicien de la société avec ma présence, il s'est avéré de manière claire que la vessie du vase est percée. Merci de faire le nécessaire afin de la remplacer dès que possible. Merci JC",45729,,1,Thersa,,
T_P1530,45741,Jan Callemeyn,MRS,Plomberie,"Niv -1; petite aile; local réserve: 2 fuites d'eau au plafond sont observées, Merci d'intervenir,",45741,,1,Thersa,,
T_P1532,45758,Jan Callemeyn,MRS,Entretien général,"Echangeur à plaques installation de cogénération: curage de l'échangeur de réserve - remplacement de l'échangeur installé par la réserve - curage de l'échangeur démonté. Le curage doit se réaliser sur le primaire et le secondaire de l'échangeur,",45758,,1,Thersa,,
T_P1534,45762,Jan Callemeyn,MRS,Entretien général,Locaux vides panes: boucher les orifices d'évacuation des eaux usées comme convenu ensemble.,45762,,1,Ouvriers_CPAS,,
T_P1533,45762,Jan Callemeyn,MRS,Entretien général,Niv 1: nouveau bureau; porte d'entrée; changer la serrure afin de la rendre compatible avec les clés de la MRS (Yale ?),45762,,1,Ouvriers_CPAS,,
T_P1536,45763,Jan Callemeyn,MRS,Cuisine,"Girafe cuisine. Merci de faire une priorité de la réparation de la machine, dès que les pièces seront livrées par Luxpro. Merci",45763,,1,Ouvriers_CPAS,,
T_P1537,45769,Jan Callemeyn,MRS,Electricité,"Installation Cogen: erreur 150. Après un reboot de l'installation, l'erreur réapparait immédiatement.",45769,,1,Cogengreen,,
T_P1535,45763,Jan Callemeyn,MRS,Entretien général,"Niv 0; petite aile; local vide panne: remplacer les dalles du plafond tâchées, si tout est bien sec.",45778,,1,Ouvriers_CPAS,,
T_P1547,45846,Jan Callemeyn,MRS,Jardin / extérieur,"Niv 0; terrasse; réfectionner les supports de dales aux endroits critiques, comme observés ce jour. Merci",45846,,,Ouvriers_CPAS,,
T_P1545,45846,Jan Callemeyn,MRS,Electricité,"Niv -1; local technique. Prévoir et installer un bloc multiprise avec interrupeur sur les modules de gestion des TV. Prévoir un marquage ""TV"" sur celui-ci. Merci",45846,,,Ouvriers_CPAS,,
T_P1546,45846,Jan Callemeyn,MRS,Entretien général,Niv 0 zone WC. Infiltration d'eaux émergente du collecteur d'eau de pluie sur la toiture du cantou du rez.,45846,,,Ouvriers_CPAS,,
T_P1559,45852,Jan Callemeyn,MRS,Electricité,Niv +3; HVAC GE2 (extérieur): La sonde de mesure du taux de CO2 semble déffectueuse selon la GTC. Merci,45852,,1,Thersa,,
T_P1579,45854,Jan Callemeyn,MRS,Electricité,"Portes sorties de secours MRS: Vérifier le bon fonctionnement de l'ensemble des rétenteurs magnétiques de celles-ci, lister celles qui dysfonctionne afin  d'envisager  les pièces à commander. Merci",45854,,1,Ouvriers_CPAS,,
T_P1581,45855,Jan Callemeyn,MRS,Entretien général,"Niv 1; couloir central; batterie froide qui coule: Envisager de déplacer la pompe de vidange des condensats à 15 cm de la sortie de la batterie, posée sur le plafond… Comme expliqué oralement, Merci",45855,,1,Ouvriers_CPAS,,
T_P1582,45856,Jan Callemeyn,MRS,Entretien général,"Installation de cogénération: Arrêt sur alarme, niveau d'huile moteur trop bas. En fait il y a toujours de l'huile dans le moteur mais la réserve est vide. Merci pour votre intervention rapide et de nous laisser un peu d'huile de réserve, au cas où, comme déjà fait précédemment,",45856,,1,Cogengreen,,
T_P1588,45861,Jan Callemeyn,MRS,Entretien général,"Nv -1: buanderie; MAL N°3 (celle de droite); prévoir le remplacement des roulements du tambour, Merci",45861,,2,Ouvriers_CPAS,,
T_P1560,45852,Jan Callemeyn,MRS,Peinture,Niv -1: Cuisine: Sas zone propre; réfection revêtement du sol comme prévu avec les produits et conseils du vendeur de chez Sigma.,45873,,2,Ouvriers_CPAS,,
T_P1603,45873,Jan Callemeyn,MRS,Plomberie,"Lance incendie: Prévoir d'en démonter une. L'objectif est d'éventuellement pouvoir réparer celles qui gouttent à moindre frais. Voir avec Hicham pour le choix, avec moi pour le démontage et les pièces. Merci",45873,,2,Ouvriers_CPAS,,
T_P1604,45873,Jan Callemeyn,MRS,Entretien général,Local fumoir. Envisager d'intégrer la fiche électrique du purificateur d'air dans une boîte de dérivation murale. Voir avec Hicham.,45873,,2,Ouvriers_CPAS,,
T_P1610,45880,Jan Callemeyn,MRS,Entretien général,"Niv 0-1-2, hormis la salle polyvalente et le salle Ergo, merci de régler les thermostats +3-3 sur -2 dans les différentes zones. ",45880,,1,Ouvriers_CPAS,,
T_P1633,45889,Jan Callemeyn,MRS,Entretien général,"Niv +3 - HVAC G2 (extérieur): Le régistre motorisé du groupe GP2 est défficient. En interne le problème a été contourné, mais pour l'instant la G2 doit tourner h24 !!! Merci pour votre retour rapide,",45889,,1,Thersa,,
T_P1692,45952,Jan Callemeyn,MRS,Entretien général,"Bonjour, Il reste 180 h (soit 2 semaines) de fonctionnement de l'installation de cogénération. Pouvez-vous planifier la maintenance périodique svp ? Merci de nous prévenir de votre passage",45952,,1,Cogengreen,,
T_P1693,45952,Jan Callemeyn,MRS,Electricité,Merci de planifier l'installation du thermostat fourni relatif aux deux nouveaux ventilateurs installés récemment. Je propose de régler la température souhaitée sur 22°C dans un premier temps. Merci,45952,,1,Ouvriers_CPAS,,
T_P1697,45953,Jan Callemeyn,MRS,Entretien général,Niv -1 local ventilation. Merci de planifier le remplacement des roulements d'un des deux moteur du groupe G4 (celui de gauche). Les roulements sont fournis.,45953,,1,Ouvriers_CPAS,,
T_P1703,45959,Jan Callemeyn,MRS,Entretien général,Niv +2: Vanne TA retour circuits de chauffage. Resserrer encore d'un demi tour toutes les vannes de cet étages. Merci,45959,,1,Ouvriers_CPAS,,
T_P1724,45967,Jan Callemeyn,MRS,Entretien général,"Niv +3: groupe de ventilation GE2 (extérieur, en haut): Remplacer d'urgence les courroies. Merci",45967,,1,Ouvriers_CPAS,,
T_P1731,45978,Jan Callemeyn,MRS,Electricité,Niv -1; local ventilation; nouvelle installation des deux ventilateurs: inverser le contact d'enclenchement des deux moteurs. Merci,45978,,1,Ouvriers_CPAS,,
T_P1742,45986,Jan Callemeyn,MRS,Entretien général,"Niv +2: Circuit de chauffage: Vanes TA; Resserrer encore d'un demi toutes les vannes TA du circuit de chauffage. Merci,",45986,,1,Ouvriers_CPAS,,
T_P1741,45986,Jan Callemeyn,MRS,Entretien général,"Cogen; Je pense à distance, qu'il faut refaire l'appoint d'eau. Si pas possible pour vous je le ferai ce mercredi matin.",45986,,2,Ouvriers_CPAS,,
T_P1761,46000,Jan Callemeyn,MRS,Entretien général,Niv -1 GP5: Quid des tests réalisés relatifs aux bruits suspects ? Merci,46000,,2,Ouvriers_CPAS,,
T_P1764,46001,Jan Callemeyn,MRS,Entretien général,"Niv -1: local serveur: remplacer le moteur de la ventilation de la climatisation qui se situe du côté local de ventilation. Durant cette opération, il est impératif de laisser la porte du local serveur grande ouverte !!! Le nouveau moteur est à disposition. Merci",46001,,2,Ouvriers_CPAS,,
T_P1763,46001,Jan Callemeyn,MRS,Entretien général,"Niv -1: local ventilation; GP5 remplacer les roulements du moteur qui sont à disposition. Idéalement, mettre le groupe à l'arrêt un mardi ou jeudi après-midi après avoir prévenu Alex. Merci",46001,,2,Ouvriers_CPAS,,
T_P1827,46048,Jan Callemeyn,MRS,Chauffage,Niv -1; local chaufferie: remonter à 70 % le niveau d'eau dans le vase d'expansion principal de l'institution. Merci,46048,,1,Ouvriers_CPAS,,
T_P1353,45202,Jessica Greuse,MRS,Entretien général,test,45202,,,Gestionnaire_GTC,,
T_P1357,45204,Jessica Greuse,MRS,Entretien général,Remplacer les dalles du plafond dans le fumoir,45204,1,1,Ouvriers_CPAS,,
T_P1363,45217,Jessica Greuse,MRS,Entretien général,porte coulissante terrasse du deuxième ne ferme plus (salle à manger),45217,30 min,1,Ouvriers_CPAS,,
T_P1362,45217,Jessica Greuse,MRS,Entretien général,"remplacement des plaintes pour: cuisine magnolias, salle à manger Lilas, salle à manger euca (colonne)",45217,1h,1,Ouvriers_CPAS,,
T_P1364,45218,Jessica Greuse,MRS,Entretien général,Poignée de la porte du congélateur pour le frigo dans la chambre 237 cassée,45218,30 min,1,Ouvriers_CPAS,,
T_P1382,45295,Jessica Greuse,MRS,Entretien général,Changer la roulette de protection du lit chambre 33,45295,20,1,Ouvriers_CPAS,,
T_P1384,45295,Jessica Greuse,MRS,Entretien général,verrous à changer pour la porte de salle de bain chambre 33,45295,30,1,Ouvriers_CPAS,,
T_P1385,45295,Jessica Greuse,MRS,Entretien général,changer ampoule salle de bain chambre 33,45295,10,1,Ouvriers_CPAS,,
T_P1383,45295,Jessica Greuse,MRS,Entretien général,tablette de repas chambre 33 à recoller,45295,20,1,Ouvriers_CPAS,,
T_P1387,45301,Jessica Greuse,MRS,Entretien général,lampe frigo chambre 228 à changer,45301,5,1,Ouvriers_CPAS,,
T_P1388,45301,Jessica Greuse,MRS,Entretien général,la télévision de la chambre 18 ne fonctionne plus,45301,5,1,Ouvriers_CPAS,,
T_P1389,45303,Jessica Greuse,MRS,Entretien général,ATTACHES A REMETTRE A LA TENTURE ET AU RIDEAU DE DOUCHE CHAMBRE 237,45303,10,1,Ouvriers_CPAS,,
T_P1392,45307,Jessica Greuse,MRS,Entretien général,l'attache du miroir de la chambre 228 est cassée. En haut à droite,45307,10,1,Ouvriers_CPAS,,
T_P1393,45307,Jessica Greuse,MRS,Electricité,spot lumineu salle de bain chambre 125 ne fonctionne plus,45307,5,1,Ouvriers_CPAS,,
T_P1394,45307,Jessica Greuse,MRS,Entretien général,grille protectrice du sterput sdb chambre 125 manquant,45307,5,1,Ouvriers_CPAS,,
T_P1395,45310,Jessica Greuse,MRS,Sanitaire,planche wc visiteur homme 1er étage cassée ,45310,10,1,Ouvriers_CPAS,,
T_P1397,45310,Jessica Greuse,MRS,Entretien général,vérifier les planches des wc dans les cantous,45310,30,1,Ouvriers_CPAS,,
T_P1396,45310,Jessica Greuse,MRS,Electricité,lampe ne fonctionne plus wc homme personnel 1er étage,45310,10,1,Thersa,,
T_P1398,45314,Jessica Greuse,MRS,Entretien général,attache manquante rideau de douche chambre 5,45314,1,1,Ouvriers_CPAS,,
T_P1400,45314,Jessica Greuse,MRS,Entretien général,manque rideau de douche ch 9,45314,1,1,Ouvriers_CPAS,,
T_P1399,45314,Jessica Greuse,MRS,Entretien général,rideau de douche manquant ch 30,45314,1,1,Ouvriers_CPAS,,
T_P1402,45314,Jessica Greuse,MRS,Entretien général,planche de wc à visser ch 109,45314,1,1,Ouvriers_CPAS,,
T_P1401,45314,Jessica Greuse,MRS,Electricité,"tirettes lampes, lampes, néons et télérupteurs à changer voir liste Ronald",45314,10 j,2,Ouvriers_CPAS,,
T_P1404,45317,Jessica Greuse,MRS,Entretien général,visser planche de wc ch 109,45317,5,,Ouvriers_CPAS,,
T_P1403,45317,Jessica Greuse,MRS,Entretien général,"rideau de douche manquant ch 5,9,30",45317,10,1,Ouvriers_CPAS,,
T_P1406,45320,Jessica Greuse,MRS,Entretien général,tenture ch 20 à réparer,45320,1,1,Ouvriers_CPAS,,
T_P1410,45322,Jessica Greuse,MRS,Entretien général,remplacer serrure casier 83 vestiaire des filles ,45322,1,1,Ouvriers_CPAS,,
T_P1411,45323,Jessica Greuse,MRS,Entretien général,détartrage du percolateur de la cafet,45323,1 h,2,Ouvriers_CPAS,,
T_P1415,45342,Jessica Greuse,MRS,Jardin / extérieur,enlever le lierre sur le grillage qui sépare l'entrée du parking des habitations,45342,2h,2,Ouvriers_CPAS,,
T_P1417,45344,Jessica Greuse,MRS,Electricité,"changer les luminères qui ne fonctionnent plus, matériel disponible voir avec Michel",45344,1h,1,Thersa,,
T_P1420,45365,Jessica Greuse,MRS,Electricité,cable du serveur ,45365,1/2 journée,1,Ouvriers_CPAS,,
T_P1421,45366,Jessica Greuse,MRS,Entretien général,PLAINTE DECOLLEE AUX LILAS MUR MAUVE DE DROITE DANS SALLE TELE,45366,30,1,Ouvriers_CPAS,,
T_P1422,45369,Jessica Greuse,MRS,Entretien général,réparer la serrure de l'armoire dans mon bureau,45369,10 min,1,Ouvriers_CPAS,,
T_P1423,45369,Jessica Greuse,MRS,Entretien général,bouton alarme au-dessus du lit abîmé CH 131,45369,5 min,1,Ouvriers_CPAS,,
T_P1424,45372,Jessica Greuse,MRS,Entretien général,Faire l'entretien des sèches linges et machines à laver le linge. Ainsi que créer un nouveau programme pour chaque machines à laver. Prévenir par mail pour la date de passage pour que Me Greuse Jessica soit présente. ,45372,1,1,Primus,,
T_P1429,45390,Jessica Greuse,MRS,Plomberie,"L'urinoir des wc hommes visiteurs fuit, celui de droite, Niveau 0",45390,30,1,Thersa,,
T_P1430,45390,Jessica Greuse,MRS,Plomberie,le robinet de l'évier wc femmes visiteurs fuit. Niveau 0,45390,10,1,Thersa,,
T_P1431,45400,Jessica Greuse,MRS,Plomberie,robinet chambre 35 au cantou à changer,45400,30,1,Thersa,,
T_P1436,45435,Jessica Greuse,MRS,Parc voitures,Vérifier l'état de la Peugeot Partner ,45435,5min,1,Ouvriers_CPAS,,
T_P1466,45538,Jessica Greuse,MRS,Entretien général,trier les frigos à la réserve pour jetter ou réparer ce qui peuvent l'être.,45538,30 min,1,Ouvriers_CPAS,,
T_P1542,45804,Liora Bruno,MRS,Entretien général,test,45804,,1,Gestionnaire_GTC,,
T_P049,43795,Michel Quinchon,MRS,Menuiserie,porte coulissante SDB ch 208,43795,1,1,Ouvriers_CPAS,Ouvriers_CPAS,
T_P110,43837,Michel Quinchon,MRS,Electricité,Vérification de l'ensemble des tubes TL dans toute la MRS. Remplacement des tubes déffectueux par des tubes LED (moins onéreux) A voir avec Michel Quinchon,43837,,,Thersa,,
T_P209,43895,Michel Quinchon,CPAS,Entretien général,placer 3 boîtes a courrier bureau Corrine ,43895,1h,2,Ouvriers_CPAS,,
T_P307,43991,Michel Quinchon,MRS,Entretien général,Caméra de surveillance extérieur coté PARKING : problème de connexion,43991,,1,Thersa,,
T_P306,43991,Michel Quinchon,MRS,Entretien général,Infiltration d'eau bureau brigadier maintenance par forte pluie,43991,,1,Thersa,,
T_P727,44343,Michel Quinchon,MRS,Electricité,"Remplacement bouton poussoir rouge sous vitre pour alerte et/ou alarme entrée cuisine zone sale,",44343,,1,Thersa,,
T_P778,44382,Michel Quinchon,mrs,Jardin / extérieur,remettre les panneaux de la clôture,44382,,3,Ouvriers_CPAS,,
T_P812,44413,Michel Quinchon,MRS,Sanitaire,plus d'eau au wc,44413,,1,Ouvriers_CPAS,,
T_P838,44426,Michel Quinchon,MRS,Sanitaire,chambre 003 wc bouché,44426,,1,Ouvriers_CPAS,,
T_P845,44432,Michel Quinchon,MRS,Sanitaire,Fuite dans le plafond dans le bureau de Christelle au 1ier étage,44432,,,Ouvriers_CPAS,,
T_P846,44433,Michel Quinchon,MRS,Entretien général,nettoyer les 2 extracteurs de la buanderie,44433,,1,Ouvriers_CPAS,Ouvriers_CPAS,
T_P848,44435,Michel Quinchon,MRS,Electricité,"1ier étage , aile B lampe de secours deffectueuse",44435,,1,Thersa,,
T_P850,44435,Michel Quinchon,MRS,Electricité,"1ier étage cantou, lampe de secours deffectueuse ( devant bureau econome)",44435,,1,Thersa,Thersa,
T_P849,44435,Michel Quinchon,MRS,Electricité,RDC aile B lampe de secours deffectueuse,44435,,1,Thersa,Thersa,
T_P867,44460,Michel Quinchon,MRS,Electricité,"Niveau - 1, problème d'alimentation de la gâche des portes d'accès au couloir des chambres froides et au couloir d'accès à la buanderie: Absence de tension",44460,,1,Televic,,
T_P868,44463,Michel Quinchon,MRS,Entretien général,"Machine à laver Primus N°1 en panne: Déclenchement disjoncteur d'alimentation. Les deux petits fusibles en verre à l'arrière de la machine sont fondus également,",44463,,1,Primus,,
T_P929,44558,Michel Quinchon,MRS,Plomberie,siphon douche ch221 cassé,44558,,,Thersa,,
T_P966,44603,Michel Quinchon,MRS,Plomberie,RDC WC du personnel coté fumoier l'urinoir la chasse coule ,44603,,1,Thersa,,
T_P983,44627,Michel Quinchon,MRS,Sanitaire,chambre 26 eau bouillante douche ( mitijeur),44627,,1,Thersa,,
T_P1058,44713,Michel Quinchon,MRS,Chauffage,problème de fuite au niveau du ballon tampon congen,44713,,1,Thersa,,
T_P1082,44746,Michel Quinchon,MRS,Electricité,"1er étage escalier de secourt a coté de la salle a mangé, applique murale a changé  ",44746,,,Thersa,,
T_P1080,44746,Michel Quinchon,MRS,Electricité,"2eme étage sortie de secourt près de l’office, sur le palier 2 néon a changé ",44746,,,Thersa,,
T_P1081,44746,Michel Quinchon,MRS,Electricité,"1er étage porte de secourt face a la salle a mangé, Bloc de secourt batterie a changé ",44746,,,Thersa,,
T_P1079,44746,Michel Quinchon,MRS,Electricité,"Escalier de secours en passant par le bureau de la cuisine, au Niveau 0 bloc de secourt au déçu de la porte de secourt qui conduit à la terrasse batterie a changé.",44746,,,Thersa,,
T_P1088,44749,Michel Quinchon,MRS,Entretien général,Niv -1: WC couloir cuisine: lave main: fuite d'eau: casser le carrelage fissuré afin de détecter l'origine du probleme,44749,,1,Ouvriers_CPAS,,
T_P1142,44823,Michel Quinchon,MRS,Entretien général,Une liste des tâches se trouve au local serveur (14 tâches) veuillez effectuer la totalité de cette liste avent de clôturé cette tâche merci   ,44823,,,Thersa,,
T_P1182,44904,Michel Quinchon,MRS,Entretien général,"Niv +1, local infirmier: Lecteur de badge abimé /// Niv -1, vestiaire dame: Lecteur de badge non fonctionnel. Demander le brigadier sur site pour plus de détails",44904,,1,Televic,,
T_P1253,45022,Michel Quinchon,MRS,Electricité,"Blocs d'éclairage de secours: Le check périodique (réalisé en interne) a mis en évidence que: 16 batteries sont à changer; 6 blocs de secours complets sont à changer; 5 blocs de secours IP65 (sous-sol) sont à changer. La liste complète est affichée au local serveur, ainsi que tous les plans de position précisant la localisation des points lumineux de secours en pannes. Merci de prévoir le matériel rapidemment et de planifier cette intervention majeure.",45022,,1,Thersa,,
T_P1268,45043,Michel Quinchon,MRS,Electricité,"Problème sur un exutoire suit un remplacement du moteur, l’exutoire et bien fermé mais l’afficheur indique qu’il et ouvert, pour l’emplacement de l’exutoire demandé au service technique MSR",45043,,1,Thersa,,
T_P1289,45078,Michel Quinchon,MRS,Electricité,panne sur un switch Televic RDZ aile B a remplace ,45078,1,1,Thersa,,
T_P1340,45177,Michel Quinchon,MRS,Plomberie,Niv 0: chambre 004: Siphon de douche cassé. Fuite d'eau. Douche mise HS.,45177,,,Thersa,,
T_P1347,45184,Michel Quinchon,MRS,Sanitaire,"chambre 138, mitigeur douche a remplacé",45184,1,1,Thersa,,
T_P1354,45202,Michel Quinchon,MRS,Electricité,"Panne sur les afficheurs televic au 1er étage, affiche plus les numéros des chambres ",45202,1,1,Thersa,,
T_P1414,45341,Michel Quinchon,MRS,Entretien général,bloc de secours voir list dans la salle serveur ,45341,,1,Thersa,,
T_P1453,45502,Michel Quinchon,MRS,Electricité,bloc de secours voir list dans la salle serveur ,45502,,,Thersa,,
T_P1481,45579,Michel Quinchon,MRS,Plomberie,"urinoir du personnelle, coté fumoir fuite d'eau au niveau du dessus joint à changer",45579,,1,Thersa,,
T_P1505,45642,Michel Quinchon,MRS,Plomberie,probléme de fuite du lavabo qui vient de la chambre 211 et qui impacte la chambre 111,45642,,,Thersa,,
T_P1508,45664,Michel Quinchon,MRS,Electricité,"2 néons à changer, cage de secours pour aller au puit et 1 néon, cage de secourt près du bureau brigadier",45664,,1,Thersa,,
T_P1514,45679,Michel Quinchon,MRS,Electricité,"bloc de secours, voir list dans la salle serveur + la liste déjà mise  ",45679,,1,Thersa,,
T_P1516,45691,Michel Quinchon,MRS,Electricité,"lampe a changé 2émé étage, toilette du personelle, ",45691,,1,Thersa,,
T_P1517,45691,Michel Quinchon,MRS,Electricité,"salle de bain 2éme etage aile B, 2 lampe à changer",45691,,1,Thersa,,
T_P1519,45700,Michel Quinchon,MRS,Plomberie,"robinet lave main à changer, toilette dame à l'accueil",45700,,1,Thersa,,
T_P1520,45707,Michel Quinchon,MRS,Electricité,"chambre 8, sonnette d'appel infirmier dans la toilette à remplacer complète, chambre 232, appel infirmier au-dessus du lit défectueux + manque une sonnette près de la TV",45707,,1,Televic,,
T_P1523,45712,Michel Quinchon,MRS,Plomberie,"URGENT!!!!!! Pouvez-vous remplacé le mitigeur dans la chambre 123, probléme de réglage eau chaud et froide, à changé absolument !!!!!!!",45712,,1,Thersa,,
T_P1524,45712,Michel Quinchon,MRS,Plomberie,"URGENT!!!!!! Pouvez-vous remplacé le mitigeur de la douche  dans la chambre 123, probléme de réglage eau chaud et froide, à changé absolument !!!!!!!",45712,,1,Thersa,,
T_P1528,45729,Michel Quinchon,MRS,Electricité,"les deux sonettes chambre 112  SDB ne fonction pas, pouvez-vous intervenir rapidement merci ",45729,,1,Televic,,
T_P1541,45800,Michel Quinchon,MRS,Plomberie,"Chambre 018: niv 0 - petite aile; Wc coule, Merci",45800,,1,Thersa,,
T_P002,43753,Olivier Deltenre,MRS,Plomberie,Vérification de l'humidité en dessous des cabines de douche des chambres 33-34 cantou niveau 0,43753,0.5h,2,Ouvriers_CPAS,Thersa,
T_P001,43753,Olivier Deltenre,MRS,Electricité,Intervention éclairage zone de stockage - local technique,43753,1h,2,Ouvriers_CPAS,,
T_P008,43761,Olivier Deltenre,MRS,Electricité,Intervention éclairage zone de stockage - local technique,43761,1h,2,Ouvriers_CPAS,,
T_P053,43797,Olivier Deltenre,MRS,Entretien général,"remplacer les frigo ch: 208, ch 023, ch: 015",43797,1h,2,Ouvriers_CPAS,,
T_P058,43798,Olivier Deltenre,MRS,Entretien général,"remplacer frigos ch: 005, 015, 023, 104, 110, 115, 118, 122, 123 et 208",43798, 4h,2,Ouvriers_CPAS,,
T_P069,43804,Olivier Deltenre,MRS,Cogénération,"Entretien périodique. Reste 180h, soit 10 jours",43804,2h,,Cogengreen,Ouvriers_CPAS,Gestionnaire_GTC
T_P119,43840,Olivier Deltenre,MRS,peinture,repeindre mur chambre Descamps romaine CH 122,43840,1h,1,Ouvriers_CPAS,,
T_P118,43840,Olivier Deltenre,MRS,Menuiserie,"niveau+3, porte extérieure côté EST GP2 mauvais verrrouillage",43840,1,1,Ouvriers_CPAS,,
T_P121,43842,Olivier Deltenre,MRS,Jardin / extérieur,"alteria va tailler les cotoneaster le long du parking jeudi matin, interdire le parking des voitures dans cette zone",43846,1h,2,Ouvriers_CPAS,,
T_P123,43843,Olivier Deltenre,MRS,HVAC,Banquet à midi dans la salle polyvalente dès 11h30,43848,5h,1,Gestionnaire_GTC,,
T_P142,43857,Olivier Deltenre,MRS,Electricité,"Mise en conformité  mise à la terre de la Haute tension suite aux constats faits par BTV. Devis pour réalisation de cette tâche, les ouvriers de l'ADV peuvent effectuer les tranchées",43857,2,2,Thersa,Ouvriers_CPAS,
T_P181,43878,Olivier Deltenre,MRS,Cogénération,"Il reste 200h au compteur soit environ 15 jours, Merci de prévoir un entretien",43878,2h,1,Cogengreen,Ouvriers_CPAS,Gestionnaire_GTC
T_P462,44126,Olivier Deltenre,MRS,Electricité,Remplacement ampules spots parking via nacelle communale,44126,1,2,Ouvriers_CPAS,,
T_P459,44126,Olivier Deltenre,MRS,Buanderie - Cuisine,Installation système automatique de produit k1 zone vaisselle,44126,1,2,Ouvriers_CPAS,,
T_P463,44126,Olivier Deltenre,mrs,Electricité,"Mise à jour plans électricité, schémas unifilaires",44126,,2,Ouvriers_CPAS,,
T_P461,44126,Olivier Deltenre,MRS,Electricité,remplacement des 4 spots de l'Esplanade par des Led,44126,4,2,Ouvriers_CPAS,,
T_P460,44126,Olivier Deltenre,MRS,Chauffage,remplacement circulateur pompe à chaleur,44126,4h,2,Ouvriers_CPAS,,
T_P465,44126,Olivier Deltenre,mrs,Entretien général,Création séparation Haute tension - basse tension,44126,2j,2,Ouvriers_CPAS,,
T_P464,44126,Olivier Deltenre,CPAS,Electricité,Remplacement néon Président,44126,30',1,Ouvriers_CPAS,,
T_P458,44126,Olivier Deltenre,MRS,Buanderie - Cuisine,"Installation d'un système de comptage de l'eau de pluie réinjectée dans le circuit sanitaire WC de la MRS, J'assure le installation d'un système automatique de distribution de produit K1 local vaisselle",44126,1,2,Ouvriers_CPAS,,
T_P477,44138,Olivier Deltenre,MRS,Buanderie - Cuisine,Placement de rail INOX pour protéger prise murale cuisine,44138,4,2,Ouvriers_CPAS,,
T_P614,44270,Olivier Deltenre,MRS,Entretien général,"Prendre contact avec le service technique de Magec et Pelzer pour les informer de la présence du badge dans un coffret à l'accueil. Définir un code secret pour les deux coffrets et en informer les sociétés,",44270,,1,Ouvriers_CPAS,,
T_P634,44284,Olivier Deltenre,MRS,Jardin / extérieur,Sortir le mobilier des terrasses,44285,1h,2,Ouvriers_CPAS,,
T_P664,44307,Olivier Deltenre,MRS,Electricité,Remplacement des ampoules de l'allée et de la rampe par du LED,44307,,2,Ouvriers_CPAS,,
T_P678,44312,Olivier Deltenre,MRS,Electricité,Reprogrammer tous les détecteurs infrarouges des WC avec l'aide de la nouvelle télécommande Legrand,44312,3h,1,Ouvriers_CPAS,,
T_P682,44313,Olivier Deltenre,MRS,Entretien général,"Maintenance période de notre installation de cogénération. Il reste 185 h au compteur. A raison de 15h de fonctionnement au quotidien en moyenne,",44313,,1,Cogengreen,,
T_P693,44319,Olivier Deltenre,MRS,Entretien général,Réparation parcours de marche terrasse 1er étage,44319,3 jours,2,Ouvriers_CPAS,,
T_P694,44319,Olivier Deltenre,MRS,Entretien général,Réparation dalle de terrasse cafétéria,44319,1 jour,2,Ouvriers_CPAS,,
T_P692,44319,Olivier Deltenre,MRS,Plomberie,Contacter Globalnet pour réparation système de distribution K1 en cuisine,44319,1h,1,Ouvriers_CPAS,,
T_P750,44364,Olivier Deltenre,MRS,Entretien général,Rouvrir toutes les bouches de pulsion dans les couloirs de la MRS. Le niveau d'ouverture doit être d'environ un doigt de passage.,44364,,1,Ouvriers_CPAS,,
T_P695,44378,Olivier Deltenre,MRS,Jardin / extérieur,Création d'une Pergolas au 2ème EUCALYPTUS,44378,2,2,Ouvriers_CPAS,,
T_P791,44393,Olivier Deltenre,MRS,Plomberie,Problème d'odeur dans bureau direction,44393,4,2,Ouvriers_CPAS,Thersa,
T_P827,44420,Olivier Deltenre,MRS,Peinture,"Extension local repassage buanderie: prévoir et réaliser la réfection du sol et des murs en harmonie avec le local existant en fonction,",44420,,1,Ouvriers_CPAS,,
T_P828,44420,Olivier Deltenre,MRS,Entretien général,Extension local repassage buanderie: vider totalement le local en vue de son nouvel aménagement,44420,,2,Ouvriers_CPAS,Entretien,
T_P839,44427,Olivier Deltenre,MRS,Entretien général,Niv 3 : tôle de bardage coté sud à refixer,44427,,2,Ouvriers_CPAS,,
T_P851,44439,Olivier Deltenre,MRS,Electricité,Electricité BT MRS: Remplacer les disjoncteurs dont le pouvoir de coupure n'est pas adapté à la réglementation en vigueur,44439,,2,Ouvriers_CPAS,,
T_P852,44439,Olivier Deltenre,MRS,Entretien général,"Esplanade: refaire le joint cimenté entre les carreaux et la rampe en tarmac,",44439,,1,Ouvriers_CPAS,,
T_P894,44496,Olivier Deltenre,MRS,Entretien général,"Demande de maintenance périodique sur notre installation de cogénération, Il reste 180 h au compteur et elle fonctionne 15 h / jour. Merci",44496,,,Cogengreen,,
T_P912,44539,Olivier Deltenre,MRS,Jardin / extérieur,Enlever les jardinières installées sur la terrasse du rez.,44539,,2,Ouvriers_CPAS,,
T_P924,44551,Olivier Deltenre,MRS,Entretien général,Problèem système d'appel TELEVIC : Certains écrans de chambre en panne,44551,2,1,Televic,Thersa,
T_P999,44650,Olivier Deltenre,MRS,Entretien général,"Niveau 0; Eslpanade: Refaire le joint d'étanchéité sur le pourtour de celle-ci avec un produit adéquat,",44650,,2,Ouvriers_CPAS,,
T_P1054,44701,Olivier Deltenre,MRS,Entretien général,Relevé de compteur eau tous les matins à la même heure (c'est important) durant 30 jours w-e et fériés compris,44704,5',2,Ouvriers_CPAS,,
T_P1099,44762,Olivier Deltenre,MRS,Menuiserie,Placer un barrilet sur 1 armoire dans mon bureau,44762,,,Ouvriers_CPAS,,
T_P1097,44762,Olivier Deltenre,MRS,Sanitaire,Remplacement évier salle de bain commune du court-séjour + remettre un pommeau de douche,44762,,1,Ouvriers_CPAS,,
T_P1140,44820,Olivier Deltenre,mrs,Entretien général,déplacer vers l'avant le projecteur à la salle cinéma pour que les images soient mieux placées sur l'écran,44823,1,1,Ouvriers_CPAS,,
T_P1203,44959,Olivier Deltenre,MRS,Menuiserie,Réparer les coffres des locaux d'entretien pour sécuriser les produits (demandé depuis 2 mois!),44959,,1,Ouvriers_CPAS,,
T_P1299,45092,Olivier Deltenre,MRS,Jardin / extérieur,Nettoyage au Karcher de la terrasse de la cafétéria,45092,4,1,Ouvriers_CPAS,,
T_P1300,45092,Olivier Deltenre,MRS,Entretien général,Nettoyage au Karcher de la terrasse du 1er étage,45093,4,1,Ouvriers_CPAS,,
T_P1301,45092,Olivier Deltenre,MRS,Entretien général,Nettoyage karcher terrasse 2ème étage,45096,4,1,Ouvriers_CPAS,,
T_P025,43768,Sabine Dieu,MRS,Buanderie - Cuisine,"Pompe distribution produit SumaD2 zone salle, fonction à l'envers",43768,,1,Ouvriers_CPAS,Johnson diversey,
T_P037,43777,Sabine Dieu,MRS,Electricité,percolateur fait sauter les plombs,43777,,,Ouvriers_CPAS,,
T_P039,43789,Sabine Dieu,Roseraie,Chauffage,roseraie n° 11 : plus de chauffage,43789,,,Ouvriers_CPAS,,
T_P042,43791,Sabine Dieu,MRS,Sanitaire,un wc public serait bouché au 1er,43791,10m,1,Ouvriers_CPAS,,
T_P043,43791,Sabine Dieu,MRS,Plomberie,il y aurait une fuite au vide panne du cantou du rez,43791,,,Ouvriers_CPAS,,
T_P045,43794,Sabine Dieu,MRS,Plomberie,problème de chasse d'eau à la chambre 37 cantou du rez,43794,,1,Ouvriers_CPAS,,
T_P046,43794,Sabine Dieu,MRS,Entretien général,la porte coulissante de la salle de bain de la chambre 207 est difficile à fermer,43794,,2,Ouvriers_CPAS,,
T_P047,43794,Sabine Dieu,MRS,Sanitaire,la planche de wc de la chambre 219 est cassée,43794,,1,Ouvriers_CPAS,,
T_P050,43795,Sabine Dieu,MRS,Entretien général,"est-il possible d'aller mettre 3 ""cordes"" au rail dans la chambre 27 (cantou du rez) afin d'y pendre des cadres",43795,20m,1,Ouvriers_CPAS,,
T_P048,43795,Sabine Dieu,MRS,Entretien général,la porte coulissante de la chambre 208 est difficile à ouvrir,43795,,,Ouvriers_CPAS,,
T_P056,43797,Sabine Dieu,MRS,Entretien général,placer les appareils de papier wc dans tous les wc publics,43797,,,Ouvriers_CPAS,,
T_P055,43797,Sabine Dieu,MRS,Entretien général,changer l'appareil de savon pour les mains dans bureau Christelle,43797,15m,1,Ouvriers_CPAS,,
T_P060,43801,Sabine Dieu,MRS,Sanitaire,ch 024 pas de bouchon au lavabo,43801,15m,1,Ouvriers_CPAS,,
T_P066,43804,Sabine Dieu,MRS,Sanitaire,wc bouché à la chambre 102 ,43804,,1,Ouvriers_CPAS,,
T_P065,43804,Sabine Dieu,MRS,Entretien général,au rez cantou aller raccrocher la tenture au niveau du salon côté sortie de secours,43804,,,Ouvriers_CPAS,,
T_P070,43805,Sabine Dieu,MRS,Entretien général,regarder l'auto laveuse,43805,,1,Ouvriers_CPAS,,
T_P073,43808,Sabine Dieu,MRS,Electricité,office infi rez: le cache de la prise électrique sous le bureau est détachée,43808,,,Ouvriers_CPAS,,
T_P075,43809,Sabine Dieu,MRS,Electricité,un spot clignotte dans la grande aile du rez au niveau de la descente vers les vestiaires,43809,,,Ouvriers_CPAS,,
T_P080,43810,Sabine Dieu,MRS,Entretien général,percolateur du cantou du 1er à vérifier: tout déborde quand on fait le café,43810,,,Ouvriers_CPAS,,
T_P100,43833,Sabine Dieu,MRS,Entretien général,percolateur du rez à détartrer,43833,,1,Ouvriers_CPAS,,
T_P106,43836,Sabine Dieu,MRS,Plomberie,cuisine eucalyptus: eau coule sous l'évier,43836,,,Ouvriers_CPAS,,
T_P105,43836,Sabine Dieu,MRS,Plomberie,cuisine du rez: eau qui coule sous l'évier (joint),43836,,,Ouvriers_CPAS,,
T_P120,43840,Sabine Dieu,MRS,Sanitaire,wc homme au rez côté bureaux: un urinoire fuite ce qui provoque des mauvaises odeurs ( pas de sterfput),43840,,,Ouvriers_CPAS,,
T_P129,43846,Sabine Dieu,MRS,Entretien général,chambre124: les freins de la chaise roulante ne fonctionnent plus,43846,,,Ouvriers_CPAS,,
T_P130,43846,Sabine Dieu,MRS,Sanitaire,il n'y a pas d'eau au niveau d'un urinoire du 1er,43846,,,Ouvriers_CPAS,,
T_P134,43851,Sabine Dieu,MRS,Entretien général,remplacer un distributeur de papier mains dans la zone flexcool,43851,,,Ouvriers_CPAS,,
T_P132,43851,Sabine Dieu,MRS,Sanitaire,la chasse de la chambre 11 coule en continu,43851,,,Ouvriers_CPAS,,
T_P136,43852,Sabine Dieu,MRS,Plomberie,évier  de la cuisine du cantou du rez coule,43852,15m,1,Ouvriers_CPAS,,
T_P137,43852,Sabine Dieu,MRS,Sanitaire,remettre un support de brosse à wc : chambre 234,43852,,,Ouvriers_CPAS,,
T_P139,43854,Sabine Dieu,MRS,Buanderie - Cuisine,"pompe distributeur Suma D2 zone salle, soucis de raccord  dès que l'on demande de l'eau",43854,,,Ouvriers_CPAS,Johnson diversey,
T_P140,43854,Sabine Dieu,MRS,Buanderie - Cuisine,cuisine: remplacer le distibuteur de produit Suma D1 dans la pièce  du lave vaisselle casseroles,43854,,,Ouvriers_CPAS,,
T_P138,43854,Sabine Dieu,MRS,Entretien général,vérifier le système de fermeture de la porte au rez qui donne sur les escaliers pour les vestiaires,43854,15m,1,Ouvriers_CPAS,,
T_P157,43864,Sabine Dieu,MRS,Electricité," cantou du 1er la prise ne fonctionne pas dés que l'on branche le chariot des soupers, La taque fonctionne mais pas le chariot",43864,,,Ouvriers_CPAS,,
T_P161,43865,Sabine Dieu,MRS,Electricité,"une résidente a tiré trop fort sur la sonnette se trouvant dans les wc du rez (au niveau du salon avec le billard) , la sonnette ne s'arrête plus",43865,,,Ouvriers_CPAS,,
T_P163,43867,Sabine Dieu,MRS,Entretien général,réparer une cassette dans le vestiaire des femmes d'entretien ( mettre une patte),43867,,,Ouvriers_CPAS,,
T_P164,43867,Sabine Dieu,MRS,Entretien général,2 cassettes sont à réparer dans le vestiaire des hommes de cuisine,43867,,,Ouvriers_CPAS,,
T_P162,43867,Sabine Dieu,MRS,Buanderie - Cuisine,dédoubler les cassettes des hommes de cuisine et mettre le bloc de 3 chez les femmes d'entretien,43867,,,Ouvriers_CPAS,,
T_P166,43871,Sabine Dieu,MRS,Buanderie - Cuisine,remplacer 2 distributeurs de savon en cuisine ( voir avec Chantal),43871,,,Ouvriers_CPAS,,
T_P165,43871,Sabine Dieu,MRS,Sanitaire,dans le wc des femmes du 1er (au milieu) la chasse d'eau ne coule plus correctement ,43871,,,Ouvriers_CPAS,Thersa,
T_P177,43878,Sabine Dieu,MRS,Entretien général,mettre des attaches pour cadres dans la chambre 138,43878,,,Ouvriers_CPAS,,
T_P176,43878,Sabine Dieu,MRS,Sanitaire,planche de wc cassée à la chambre 1,43878,,,Ouvriers_CPAS,,
T_P192,43889,Sabine Dieu,MRS,Sanitaire,chambre 223 le support de la brosse wc est détaché du mur,43889,,,Ouvriers_CPAS,,
T_P193,43892,Sabine Dieu,MRS,Electricité,percolateur des magnolias ne fonctionne plus,43892,,1,Ouvriers_CPAS,,
T_P199,43894,Sabine Dieu,MRS,Entretien général,la porte coupe feu (au sous-sol)qui sépare les vestiaires cuisine à l'ascenseur ne se ferme plus,43894,,,Ouvriers_CPAS,,
T_P210,43895,Sabine Dieu,MRS,Entretien général, à la grande aile des oliviers : le vide panne s'ouvre sans la carte,43895,,,Ouvriers_CPAS,,
T_P205,43895,Sabine Dieu,MRS,Sanitaire,au 1er une chasse d'eau coule dans un des wc dame (face à l'ascenseur propre),43895,,,Ouvriers_CPAS,,
T_P211,43895,Sabine Dieu,MRS,Entretien général,la porte coupe feu face à la salle à manger des oliviers ne se ferme plus,43895,,,Ouvriers_CPAS,,
T_P216,43899,Sabine Dieu,MRS,Sanitaire,soucis au niveau d' un urinoire au rez côté grand salon ( le 1er) coule au niveau du tuyau,43899,,,Ouvriers_CPAS,,
T_P217,43899,Sabine Dieu,MRS,Entretien général,le serrure de la porte qui donne sur le quai côté sale ne tiens plus,43899,,,Ouvriers_CPAS,,
T_P218,43899,Sabine Dieu,MRS,Sanitaire,chambre 230 est sans chasse,43899,,,Ouvriers_CPAS,,
T_P220,43900,Sabine Dieu,MRS,Entretien général,chambre 02: il y a de l'eau qui passe au chassis d'une fenêtre,43900,,,Ouvriers_CPAS,,
T_P221,43901,Sabine Dieu,MRS,Entretien général, infiltration d'eau au 1er au niveau de la salle de cinéma et prés de la salle à manger des oliviers,43901,,,Ouvriers_CPAS,,
T_P227,43902,Sabine Dieu,MRS,Sanitaire,chambre 02 wc bouché,43902,,,Ouvriers_CPAS,,
T_P228,43903,Sabine Dieu,MRS,Entretien général,une serrure est a revisser pour une cassette dans le vestiaire femme,43903,,,Ouvriers_CPAS,,
T_P234,43909,Sabine Dieu,MRS,Entretien général,une serrure est a revisser pour une cassette dans le vestiaire femme,43909,,,Ouvriers_CPAS,,
T_P233,43909,Sabine Dieu,MRS,Entretien général,chambre 231 plus possible de fermer un chassis,43909,,,Ouvriers_CPAS,,
T_P237,43915,Sabine Dieu,MRS,Sanitaire,chambre 214 n'a plus d'eau au niveau de sa chasse,43915,,,Ouvriers_CPAS,,
T_P240,43921,Sabine Dieu,MRS,Entretien général,Chambre 022 la clinche de porte d'une garde robe est détachée,43921,,,Ouvriers_CPAS,,
T_P241,43922,Sabine Dieu,MRS,Electricité,il n'y a plus de lunmière dans une douche dans le vestiaire des femmes d'entretien,43922,,,Ouvriers_CPAS,,
T_P242,43923,Sabine Dieu,MRS,Entretien général,la porte du bar est à réparer,43923,,,Ouvriers_CPAS,,
T_P248,43929,Sabine Dieu,MRS,Plomberie,cuisine du rez: de l'eau coule en dessous de l'évier,43929,,,Ouvriers_CPAS,,
T_P250,43930,Sabine Dieu,MRS,Sanitaire,"wc du personnel derrière le réfectoire, il y a un urinoire de bouché",43930,,,Ouvriers_CPAS,,
T_P271,43950,Sabine Dieu,MRS,Sanitaire,le lavabo de la chambre 029 (cantou du rez) est bouché,43950,,,Ouvriers_CPAS,,
T_P280,43958,Sabine Dieu,MRS,Entretien général,une porte de la salle de bain ne s'ouvre plus à la chambre 213,43958,,,Ouvriers_CPAS,,
T_P279,43958,Sabine Dieu,MRS,Entretien général,eucalyptus au niveau de la grande aile soucis de porte au vide panne,43958,,,Ouvriers_CPAS,,
T_P282,43959,Sabine Dieu,MRS,Buanderie - Cuisine,soucis au niveau du robinet d'eau chaude du lavabo dans la zone propre: il n'y a plus d'eau chaude,43959,,,Ouvriers_CPAS,,
T_P291,43964,Sabine Dieu,MRS,Sanitaire,dans les wc femmes près des bureaux au rez l'intrrupteur de la toilette handicapée est renfoncé,43964,,,Ouvriers_CPAS,,
T_P292,43964,Sabine Dieu,MRS,Sanitaire,un urinoire coule par en dessous au niveau des wc qui se trouvent dans le petit salon,43964,,,Ouvriers_CPAS,,
T_P295,43970,Sabine Dieu,MRS,Electricité,"voir les chambres 105,120 et 124 soucis d'ampoule dans la salle de bain",43970,,,Ouvriers_CPAS,,
T_P334,44015,Sabine Dieu,MRS,Entretien général,une rampe se détache du mur au niveau du couloir des magnolias à la petite aile,44015,,,Ouvriers_CPAS,,
T_P333,44015,Sabine Dieu,MRS,Entretien général,le percolateur du rez ne fonctionne plus et celui du cantou les lilas a un soucis,44015,,,Ouvriers_CPAS,,
T_P343,44026,Sabine Dieu,MRS,Plomberie,soucis au niveau de l'évier de la cuisine au 1er les Oliviers,44026,,,Ouvriers_CPAS,,
T_P346,44026,Sabine Dieu,MRS,Entretien général,"pompe de produits détachée dans le vide panne du 1er, grande aile",44026,,,Ouvriers_CPAS,,
T_P348,44027,Sabine Dieu,MRS,Sanitaire,urinoires qui coulent: au rez côté bureaux les 2 et au 1er dans le wc du milieu,44027,,,Ouvriers_CPAS,,
T_P347,44027,Sabine Dieu,MRS,Entretien général,"le cendrier du cantou du 1er est troué, serait-il possible de mettre une plaque ?",44027,,,Ouvriers_CPAS,,
T_P358,44046,Sabine Dieu,MRS,Electricité,serait il possible de regarder les extracteurs d'air dans les wc,44046,,,Gestionnaire_GTC,Thersa,
T_P357,44046,Sabine Dieu,MRS,Entretien général,mettre des pattes aux cassettes à serrure chez les hommes,44046,,,Ouvriers_CPAS,,
T_P364,44048,Sabine Dieu,MRS,Entretien général,nettoyer les bouches d'aération dans les WC étages et RDC,44048,,1,Ouvriers_CPAS,,
T_P361,44048,Sabine Dieu,MRS,Entretien général,nettoyage des bouches d'aération dans les étages,44048,,,Ouvriers_CPAS,,
T_P363,44048,Sabine Dieu,MRS,Entretien général,aller voir la porte de la terrasse côté office au cantou du 1er,44048,,,Ouvriers_CPAS,,
T_P362,44048,Sabine Dieu,MRS,Entretien général,porte coupe feu au niveau de la grande aile  sont bloquées avec des cartons,44048,,,Ouvriers_CPAS,,
T_P360,44048,Sabine Dieu,MRS,Entretien général,nettoyage des bouches d'aération dans les vestiaires et les wc,44048,,,Ouvriers_CPAS,,
T_P368,44049,Sabine Dieu,MRS,Entretien général,chambre 001 porte salle de bain frotte,44049,1h,2,Ouvriers_CPAS,,
T_P370,44050,Sabine Dieu,MRS,Entretien général,porte donnant dans le petit couloir frotte et esr difficile a ouvrir,44050,,2,Ouvriers_CPAS,,
T_P372,44053,Sabine Dieu,MRS,Entretien général,détartrage du percolateur de la cafet,44053,,,Ouvriers_CPAS,,
T_P374,44055,Sabine Dieu,MRS,Plomberie,évier bouché chambre 19 au rez,44055,,,Ouvriers_CPAS,,
T_P379,44057,Sabine Dieu,MRS,Entretien général,"toutes les portes coupe feu se sont fermées au 1er, pas  possible de les maintenir ouvertes",44057,,,Ouvriers_CPAS,,
T_P385,44062,Sabine Dieu,MRS,Sanitaire,chambre 28 cantou du rez: le robinet est dévissé et la planche de wc cassée,44062,,,Ouvriers_CPAS,,
T_P389,44067,Sabine Dieu,MRS,Sanitaire,urinoire qui coule au rez au niveau du petit salon,44067,,,Thersa,,
T_P390,44069,Sabine Dieu,MRS,Jardin / extérieur,essayer une toile de tonnelle qui est terminée,44069,,,Ouvriers_CPAS,,
T_P391,44069,Sabine Dieu,MRS,Jardin / extérieur,bras de la tonnelle au cantou du rez tombé,44069,,,Ouvriers_CPAS,,
T_P413,44097,Sabine Dieu,MRS,Buanderie - Cuisine,la porte côté sale ne se ferme plus ,44097,,,Ouvriers_CPAS,,
T_P414,44098,Sabine Dieu,MRS,Sanitaire,la planche du wc à la chambre : 117 et 122 est cassée,44098,,,Ouvriers_CPAS,,
T_P425,44105,Sabine Dieu,MRS,Sanitaire,urinoirs bouchés au niveau du grand salon,44105,,,Ouvriers_CPAS,,
T_P424,44105,Sabine Dieu,MRS,Entretien général,la porte du frigo de la salle à manger du rez ne se ferme plus,44105,,,Ouvriers_CPAS,,
T_P431,44106,Sabine Dieu,MRS,Entretien général,la porte du fumoir ne se ferme plus,44106,,,Ouvriers_CPAS,,
T_P430,44106,Sabine Dieu,MRS,Electricité,remplacer taque électrique à la Roseraie n°10,44106,,,Ouvriers_CPAS,,
T_P432,44109,Sabine Dieu,MRS,Entretien général,mettre les tables au 1er pour réunion du 6/10 (thersa),44109,,,Ouvriers_CPAS,,
T_P435,44111,Sabine Dieu,MRS,Entretien général,mettre les appareils dans la salle de bain de toutes les chambres : voir directeur pour emplacement,44111,,,Ouvriers_CPAS,,
T_P445,44116,Sabine Dieu,MRS,Plomberie,chambre 131 tuyau d'évacuation détaché,44116,,,Ouvriers_CPAS,,
T_P444,44116,Sabine Dieu,MRS,Entretien général,porte qui donne accés à la terrasse du cantou du rez difficile à ouvir,44116,,,Ouvriers_CPAS,,
T_P450,44119,Sabine Dieu,MRS,Entretien général,la petite fenêtre de la chambre 229 ne se ferme plus,44119,,,Ouvriers_CPAS,,
T_P448,44119,Sabine Dieu,MRS,Sanitaire,chambre 12 fuite au niveau de son wc,44119,,,Ouvriers_CPAS,,
T_P449,44119,Sabine Dieu,MRS,Entretien général,tentures à remettre à la chambre 213,44119,,,Ouvriers_CPAS,,
T_P447,44119,Sabine Dieu,MRS,Entretien général,"serait-il possible de remettre les tentures dans les chambres:204,229 et232",44119,,,Ouvriers_CPAS,,
T_P455,44124,Sabine Dieu,MRS,Entretien général,percolateur de rez à la cafet et aux Eucalyptus sont certainement à détartrer,44124,,,Ouvriers_CPAS,,
T_P470,44130,Sabine Dieu,MRS,Entretien général,remettre les tentures chambre 32 ,44130,,,Ouvriers_CPAS,,
T_P469,44130,Sabine Dieu,MRS,Entretien général,soucis avec une planche à repasser ,44130,,,Ouvriers_CPAS,,
T_P480,44144,Sabine Dieu,MRS,Entretien général,percolateur à détartrer au 1er (Olivier),44144,,,Ouvriers_CPAS,,
T_P479,44144,Sabine Dieu,MRS,Entretien général,peut-on remettre la tenture au cantou du rez (salle à manger),44144,,,Ouvriers_CPAS,,
T_P491,44152,Sabine Dieu,MRS,Sanitaire,Planche cassée à la chambre 231,44152,,,Ouvriers_CPAS,,
T_P492,44152,Sabine Dieu,MRS,Entretien général,remettre des crochets aux tentures à la chambre 231,44152,,,Ouvriers_CPAS,,
T_P499,44155,Sabine Dieu,MRS,Entretien général,soucis au percolateur du 1er,44155,,,Ouvriers_CPAS,,
T_P498,44155,Sabine Dieu,MRS,Sanitaire,remplacer planche wc chambre 30,44155,,,Ouvriers_CPAS,,
T_P506,44162,Sabine Dieu,MRS,Entretien général,la porte du vide panne du cantou du rez ne se ferme plus,44162,,,Ouvriers_CPAS,,
T_P505,44162,Sabine Dieu,MRS,Entretien général,percolatuer du 1er Oliviers ne fonctionne plus,44162,,,Ouvriers_CPAS,,
T_P508,44165,Sabine Dieu,MRS,Sanitaire,urinoire du rez côté bureau coule,44165,,,Ouvriers_CPAS,,
T_P509,44165,Sabine Dieu,MRS,Sanitaire,chambre 238: le wc ne fonctionne pas,44165,,,Ouvriers_CPAS,,
T_P515,44172,Sabine Dieu,MRS,Electricité,"au 1er et 2ème gros soucis avec les percolateurs: ils débordent, il y aurait un soucis avec le débit d'eau",44172,,,Ouvriers_CPAS,,
T_P511,44172,Sabine Dieu,MRS,Sanitaire,la planche du wc des hommes au rez près des bureaux est cassée,44172,,,Ouvriers_CPAS,,
T_P523,44176,Sabine Dieu,MRS,Entretien général,nettoyage des bouches d'aération dans les chambres,44176,,,Ouvriers_CPAS,,
T_P530,44187,Sabine Dieu,MRS,Entretien général,la 2éme porte de sortie au cantou du rez côté couloir kiné ne se ferme plus,44187,,,Ouvriers_CPAS,,
T_P531,44187,Sabine Dieu,MRS,Sanitaire,"les toilettes du petit salon au rez sont bouchées côté homme, tout est bouché urinoires compris",44187,,,Ouvriers_CPAS,,
T_P532,44187,Sabine Dieu,MRS,Entretien général,eucalyptus au niveau des wc prés de la salle à manger il y a de l'eau qui coule du plafond prés du détecteur,44187,,,Ouvriers_CPAS,,
T_P538,44202,Sabine Dieu,MRS,Entretien général,"la porte côté propre qui donne sur le quai, le caoutchouc est détaché",44202,,,Ouvriers_CPAS,,
T_P544,44203,Sabine Dieu,MRS,Electricité,soucis avec la prise du chariot au cantou du rez,44203,,,Ouvriers_CPAS,,
T_P545,44204,Sabine Dieu,MRS,Entretien général,"la porte du local aux chariots d'entretien aux eucalyptus, ne se ferme plus",44204,,,Ouvriers_CPAS,,
T_P550,44209,Sabine Dieu,MRS,Entretien général,la porte d'entrée de la chambre 13 est diffile à ouvrir,44209,,,Ouvriers_CPAS,,
T_P553,44214,Sabine Dieu,MRS,Sanitaire,les toilettes côté hommes coulent au rez côté petit salon,44214,,,Ouvriers_CPAS,,
T_P558,44217,Sabine Dieu,MRS,Sanitaire,vérifier chambre 13: odeur d'égoût,44217,,,Gestionnaire_GTC,Thersa,
T_P556,44217,Sabine Dieu,MRS,Entretien général,"serait-il possible d'aller remettre les tentures à la chambre 19, à la salle à manger les Lilas et de faire le tour dans les autres chambres merci ",44217,,,Ouvriers_CPAS,,
T_P557,44217,Sabine Dieu,MRS,Sanitaire,chambre 218 changer la planche du wc,44217,,,Ouvriers_CPAS,,
T_P565,44221,Sabine Dieu,MRS,Sanitaire,"urinoire du rez côté petit salon, soucis de fuite en dessous ",44221,,,Ouvriers_CPAS,,
T_P567,44224,Sabine Dieu,MRS,Sanitaire,urinoires côté salon coulent toujours,44224,,,Gestionnaire_GTC,Thersa,
T_P570,44225,Sabine Dieu,MRS,Plomberie,fuite d'eau au vide panne des eucalyptus grande  aile,44225,,,Ouvriers_CPAS,,
T_P575,44229,Sabine Dieu,MRS,Sanitaire,"PLANCHE DE WC CASSEE DANS LE VESTIAIRE DES FEMMES,DERNIER WC DU FOND",44229,,,Ouvriers_CPAS,,
T_P583,44239,Sabine Dieu,MRS,Sanitaire,wc bouché chambre 129,44239,,,Ouvriers_CPAS,,
T_P591,44250,Sabine Dieu,MRS,Entretien général,"la porte de la cuisine côté sale se ferme mais on sait toujours l'ouvrir, La sécurité ne se fait plus",44250,,,Ouvriers_CPAS,,
T_P595,44256,Sabine Dieu,MRS,Entretien général,serait-il possible d'installer les 5 appareils pour papier wc qui manquent au niveau des wc du personnel aux eucalyptus (2) et au rez de chaussée (3),44256,,,Ouvriers_CPAS,,
T_P608,44263,Sabine Dieu,MRS,Entretien général,chambre 217: pied de table gauche défectueux,44263,,,Ouvriers_CPAS,,
T_P606,44263,Sabine Dieu,MRS,Entretien général,un percolateur est en panne au 2ème étage,44263,,,Ouvriers_CPAS,,
T_P617,44272,Sabine Dieu,MRS,Entretien général,percolateur du cantou au 1er déborde,44272,,,Ouvriers_CPAS,,
T_P625,44277,Sabine Dieu,MRS,Sanitaire,chambre 209 planche wc cassée,44277,,,Ouvriers_CPAS,,
T_P628,44280,Sabine Dieu,MRS,Entretien général,il manque une corde rouge pour appeler le soignant à la chambre 120 chambre,44280,,,Ouvriers_CPAS,,
T_P629,44280,Sabine Dieu,MRS,Peinture,réparation et remise en couleur du mur sous la fenêtre à la chambre 120,44280,,,Ouvriers_CPAS,,
T_P639,44286,Sabine Dieu,MRS,Electricité,une prise s'est déboîtée dans la petite aile aux Eucalyptus ( ras du sol),44286,,,Ouvriers_CPAS,,
T_P648,44298,Sabine Dieu,MRS,Entretien général,les chambres 238 et 240 n'ont pas de télévision,44298,,,Ouvriers_CPAS,,
T_P651,44298,Sabine Dieu,MRS,Electricité,la télévision de la chambre 121 n'a plus de signal,44298,,,Ouvriers_CPAS,,
T_P649,44298,Sabine Dieu,MRS,Entretien général,à la chambre 240 la table d'appoint est cassée,44298,,,Ouvriers_CPAS,,
T_P650,44298,Sabine Dieu,MRS,Entretien général,"à la chambre 238, il manque une chaise",44298,,,Ouvriers_CPAS,,
T_P646,44298,Sabine Dieu,MRS,Entretien général,chambre 236: mettre une extension au niveau du lit,44298,,,Ouvriers_CPAS,,
T_P647,44298,Sabine Dieu,MRS,Sanitaire,chambre 025: planche wc cassée,44298,,,Ouvriers_CPAS,,
T_P653,44299,Sabine Dieu,MRS,Entretien général,FOURMIS A LA CHAMBRE 005,44299,,,Ouvriers_CPAS,,
T_P652,44299,Sabine Dieu,MRS,Entretien général,porte extérieure qui grince au cantou du rez,44299,,,Ouvriers_CPAS,,
T_P655,44300,Sabine Dieu,MRS,Electricité,remettre un plafonnier à l'entrée de la chambre 241,44300,,,Ouvriers_CPAS,,
T_P658,44301,Sabine Dieu,MRS,Entretien général,remplacer la table d'appoint à la chambre 119,44301,,,Ouvriers_CPAS,,
T_P656,44301,Sabine Dieu,MRS,Entretien général,caoutchouc déboité au rez au niveau de l'ascenseur propre,44301,,,Ouvriers_CPAS,,
T_P657,44301,Sabine Dieu,MRS,Entretien général,rampe dévissée dans le grand couloir des Magnolias vers le milieu,44301,,,Ouvriers_CPAS,,
T_P661,44302,Sabine Dieu,MRS,Entretien général,on a cassé l'appareil pour les papiers mains au 1er dans les toilettes des femmes au milieu,44302,,,Ouvriers_CPAS,,
T_P662,44305,Sabine Dieu,MRS,Sanitaire,chambre 127 le lavabo fuit,44305,,,Ouvriers_CPAS,,
T_P667,44307,Sabine Dieu,MRS,Electricité,chambre 205 soucis d'interrupteur,44307,,,Ouvriers_CPAS,,
T_P666,44307,Sabine Dieu,MRS,Electricité,le tube au-dessus du lit ne fonctionne pas à la chambre 001,44307,,,Ouvriers_CPAS,,
T_P670,44308,Sabine Dieu,MRS,Entretien général,chambre 227 tablette cassée,44308,,,Ouvriers_CPAS,,
T_P677,44309,Sabine Dieu,MRS,Entretien général,serrure de la porte du wc des femmes du rez côté petit salon est cassée,44309,,,Thersa,Gestionnaire_GTC,
T_P676,44309,Sabine Dieu,MRS,Electricité,remplacer ampoule de la 1ère douche dans vestiaire des femmes d'entretien ,44309,,,Ouvriers_CPAS,,
T_P674,44309,Sabine Dieu,MRS,Plomberie,à la chambre 119 la douche ne fonctionne pas,44309,,,Ouvriers_CPAS,,
T_P679,44312,Sabine Dieu,MRS,Entretien général,remplacer l'appareil à savon à la salle à manger des Eucalyptus : il coule,44312,,,Ouvriers_CPAS,,
T_P685,44314,Sabine Dieu,MRS,Entretien général,la porte de la salle de bain de la chambre 121 ne se ferme plus,44314,,,Ouvriers_CPAS,,
T_P684,44314,Sabine Dieu,MRS,Cuisine,la porte côté sale qui donne accés à la cuisine ne ferme plus,44314,,,Ouvriers_CPAS,,
T_P687,44315,Sabine Dieu,MRS,Entretien général,toile de tonnelle,44315,,,Ouvriers_CPAS,,
T_P696,44319,Sabine Dieu,MRS,Plomberie,evier du cantou du rez de la salle à manger coule en dessous,44319,,,Ouvriers_CPAS,,
T_P703,44321,Sabine Dieu,MRS,Entretien général,chambre 130: pas de frigo,44321,,,Ouvriers_CPAS,,
T_P702,44321,Sabine Dieu,MRS,Entretien général,"chambre 130: pas de table, pas de table d'appoint, pas de repose-pieds, revisser la poignée de la porte de la salle de bain et odeur",44321,,,Ouvriers_CPAS,,
T_P707,44323,Sabine Dieu,MRS,Sanitaire,chambre 038: évier bouché,44323,,,Ouvriers_CPAS,,
T_P714,44336,Sabine Dieu,MRS,Entretien général,monter le frigo de la chambre 37 au 128,44336,,,Ouvriers_CPAS,,
T_P717,44337,Sabine Dieu,MRS,Entretien général,chambre 22 descendre le fauteuil,44337,,,Ouvriers_CPAS,,
T_P728,44343,Sabine Dieu,MRS,Entretien général,mettre un frigo à la chambre 017,44343,,,Ouvriers_CPAS,,
T_P731,44349,Sabine Dieu,MRS,Plomberie,l'eau du lavabo de la chambre 231 a du mal de s'écouler,44349,,,Ouvriers_CPAS,,
T_P735,44350,Sabine Dieu,MRS,Plomberie,mauvaise évacuation des eaux au niveau du lavabo dans les chambres : voir siphon?,44350,,,Ouvriers_CPAS,,
T_P734,44350,Sabine Dieu,MRS,Sanitaire,les 2 premiers wc dans le vestiaire femmes sont bouchés,44350,,,Ouvriers_CPAS,,
T_P741,44354,Sabine Dieu,MRS,Entretien général,la corde d'appel infirmière reste coincée chambre 215,44354,,,Ouvriers_CPAS,,
T_P745,44357,Sabine Dieu,MRS,Entretien général,mettre des piles dans l'appareil de température,44357,,,Ouvriers_CPAS,,
T_P744,44357,Sabine Dieu,MRS,Entretien général,chambre 128 peut-on remettre les tentures,44357,,,Ouvriers_CPAS,,
T_P763,44369,Sabine Dieu,MRS,Entretien général,porte donnant sur quai au niveau du bureau des brigadiers ne se ferme plus correctement: pièce partie,44369,,,Ouvriers_CPAS,,
T_P761,44369,Sabine Dieu,MRS,Sanitaire,chambre 201 pas de planche de wc,44369,,,Ouvriers_CPAS,,
T_P762,44369,Sabine Dieu,MRS,Entretien général,chambre035 mettre des crochets aux tentures,44369,,,Ouvriers_CPAS,,
T_P764,44370,Sabine Dieu,MRS,Entretien général,petite machine coule à la buanderie,44370,,,Ouvriers_CPAS,,
T_P765,44371,Sabine Dieu,MRS,Sanitaire,toilette du personnel homme bouchée au 1er ,44371,,,Ouvriers_CPAS,,
T_P771,44375,Sabine Dieu,MRS,Entretien général,la porte du local chariot du 1er ne se ferme plus,44375,,,Ouvriers_CPAS,,
T_P770,44375,Sabine Dieu,MRS,Plomberie,la base du robinet de la salle à manger du 1er bouge  beaucoup,44375,,,Ouvriers_CPAS,,
T_P772,44376,Sabine Dieu,MRS,Entretien général,changer la séparation dans frigo de la salle à manger au 1er (urgent),44376,,,Ouvriers_CPAS,,
T_P776,44379,Sabine Dieu,MRS,Entretien général,caroline du rez de chaussée ne fonctionne plus,44379,,,Ouvriers_CPAS,,
T_P775,44379,Sabine Dieu,MRS,Entretien général,chambre 003 frigo ne fonctionne plus,44379,,,Ouvriers_CPAS,,
T_P782,44383,Sabine Dieu,MRS,Entretien général,placer cendriers: 2 à l'entrée et 1 dans chaque cantou,44383,,,Ouvriers_CPAS,,
T_P783,44383,Sabine Dieu,MRS,Sanitaire,1er wc vestiaire femmes bouché,44383,,,Ouvriers_CPAS,,
T_P781,44383,Sabine Dieu,MRS,Entretien général,poter 12 bouteilles d'eau au numéro 003,44383,,,Ouvriers_CPAS,,
T_P779,44383,Sabine Dieu,MRS,Entretien général,la porte du bureau des eucalyptus ne ferme plus (2ème),44383,,,Ouvriers_CPAS,,
T_P784,44384,Sabine Dieu,MRS,Sanitaire,2 ème wc bouché dans vestiaire femmes,44384,,,Ouvriers_CPAS,,
T_P787,44390,Sabine Dieu,MRS,Entretien général,évacuation du trop plein derrière les machines à laver,44390,,,Ouvriers_CPAS,,
T_P788,44391,Sabine Dieu,MRS,Entretien général,trouver solution pour les cassettes qui ne ferment plus dans vestiaire femmes,44391,,,Ouvriers_CPAS,,
T_P792,44393,Sabine Dieu,MRS,Entretien général,la porte du local chariots au 1er ne ferme pas,44393,,,Ouvriers_CPAS,,
T_P790,44393,Sabine Dieu,MRS,Entretien général,caroline LILAS (cantou du rez) fonctionne seule,44393,,,Ouvriers_CPAS,,
T_P796,44403,Sabine Dieu,MRS,Entretien général,"cendriers sur terrasses: 1 au 2ème, 1 au 1er et 2 au rez",44403,,,Ouvriers_CPAS,,
T_P795,44403,Sabine Dieu,MRS,Sanitaire,chambre 003 : plaque wc ne tient plus,44403,,,Ouvriers_CPAS,,
T_P794,44403,Sabine Dieu,MRS,Entretien général,chaise pése personne ne fonctionne plus voir au cantou du rez,44403,,,Ouvriers_CPAS,,
T_P793,44403,Sabine Dieu,MRS,Entretien général,chambre 101: tablette fauteuil,44403,,,Ouvriers_CPAS,,
T_P797,44404,Sabine Dieu,MRS,Sanitaire,chambre 109: chasse coule,44404,,,Ouvriers_CPAS,,
T_P799,44405,Sabine Dieu,MRS,Entretien général,"chambre 034 à besoin + grande rallonge au lit, voir ch 137 qui n'en a pas l'utilité",44405,,,Ouvriers_CPAS,,
T_P798,44405,Sabine Dieu,MRS,Entretien général,chambre 223 : apporter 12 bouteilles d'eau,44405,,,Ouvriers_CPAS,,
T_P800,44405,Sabine Dieu,MRS,Plomberie,chambre 204: robinet coule,44405,,,Ouvriers_CPAS,,
T_P804,44407,Sabine Dieu,MRS,Electricité,chambre 119 : il n'y a plus qu'1 ampoule qui fonctionne dans la salle de bain,44407,,,Ouvriers_CPAS,,
T_P806,44411,Sabine Dieu,MRS,Sanitaire,ch 117: chasse coule,44411,,,Ouvriers_CPAS,,
T_P807,44411,Sabine Dieu,MRS,Plomberie,ch 118 souci au syphon: coule,44411,,,Ouvriers_CPAS,,
T_P808,44412,Sabine Dieu,MRS,Entretien général,ch 005 voir crochets rideau de douche,44412,,,Ouvriers_CPAS,,
T_P811,44413,Sabine Dieu,MRS,Entretien général,enlever le bac à fleurs cantou du rez,44413,,,Ouvriers_CPAS,,
T_P810,44413,Sabine Dieu,MRS,Entretien général,tondre la pelouse du cantou du rez,44413,,,Ouvriers_CPAS,,
T_P813,44414,Sabine Dieu,MRS,Entretien général,ch 016 : remettre les tentures,44414,,,Ouvriers_CPAS,,
T_P815,44414,Sabine Dieu,MRS,Entretien général,ch 016  manque un repose pieds couleur aubergine,44414,,,Ouvriers_CPAS,,
T_P817,44414,Sabine Dieu,MRS,Entretien général,ch 119 pas de frigo et de télévision,44414,,,Ouvriers_CPAS,,
T_P818,44414,Sabine Dieu,MRS,Entretien général,ch 119 remettre les tentures,44414,,,Ouvriers_CPAS,,
T_P814,44414,Sabine Dieu,MRS,Entretien général,déposer le chariot avec fortimel chez Christelle,44414,,,Ouvriers_CPAS,,
T_P816,44414,Sabine Dieu,MRS,Electricité,remplacer une lampe au plafond de la chambre,44414,,,Ouvriers_CPAS,,
T_P823,44419,Sabine Dieu,MRS,Entretien général,ch 101 fauteuil défectueux au niveau du repose pieds,44419,,,Ouvriers_CPAS,,
T_P822,44419,Sabine Dieu,MRS,Entretien général,ch 119 la tv ne fonctionne pas,44419,,,Ouvriers_CPAS,,
T_P821,44419,Sabine Dieu,MRS,Entretien général,ch 16 retirer frigo  dans armoire car un personnel,44419,,,Ouvriers_CPAS,,
T_P824,44419,Sabine Dieu,MRS,Entretien général,ch 213 porter 18 bouteilles d'eau,44419,,,Ouvriers_CPAS,,
T_P825,44420,Sabine Dieu,MRS,Entretien général,fermer porte local électrique 2ème étage prés office infi,44420,,,Ouvriers_CPAS,,
T_P832,44421,Sabine Dieu,MRS,Entretien général,ch 232 la porte d'entrée cale quand on la ferme,44421,,,Ouvriers_CPAS,,
T_P834,44425,Sabine Dieu,MRS,Entretien général,ch 201 et 203 la tv ne fonctionne pas,44425,,,Ouvriers_CPAS,,
T_P837,44425,Sabine Dieu,MRS,Electricité,problème de lumière à la chambre 28 et 38,44425,,,Ouvriers_CPAS,,
T_P835,44425,Sabine Dieu,MRS,Sanitaire,ch 231 la chasse d'eau ne fonctionne plus,44425,,,Ouvriers_CPAS,,
T_P836,44425,Sabine Dieu,MRS,Sanitaire,pas de bouchon d'évier chambre 027,44425,,,Ouvriers_CPAS,,
T_P841,44427,Sabine Dieu,MRS,Entretien général,"au rez , on a besoin de 3 piles pour les appareils à glycémie",44427,,,Ouvriers_CPAS,,
T_P842,44427,Sabine Dieu,MRS,Sanitaire,ch 033 wc bouché,44427,,,Ouvriers_CPAS,,
T_P843,44428,Sabine Dieu,MRS,Sanitaire,ch 204 la chasse ne fonctonne plus,44428,,,Ouvriers_CPAS,,
T_P857,44441,Sabine Dieu,MRS,Entretien général,ch 121 rattacher les tentures,44441,,,Ouvriers_CPAS,,
T_P856,44441,Sabine Dieu,MRS,Electricité,CH 139 LA LAMPE AU-DESSUS DU LIT NE S ETEINT PLUS,44441,,,Ouvriers_CPAS,,
T_P855,44441,Sabine Dieu,MRS,Entretien général,ch 234 la porte d'entrée a des difficultés d'ouverture,44441,,,Ouvriers_CPAS,,
T_P873,44475,Sabine Dieu,MRS,Entretien général,de l'eau coule au niveau des fenêtres du salon dans le cantou du rez,44475,,,Ouvriers_CPAS,,
T_P870,44475,Sabine Dieu,MRS,Entretien général,CHAMBRE 233 : 2 PILES POUR APPAREIL REFLO,44475,,,Ouvriers_CPAS,,
T_P874,44475,Sabine Dieu,MRS,Entretien général,chambre 32 plus de son à la tv,44475,,,Ouvriers_CPAS,,
T_P872,44475,Sabine Dieu,MRS,Entretien général,SOUCI PERCOLATEUR DU CANTOU DU 1ER,44475,,,Ouvriers_CPAS,,
T_P875,44475,Sabine Dieu,MRS,Entretien général,chambre 233: pas de bouchon au lavabo,44475,,,Ouvriers_CPAS,,
T_P871,44475,Sabine Dieu,MRS,Entretien général,SOUCI PERCOLATEUR DU BAR ,44475,,,Ouvriers_CPAS,,
T_P876,44476,Sabine Dieu,MRS,Entretien général,le soignant demande de retirer l'auvent qui se trouve aux Acacias,44476,,,Ouvriers_CPAS,,
T_P877,44476,Sabine Dieu,MRS,Entretien général,serait-il possible de regarder à la petite auto laveuse: bruit bizarre et ne racle plus,44476,,,Ouvriers_CPAS,,
T_P880,44482,Sabine Dieu,MRS,Entretien général,chambre 011: il manque un bouchon au lavabo,44482,,,Ouvriers_CPAS,,
T_P881,44482,Sabine Dieu,MRS,Entretien général,retirer dans le vide panne du rez (grande aile) un frigo,44482,,,Ouvriers_CPAS,,
T_P882,44482,Sabine Dieu,MRS,Entretien général,retirer dans vide panne au 1er (grande aile) un fauteuil,44482,,,Ouvriers_CPAS,,
T_P898,44524,Sabine Dieu,MRS,Entretien général,chambre 009: la porte coulissante de la salle de bain ne tient plus,44524,,,Ouvriers_CPAS,,
T_P901,44526,Sabine Dieu,MRS,Sanitaire,wc bouché chez les femmes derrière fumoir ( wc cachés),44526,,,Ouvriers_CPAS,,
T_P900,44526,Sabine Dieu,MRS,Sanitaire,chambre 103:planche wc ne tient plus,44526,,,Ouvriers_CPAS,,
T_P899,44526,Sabine Dieu,MRS,Entretien général,chambre 111: porte coulissante de la salle de bain  est déboîtée,44526,,,Ouvriers_CPAS,,
T_P905,44529,Sabine Dieu,MRS,Entretien général,ch 202 barre pied de lit cassée,44529,,,Ouvriers_CPAS,,
T_P904,44529,Sabine Dieu,MRS,Plomberie,ch 135 tuyau de la salle de bain déboité,44529,,,Ouvriers_CPAS,,
T_P906,44529,Sabine Dieu,MRS,Sanitaire,ch 001 le lavabo coule en dessous,44529,,,Ouvriers_CPAS,,
T_P907,44529,Sabine Dieu,MRS,Sanitaire,"lavabo wc cachés femmes, derrière fumoir, coule en dessous",44529,,,Ouvriers_CPAS,,
T_P903,44529,Sabine Dieu,MRS,Entretien général,on demande une télécommande dans service LILAS (pour bureau),44529,,,Ouvriers_CPAS,,
T_P902,44529,Sabine Dieu,MRS,Chauffage,souci de chauffage dans tout le service Lilas ce we ,44529,,,Ouvriers_CPAS,,
T_P909,44536,Sabine Dieu,MRS,Sanitaire,ch 035 douche bouchée,44536,,,Ouvriers_CPAS,,
T_P910,44537,Sabine Dieu,MRS,Entretien général,buanderie: la petite machine ne fonctionne plus,44537,,,Ouvriers_CPAS,,
T_P911,44537,Sabine Dieu,MRS,Electricité,salle à manger lilas prise détachée,44537,,,Ouvriers_CPAS,,
T_P913,44540,Sabine Dieu,MRS,Plomberie,chambre 031 douche bouchée,44540,,,Ouvriers_CPAS,,
T_P916,44543,Sabine Dieu,MRS,Entretien général,ch 227 la table à roulette ne roule plus,44543,,,Ouvriers_CPAS,,
T_P915,44543,Sabine Dieu,MRS,Entretien général,chambre 34 retirer la rallonge du lit,44543,,,Ouvriers_CPAS,,
T_P914,44543,Sabine Dieu,MRS,Plomberie,chambre 036 douche bouchée,44543,,,Ouvriers_CPAS,,
T_P918,44544,Sabine Dieu,MRS,Entretien général,chambre 235 la TV ne fonctionne plus,44544,,,Ouvriers_CPAS,,
T_P921,44547,Sabine Dieu,MRS,Electricité,ch 209 souci de veilleuse au niveau du lit,44547,,,Ouvriers_CPAS,,
T_P920,44547,Sabine Dieu,MRS,Entretien général,ch 208 porte de la salle de bain difficile à ouvrir,44547,,,Ouvriers_CPAS,,
T_P922,44550,Sabine Dieu,MRS,Entretien général,chambre 241: besoin de piles pour sa télécommande,44550,,,Ouvriers_CPAS,,
T_P923,44551,Sabine Dieu,MRS,Sanitaire,ch 223 la chasse d'eau ne fonctionne plus,44551,,,Ouvriers_CPAS,,
T_P925,44552,Sabine Dieu,MRS,Entretien général,chambre015 2 papillons pour tablette de la chaise,44552,,,Ouvriers_CPAS,,
T_P926,44553,Sabine Dieu,MRS,Entretien général,pile pour appareil à glycémie pour le rez de chaussée,44553,,,Ouvriers_CPAS,,
T_P933,44565,Sabine Dieu,MRS,Entretien général,"la porte qui donne derrière le cantou du rez, près du fumoir ne ferme plus",44565,,,Ouvriers_CPAS,,
T_P932,44565,Sabine Dieu,MRS,Sanitaire,une planche cassée dans les wc publics des hommes au 2ème,44565,,,Ouvriers_CPAS,,
T_P931,44565,Sabine Dieu,MRS,Entretien général,urgent: la porte du service les Lilas s'ouvre,44565,,,Ouvriers_CPAS,,
T_P935,44567,Sabine Dieu,MRS,Entretien général,ch 020 voir tentures,44567,,,Ouvriers_CPAS,,
T_P938,44567,Sabine Dieu,MRS,Entretien général,possible de retendre le caoutchouc de l'auto-laveuse du 1er?,44567,,,Ouvriers_CPAS,,
T_P939,44567,Sabine Dieu,MRS,Sanitaire,ch 004 plus d'eau au niveau de la douche,44567,,,Ouvriers_CPAS,,
T_P937,44567,Sabine Dieu,MRS,Entretien général,"percolateur des Acacias ne fonctionne plus, il se met en sécurité",44567,,,Ouvriers_CPAS,,
T_P934,44567,Sabine Dieu,MRS,Entretien général,besoin d'une pile pour réflo au 1er,44567,,,Ouvriers_CPAS,,
T_P936,44567,Sabine Dieu,MRS,Plomberie,ch 026 tuyau lavabo à raccorder,44567,,,Ouvriers_CPAS,,
T_P941,44571,Sabine Dieu,MRS,Entretien général,percolateur des oliviers ne fonctionne plus,44571,,,Ouvriers_CPAS,,
T_P942,44571,Sabine Dieu,MRS,Entretien général,percolateur des ACACIAS déborde,44571,,,Ouvriers_CPAS,,
T_P944,44571,Sabine Dieu,MRS,Sanitaire,un second wc bouché dans les vestiaires des femmes,44571,,,Ouvriers_CPAS,,
T_P943,44571,Sabine Dieu,MRS,Sanitaire,un wc dans les vestiaires des femmes est bouché,44571,,,Ouvriers_CPAS,,
T_P947,44572,Sabine Dieu,MRS,Entretien général,ch 126 barrière du lit côté salle de bain ne tient plus,44572,,,Ouvriers_CPAS,,
T_P945,44572,Sabine Dieu,MRS,Entretien général,ch 009 et 014 problème avec la commande du lit,44572,,,Ouvriers_CPAS,,
T_P946,44572,Sabine Dieu,MRS,Plomberie,ch 034 tuyau du lavabo déboîté,44572,,,Ouvriers_CPAS,,
T_P948,44573,Sabine Dieu,MRS,Entretien général,ch 034  retirer la rallonge du lit,44573,,,Ouvriers_CPAS,,
T_P953,44585,Sabine Dieu,MRS,Plomberie,l'évier de la cuisine coule au Acacias,44585,,,Ouvriers_CPAS,,
T_P955,44585,Sabine Dieu,MRS,Electricité,plus aucunes lampes ne foctionnent dans la ch 131,44585,,,Ouvriers_CPAS,,
T_P957,44585,Sabine Dieu,MRS,Plomberie,évier bouché à la chambre 231,44585,,,Ouvriers_CPAS,,
T_P956,44585,Sabine Dieu,MRS,Entretien général,l'image de la TV 229 est floue,44585,,,Ouvriers_CPAS,,
T_P958,44585,Sabine Dieu,MRS,Sanitaire,"CH 114 souci au niveau de la chasse d'eau, il n'y a qu'un ""bouton"" poussoire qui fonctionne",44585,,,Ouvriers_CPAS,,
T_P954,44585,Sabine Dieu,MRS,Entretien général,le frigo encastrable de la cuisine des Acacias ne fonctionne plus,44585,,,Ouvriers_CPAS,,
T_P965,44603,Sabine Dieu,MRS,Entretien général,le boîtier électronique de la porte de sortie des Lilas ne fonctionne plus: la porte n'est plus sécurisée,44603,,,Ouvriers_CPAS,,
T_P967,44606,Sabine Dieu,MRS,Entretien général,remettre les tables blanches dans le réfectoire du rez,44606,,,Ouvriers_CPAS,,
T_P968,44607,Sabine Dieu,MRS,Entretien général,barillet chambre 028 à remettre,44607,,,Ouvriers_CPAS,,
T_P969,44608,Sabine Dieu,MRS,Plomberie,voir robinet cuisine MAGNOLIAS,44608,,,Ouvriers_CPAS,,
T_P971,44609,Sabine Dieu,MRS,Cuisine,une prise n'a plus de courant ch 204,44609,,,Ouvriers_CPAS,,
T_P976,44610,Sabine Dieu,MRS,Entretien général,ch 226 les piles de la télécommande ne fonctionne plus,44610,,,Ouvriers_CPAS,,
T_P975,44610,Sabine Dieu,MRS,Sanitaire,ch 223 la chasse ne fonctionne plus,44610,,,Ouvriers_CPAS,,
T_P979,44616,Sabine Dieu,MRS,Sanitaire,ch 213 souci à la chasse,44616,,,Ouvriers_CPAS,,
T_P980,44624,Sabine Dieu,MRS,Sanitaire,chambre 223 plus d'eau au niveau de la chasse,44624,,,Thersa,,
T_P982,44627,Sabine Dieu,MRS,Plomberie,ch 138 : l'eau coule du tyuau d'ébacuation branché au mur,44627,,,Ouvriers_CPAS,,
T_P984,44629,Sabine Dieu,MRS,Entretien général,banc à gauche chambre 120 ne tient plus,44629,,,Ouvriers_CPAS,,
T_P987,44631,Sabine Dieu,MRS,Plomberie,ch 033 le lavabo se détache de la porte,44631,,,Ouvriers_CPAS,,
T_P994,44637,Sabine Dieu,MRS,Entretien général,barre défaite dans ascensseur sale à droite face au miroir,44637,,,Ouvriers_CPAS,,
T_P993,44637,Sabine Dieu,MRS,Sanitaire,planche côté cpas cassée (chez les hommes),44637,,,Ouvriers_CPAS,,
T_P992,44637,Sabine Dieu,MRS,Sanitaire,ch 214 plus de chasse,44637,,,Ouvriers_CPAS,,
T_P991,44637,Sabine Dieu,MRS,Entretien général,barreaux cassés au lit ch 135,44637,,,Ouvriers_CPAS,,
T_P995,44638,Sabine Dieu,MRS,Plomberie,ch 101 il manque un bouchon au lavabo,44638,,,Ouvriers_CPAS,,
T_P996,44641,Sabine Dieu,MRS,Entretien général,percolateur au 2ème côté fenêtre fait énormément de vapeur,44641,,,Ouvriers_CPAS,,
T_P998,44644,Sabine Dieu,MRS,Entretien général,ch 003 pas de télécommande,44644,,,Ouvriers_CPAS,,
T_P997,44644,Sabine Dieu,MRS,Sanitaire,urinoir côté personnel fuite d'eau côté gauche,44644,,,Ouvriers_CPAS,,
T_P1000,44651,Sabine Dieu,MRS,Entretien général,le frigo des lilas de la salle à manger ne fonctionne plus,44651,,,Ouvriers_CPAS,,
T_P1003,44655,Sabine Dieu,MRS,Entretien général,"tentures à remettre chambres: 230,228,231,225,201",44655,,,Ouvriers_CPAS,,
T_P1002,44655,Sabine Dieu,MRS,Sanitaire,ch 37 au lilas le tuyau du lavabo détaché,44655,,,Ouvriers_CPAS,,
T_P1005,44657,Sabine Dieu,MRS,Entretien général, pouvez-vous envoyer un technicien car la porte de la machine n° 2 ne se ferme plus merci,44657,,,Primus,Ouvriers_CPAS,
T_P1006,44662,Sabine Dieu,MRS,Plomberie,ch 241 évier bouché,44662,,,Ouvriers_CPAS,,
T_P1007,44664,Sabine Dieu,MRS,Sanitaire,CH 030 PLANCHE WC CASSEE,44664,,,Ouvriers_CPAS,,
T_P1008,44665,Sabine Dieu,MRS,Entretien général,regarder la calle côté propre,44665,,,Ouvriers_CPAS,,
T_P1012,44665,Sabine Dieu,MRS,Entretien général,test,44665,,,Ouvriers_CPAS,,
T_P1011,44665,Sabine Dieu,MRS,Entretien général,test,44665,,,Ouvriers_CPAS,,
T_P1010,44665,Sabine Dieu,MRS,Entretien général,test,44665,,,Ouvriers_CPAS,,
T_P1014,44670,Sabine Dieu,MRS,Entretien général,ch 029 fourmis + dans la salle à manger,44670,,,Ouvriers_CPAS,,
T_P1015,44670,Sabine Dieu,MRS,Electricité,ch 241 le store du milieu ne fonctionne plus,44670,,,Ouvriers_CPAS,,
T_P1018,44673,Sabine Dieu,MRS,Electricité,ch 031 et 037 cantou du rez: les lampes au dessus du lit ne s'éteignent plus ce qui est dérangeant pour la nuit,44673,,,Ouvriers_CPAS,,
T_P1020,44673,Sabine Dieu,MRS,Sanitaire,toutes les toilettes sont bouchées à la cuisine,44673,,,Ouvriers_CPAS,,
T_P1019,44673,Sabine Dieu,MRS,Chauffage,test,44673,,,Ouvriers_CPAS,,
T_P1021,44678,Sabine Dieu,MRS,Entretien général,"ch 034 une plinthe est décollée, déposée à l'office",44678,,,Ouvriers_CPAS,,
T_P1022,44679,Sabine Dieu,MRS,Entretien général,le boîtier du bureau des Lilas ne fonctionne plus,44679,,,Ouvriers_CPAS,,
T_P1026,44680,Sabine Dieu,MRS,Entretien général,percolateur du cantou du 1er à vérifier,44680,,,Ouvriers_CPAS,,
T_P1027,44680,Sabine Dieu,MRS,Plomberie,ch 136 évier bouché,44680,,,Ouvriers_CPAS,,
T_P1029,44683,Sabine Dieu,MRS,Entretien général,plinthe décollée en face de l'office du rez de chaussée prés de la salle à manger,44683,,,Ouvriers_CPAS,,
T_P1032,44684,Sabine Dieu,MRS,Plomberie,cuicine des OLIVIERS l'eau chaude coule en fin filet,44684,,,Ouvriers_CPAS,,
T_P1030,44684,Sabine Dieu,MRS,Entretien général,ch 132 une clinche est détachée d'une porte d'armoire,44684,,,Ouvriers_CPAS,,
T_P1033,44684,Sabine Dieu,MRS,Entretien général,la porte du local chariots au 1er ne ferme pas,44684,,,Ouvriers_CPAS,,
T_P1034,44684,Sabine Dieu,MRS,Entretien général,tentures à remettre ch 116 et 118 ainsi que dans le salon face à l'office des Oliviers,44684,,,Ouvriers_CPAS,,
T_P1031,44684,Sabine Dieu,MRS,Entretien général,"ch 132 le grand frigo est a descendre dans une réserve , famille viendra le chercher",44684,,,Ouvriers_CPAS,,
T_P1035,44685,Sabine Dieu,MRS,Entretien général,"racrocher les tentures dans les chambres suivantes: 115,118,122,102,107,114 et 111 + manque une longue tenture à la 106",44685,,,Ouvriers_CPAS,,
T_P1040,44691,Sabine Dieu,MRS,Entretien général,passage d'un technicien pour la machine n°1 qui évacue l'eau directement après départ du programme,44691,,,Primus,,
T_P1041,44691,Sabine Dieu,MRS,Sanitaire,ch 219 planche wc cassée,44691,,,Ouvriers_CPAS,,
T_P1043,44692,Sabine Dieu,MRS,Entretien général,percolateur du rez à détartrer,44692,,,Ouvriers_CPAS,,
T_P1042,44692,Sabine Dieu,MRS,Entretien général,sortie de secours au niveai 1er côté ascensseur visiteur: coude détaché à la rampe,44692,,,Ouvriers_CPAS,,
T_P1047,44697,Sabine Dieu,MRS,Entretien général,escaliers de secours du 1er: coude de la rampe détachée,44697,,,Ouvriers_CPAS,,
T_P1050,44700,Sabine Dieu,MRS,Entretien général,porte wc personnel homme ne se ferme plus aux eucalyptus,44700,,,Ouvriers_CPAS,,
T_P1052,44700,Sabine Dieu,MRS,Electricité,ch 112 plus de lumière dans la salle de bain,44700,,,Ouvriers_CPAS,,
T_P1051,44700,Sabine Dieu,MRS,Electricité,ch 103 problème avec le cordon de la lumière au-dessus du lit ne s'allume plus,44700,,,Ouvriers_CPAS,,
T_P1057,44711,Sabine Dieu,MRS,Plomberie,ch 130 fin filet d'eau à la douche,44711,,,Ouvriers_CPAS,,
T_P1060,44714,Sabine Dieu,MRS,Electricité,CH 217 LE FRIGO NE FONCTIONNE PLUS,44714,,,Ouvriers_CPAS,,
T_P1062,44721,Sabine Dieu,MRS,Entretien général,PORTES COUPE FEU NE FERME PLUS: AU REZ PRES DU FUMOIR ET AU REZ LA PORTE QUI MONTE A L ETAGE DANS GRANDE AILE,44721,,,Ouvriers_CPAS,,
T_P1064,44722,Sabine Dieu,MRS,Entretien général,ch 138 piles pour glucomètre,44722,,,Ouvriers_CPAS,,
T_P1063,44722,Sabine Dieu,MRS,Entretien général,ch 224 planche wc cassée,44722,,,Ouvriers_CPAS,,
T_P1067,44729,Sabine Dieu,MRS,Plomberie,ch 136 évier bouché,44729,,,Ouvriers_CPAS,,
T_P1069,44731,Sabine Dieu,MRS,Entretien général,la porte coupe feu de la sortie de secours après l'office du 2éme ne ferme plus,44731,,,Ouvriers_CPAS,,
T_P1068,44731,Sabine Dieu,MRS,Entretien général,la porte du cantou du 1er côté SNOOZELEN ne se ferme plus,44731,,,Ouvriers_CPAS,,
T_P1073,44733,Sabine Dieu,MRS,Entretien général,"soucis de programme , machine n°2",44733,,,Primus,,
T_P1072,44733,Sabine Dieu,MRS,Entretien général,monter une des étagères des vestiaires femmes au cantou du 1er dans vide panne,44733,,,Ouvriers_CPAS,,
T_P1075,44736,Sabine Dieu,MRS,Entretien général,machine 2 souci d'écoulement d'eau vers l'avant,44736,,,Primus,,
T_P1077,44743,Sabine Dieu,MRS,Entretien général,commander 3 clés pour valve,44743,,,Ouvriers_CPAS,,
T_P1078,44746,Sabine Dieu,MRS,Sanitaire,ch 219 planche wc cassée,44746,,,Ouvriers_CPAS,,
T_P1084,44747,Sabine Dieu,MRS,Plomberie,ch 125 évier bouché,44747,,,Ouvriers_CPAS,,
T_P1087,44747,Sabine Dieu,MRS,Plomberie,le robinet de la salle à manger du 2ème est à vérifier,44747,,,Ouvriers_CPAS,,
T_P1086,44747,Sabine Dieu,MRS,Entretien général,la porte du 1er cantou côté Snoozelen ne se faire plus complètement,44747,,,Ouvriers_CPAS,,
T_P1090,44750,Sabine Dieu,MRS,Entretien général,un pied de table ne tient plus au 1er dans le salon prés du Snoozelen,44750,,,Ouvriers_CPAS,,
T_P1089,44750,Sabine Dieu,MRS,Electricité,"la coiffe d'un plafonnier est détaché au niveau de la sortie de secours du cantou du 1er, la porte qui donne vers le service des Oliviers",44750,,,Ouvriers_CPAS,,
T_P1091,44753,Sabine Dieu,MRS,Entretien général,"ch 021 lit trop petit, mettre une rallonge",44753,,,Ouvriers_CPAS,,
T_P1095,44757,Sabine Dieu,MRS,Entretien général,ch 026 une des barre de lit ne descend plus (gauche),44757,,,Ouvriers_CPAS,,
T_P1101,44767,Sabine Dieu,MRS,Entretien général,vérifier tous les percolateurs,44767,,,Ouvriers_CPAS,,
T_P1103,44774,Sabine Dieu,MRS,Entretien général,"ch 122 impossible d'avoir la RAI à la télévision, La famille demande de regarder",44774,,,Ouvriers_CPAS,,
T_P1106,44776,Sabine Dieu,MRS,Electricité,plus d'électricité dans les wc du personnel aux Eucalyptus ,44776,,,Thersa,Ouvriers_CPAS,
T_P1107,44778,Sabine Dieu,MRS,Plomberie,CH 126 EAU DANS LA CHAMBRE POUTANT TUYAU DE LA SALLE DE BAIN BIEN FIXE,44778,,,Ouvriers_CPAS,,
T_P1112,44782,Sabine Dieu,MRS,Entretien général,cantou du rez: vérifier la porte donnat vers la terrasse,44782,,,Ouvriers_CPAS,,
T_P1111,44782,Sabine Dieu,MRS,Sanitaire,ch 026 planche wc cassée,44782,,,Ouvriers_CPAS,,
T_P1110,44782,Sabine Dieu,MRS,Electricité,ch 013 boîtier de la sonnette au-dessu du lit détachée du mur,44782,,,Ouvriers_CPAS,,
T_P1109,44782,Sabine Dieu,MRS,Electricité,plus d'électricité dans la salle à manger des Eucalyptus,44782,,,Ouvriers_CPAS,,
T_P1125,44802,Sabine Dieu,MRS,Entretien général,remplacer le joint du frigo de la cuisine des Lilas,44802,,,Ouvriers_CPAS,,
T_P1123,44802,Sabine Dieu,MRS,Entretien général,manque un bouchon dans l'évier de la cuisine des Lilas,44802,,,Ouvriers_CPAS,,
T_P1124,44802,Sabine Dieu,MRS,Entretien général,possible de mettre un frigo dans la salle cuisine des Oliviers,44802,,,Ouvriers_CPAS,,
T_P1126,44802,Sabine Dieu,MRS,Entretien général,retirer fauteuil coque ch 036 et y mettre un autre,44802,,,Ouvriers_CPAS,,
T_P1128,44803,Sabine Dieu,MRS,Entretien général,ch 018 vérifier la porte coulissante/ salle de bain au lit,44803,,,Ouvriers_CPAS,,
T_P1131,44805,Sabine Dieu,MRS,Entretien général,plus possible d'ouvrir la porte de l'office et cabinet médical aux euca,44805,,,Ouvriers_CPAS,,
T_P1130,44805,Sabine Dieu,MRS,Entretien général,au 1er la porte du local à chariots est difficile à ouvrir,44805,,,Ouvriers_CPAS,,
T_P1145,44837,Sabine Dieu,MRS,Entretien général,madame Urbain Gisèle souhaite un nettoyage de la ventilation dans sa chambre,44837,,,Ouvriers_CPAS,,
T_P1147,44837,Sabine Dieu,MRS,Entretien général,ch 228 il manque des crochets,44837,,,Ouvriers_CPAS,,
T_P1146,44837,Sabine Dieu,MRS,Entretien général,ch239 la fenêtre de droite ne s'ouvre plus,44837,,,Ouvriers_CPAS,,
T_P1149,44845,Sabine Dieu,MRS,Entretien général,CH 103 LA TV NE FONCTIONNE PLUS,44845,,,Ouvriers_CPAS,,
T_P1151,44846,Sabine Dieu,MRS,Entretien général,"le boîtier d'ouverture de la pièce d'entretien du rez ne fonctionne plus, La porte ne se ferme plus",44846,,,Ouvriers_CPAS,,
T_P1150,44846,Sabine Dieu,MRS,Entretien général,plus possible de rentrer dans les vestiaires femmes entretien,44846,,,Ouvriers_CPAS,,
T_P1153,44847,Sabine Dieu,MRS,Sanitaire,CH 001 PLANCHE WC  CASSEE,44847,,,Ouvriers_CPAS,,
T_P1152,44847,Sabine Dieu,MRS,Sanitaire,ch 108 planche wc cassée,44847,,,Ouvriers_CPAS,,
T_P1159,44852,Sabine Dieu,MRS,Entretien général,serait-il possible de nettoyer le plafond au niveau des bouches d'aération?,44852,,,Thersa,,
T_P1157,44852,Sabine Dieu,MRS,Entretien général,"ch 230,porte coulissante salle de bain côté armoires,difficile à ouvrir ",44852,,,Ouvriers_CPAS,,
T_P1156,44852,Sabine Dieu,MRS,Entretien général,remplacer le frigo ch 217: chauffe,44852,,,Ouvriers_CPAS,,
T_P1158,44852,Sabine Dieu,MRS,Electricité,ch 14 pas de protection à la prise électrique derrière le lit,44852,,,Ouvriers_CPAS,,
T_P1160,44854,Sabine Dieu,MRS,Entretien général,mettre un appareil pour essuyage des mains dans la cuisine de l'animation,44854,,,Ouvriers_CPAS,,
T_P1161,44858,Sabine Dieu,MRS,Plomberie,CH 231 évier bouché,44858,,,Ouvriers_CPAS,,
T_P1162,44859,Sabine Dieu,MRS,Entretien général,changer le distributeur de papier électronique au cantou Lilas et à l'animation,44859,,,Ouvriers_CPAS,,
T_P1164,44862,Sabine Dieu,MRS,Entretien général,ch 016 la porte de séparation de la salle de bain difficile à fermer,44862,,,Ouvriers_CPAS,,
T_P1163,44862,Sabine Dieu,MRS,Entretien général,urgent; détartrer tous les percolateurs,44862,,,Ouvriers_CPAS,,
T_P1210,44992,Sabine Dieu,MRS,Entretien général,ch 212 une partie du double vitrage d''une fenêtre est fissuré,44992,,,Ouvriers_CPAS,,
T_P1211,44992,Sabine Dieu,MRS,Electricité,"cantou les Acacias du côté des chambres, milieu couloir, un cache est retiré de la prise",44992,,,Ouvriers_CPAS,,
T_P1212,44994,Sabine Dieu,MRS,Entretien général,ch 233 la porte coulissante se retire de son rail au-dessus,44994,,,Ouvriers_CPAS,,
T_P1216,44995,Sabine Dieu,MRS,Entretien général,percolateur des Oliviers à détartrer,44995,,,Ouvriers_CPAS,,
T_P1215,44995,Sabine Dieu,MRS,Entretien général,ch 235 panneau derrière le lit déboîté,44995,,,Ouvriers_CPAS,,
T_P1214,44995,Sabine Dieu,MRS,Plomberie,ch 023 lavabo bouché,44995,,,Ouvriers_CPAS,,
T_P1219,44998,Sabine Dieu,MRS,Sanitaire,eucalyptus: wc publics des femmes bouchés,44998,,,Ouvriers_CPAS,,
T_P1218,44998,Sabine Dieu,MRS,Entretien général,"ch 116 la barre du fauteuil est détachée, elle se trouve dans la chambre",44998,,,Ouvriers_CPAS,,
T_P1217,44998,Sabine Dieu,MRS,Entretien général,ch 102 la porte de la salle de bain est déboîtée,44998,,,Ouvriers_CPAS,,
T_P1222,45001,Sabine Dieu,MRS,Entretien général,porte du cantou des Acacias au niveau du bureau ne s'ouvre plus avec le badge,45001,,,Ouvriers_CPAS,,
T_P1221,45001,Sabine Dieu,MRS,Plomberie,ch 117 évier coule,45001,,,Ouvriers_CPAS,,
T_P1223,45005,Sabine Dieu,MRS,Plomberie,ch 123 évacuation de l'évier coule,45005,,,Ouvriers_CPAS,,
T_P1228,45007,Sabine Dieu,MRS,Plomberie,ch 129 remplacer pommeau de douche,45007,,,Ouvriers_CPAS,,
T_P1231,45007,Sabine Dieu,MRS,Plomberie,ch 230 plus de bouchon au lavabo,45007,,,Ouvriers_CPAS,,
T_P1229,45007,Sabine Dieu,MRS,Electricité,ch 214 la lampe au dessus du lit reste allumée jour et nuit,45007,,,Ouvriers_CPAS,,
T_P1226,45007,Sabine Dieu,MRS,Sanitaire,ch 132 le sterfput refoule de l'eau brune,45007,,,Ouvriers_CPAS,,
T_P1225,45007,Sabine Dieu,MRS,Entretien général,ch 132 pas de rideau de douche,45007,,,Ouvriers_CPAS,,
T_P1227,45007,Sabine Dieu,MRS,Electricité,cantou du 1er entre les ch 133 et 134 la veilleuse est retirée du mur,45007,,,Ouvriers_CPAS,,
T_P1230,45007,Sabine Dieu,MRS,Entretien général,ch 206 tentures à attacher,45007,,,Ouvriers_CPAS,,
T_P1232,45008,Sabine Dieu,MRS,Entretien général,bureau des infirmières des Eucalyptus ne s'ouvre plus avec le badge,45008,,,Ouvriers_CPAS,,
T_P1233,45008,Sabine Dieu,MRS,Entretien général,la porte du bureau médical des Eucalyptus n'a plus de clenche,45008,,,Ouvriers_CPAS,,
T_P1235,45013,Sabine Dieu,MRS,Entretien général,ch 004 la barre du lit côté fenêtre ne s'abaisse plus,45013,,,Ouvriers_CPAS,,
T_P1234,45013,Sabine Dieu,MRS,Entretien général,ch 022 il y a des fourmis,45013,,,Ouvriers_CPAS,,
T_P1236,45013,Sabine Dieu,MRS,Entretien général,ch 002 attacher les tentures et la sonnette est déboîtée,45013,,,Ouvriers_CPAS,,
T_P1238,45014,Sabine Dieu,MRS,Entretien général,ch 008 attacher tentures,45014,,,Ouvriers_CPAS,,
T_P1237,45014,Sabine Dieu,MRS,Entretien général,ch 009 changer le fauteuil ,45014,,,Ouvriers_CPAS,,
T_P1246,45016,Sabine Dieu,MRS,Plomberie,ch 219 évier bouché,45016,,,Ouvriers_CPAS,,
T_P1245,45016,Sabine Dieu,MRS,Entretien général,ch 235 vérifier la chaise,45016,,,Ouvriers_CPAS,,
T_P1251,45019,Sabine Dieu,MRS,Entretien général,ch 232 la petite porte de la salle de bain se déboîte,45019,,,Ouvriers_CPAS,,
T_P1252,45019,Sabine Dieu,MRS,Electricité,ch 205 changer le cable HDMI,45019,,,Ouvriers_CPAS,,
T_P1250,45019,Sabine Dieu,MRS,Sanitaire,euca urinoire bouché dans les wc publics,45019,,,Ouvriers_CPAS,,
T_P1249,45019,Sabine Dieu,MRS,Plomberie,ch 219 lavabo bouché,45019,,,Ouvriers_CPAS,,
T_P1254,45022,Sabine Dieu,MRS,Entretien général,"soucis de débordement d'eau à l'arrière, à la machine 1 et 3, dès que l'on met un programme à 90°. Merci de changer la température du programme MOP (sur toutes les machines), elle est actuellement à 90°C, il est souhaité de la descendre à 60°C.",45022,,,Primus,Ouvriers_CPAS,
T_P1274,45050,Sabine Dieu,MRS,Electricité,prise qui pend dans le couloir du cantou au 1er,45050,,,Ouvriers_CPAS,,
T_P1271,45050,Sabine Dieu,MRS,Entretien général,ch 106 le téléphone ne fonctionne plus,45050,,,Ouvriers_CPAS,,
T_P1270,45050,Sabine Dieu,MRS,Sanitaire,"ch 108 planche de wc à,remplacer",45050,,,Ouvriers_CPAS,,
T_P1276,45051,Sabine Dieu,MRS,Entretien général,la porte de la buanderie côté propre qui donne sur le quai ne se ferme plus correctement,45051,,,Ouvriers_CPAS,,
T_P1278,45054,Sabine Dieu,MRS,Entretien général,cantou du 1er il y a une table côté salon qui est cassée,45054,,,Ouvriers_CPAS,,
T_P1279,45058,Sabine Dieu,MRS,Entretien général,ch 136 le lit ne descend plus,45058,,,Ouvriers_CPAS,,
T_P1281,45062,Sabine Dieu,MRS,Entretien général,porte du cantou les Lilas ne ferme plus,45062,,,Ouvriers_CPAS,,
T_P1282,45069,Sabine Dieu,MRS,Entretien général,ch 227 remettre des piles dans la télécommande,45069,,,Ouvriers_CPAS,,
T_P1283,45069,Sabine Dieu,MRS,Plomberie,ch 25 et 36 douches bouchées,45069,,,Ouvriers_CPAS,,
T_P1284,45070,Sabine Dieu,MRS,Electricité,ch 018 la lampe d'appel au-dessus de la porte d'entrée ne fonctionne plus,45070,,,Ouvriers_CPAS,,
T_P1288,45076,Sabine Dieu,MRS,Entretien général,ch 233 mettre une rallonge au lit,45076,,,Ouvriers_CPAS,,
T_P1287,45076,Sabine Dieu,MRS,Entretien général,ch 017 il y a des fourmis,45076,,,Ouvriers_CPAS,,
T_P1286,45076,Sabine Dieu,MRS,Entretien général,tous les percolateurs sont à détartrer,45076,,,Ouvriers_CPAS,,
T_P1294,45086,Sabine Dieu,MRS,Entretien général,"la porte des Acacias se ferme mal, du côté du Snoozelen",45086,,,Ouvriers_CPAS,,
T_P1293,45086,Sabine Dieu,MRS,Entretien général,une grande partie du plafonnage est tombée du mur prés de la porte du cantou des Lilas,45086,,,Ouvriers_CPAS,,
T_P1295,45086,Sabine Dieu,MRS,Entretien général,ch 107/ remettre la rallonge au lit ainsi que les tentures,45086,,,Ouvriers_CPAS,,
T_P1296,45089,Sabine Dieu,MRS,Entretien général,ch 236 mettre un perroquet au lit,45089,,,Ouvriers_CPAS,,
T_P1297,45089,Sabine Dieu,MRS,Entretien général,porte du vestiaire des femmes très difficile à ouvrir,45089,,,Ouvriers_CPAS,,
T_P1298,45090,Sabine Dieu,MRS,Entretien général,ch 02 attacher les tentures,45090,,,Ouvriers_CPAS,,
T_P1302,45093,Sabine Dieu,MRS,Sanitaire,ch 236 planche wc cassée,45093,,,Ouvriers_CPAS,,
T_P1304,45096,Sabine Dieu,MRS,Entretien général,"la porte du cantou les lilas qui se trouve dans le couloir de secours,ne se ferme plus",45096,,,Ouvriers_CPAS,,
T_P1303,45096,Sabine Dieu,MRS,Entretien général,ch 133 remettre les tentures,45096,,,Ouvriers_CPAS,,
T_P1306,45097,Sabine Dieu,MRS,Entretien général,regarder à la fermeture du valve au sous sol (entretien),45097,,,Ouvriers_CPAS,,
T_P1305,45097,Sabine Dieu,MRS,Entretien général,034 la commande du lit ne fonctionne plus,45097,,,Ouvriers_CPAS,,
T_P1309,45099,Sabine Dieu,MRS,Electricité,Ch 004 le lit au niveau des pieds ne s'abaisse plus,45099,,,Ouvriers_CPAS,,
T_P1308,45099,Sabine Dieu,MRS,Entretien général,ch 034 soucis au niveau des fonctions du lit,45099,,,Ouvriers_CPAS,,
T_P1310,45099,Sabine Dieu,MRS,Entretien général,ch 215 remettre les tentures,45099,,,Ouvriers_CPAS,,
T_P1311,45100,Sabine Dieu,MRS,Sanitaire,ch 136 wc bouché,45100,,,Ouvriers_CPAS,,
T_P1316,45103,Sabine Dieu,MRS,Entretien général,ch 107 rattacher les tentures,45103,,,Ouvriers_CPAS,,
T_P1315,45103,Sabine Dieu,MRS,Entretien général,percolateur des eucalyptus à détartrer ,45103,,,Ouvriers_CPAS,,
T_P1317,45105,Sabine Dieu,MRS,Entretien général,"une plinthe est décollée dans le sas des escaliers de secours aux eucalyptus, en face de la chambre 215",45105,,,Ouvriers_CPAS,,
T_P1318,45106,Sabine Dieu,MRS,Entretien général,ch 235 plus possible d'ouvrir les fenêtres,45106,,,Ouvriers_CPAS,,
T_P1319,45112,Sabine Dieu,MRS,Entretien général,problèmes de sonnettes de chambres aux eucalyptus,45112,,,Ouvriers_CPAS,,
T_P1323,45118,Sabine Dieu,MRS,Entretien général,ch 22 fourmis qui viennent du chassis,45118,,,Ouvriers_CPAS,,
T_P1322,45118,Sabine Dieu,MRS,Plomberie,ch 128 écoulement difficile au niveau du lavabo,45118,,,Ouvriers_CPAS,,
T_P1325,45119,Sabine Dieu,MRS,Entretien général,ch 028  le porte savon est retiré du mur dans la salle de bain,45119,,,Ouvriers_CPAS,,
T_P1324,45119,Sabine Dieu,MRS,Entretien général,ch 028 rattacher les tentures,45119,,,Ouvriers_CPAS,,
T_P1326,45124,Sabine Dieu,MRS,Entretien général,ch 034 plus possible de descendre ou de monter le lit,45124,,,Ouvriers_CPAS,,
T_P1327,45124,Sabine Dieu,MRS,Plomberie,ch 029 tuyau détaché,45124,,,Ouvriers_CPAS,,
T_P1328,45124,Sabine Dieu,MRS,Entretien général,test,45124,,,Ouvriers_CPAS,,
T_P1330,45125,Sabine Dieu,MRS,Entretien général,essayer l'auto laveuse de la cuisine dans le local des marchandises au sous-sol,45125,,,Ouvriers_CPAS,,
T_P1329,45125,Sabine Dieu,MRS,Entretien général,CH  029 REMETTRE LES TENTURES,45125,,,Ouvriers_CPAS,,
T_P1332,45133,Sabine Dieu,MRS,Entretien général,"au 1er: la porte du cantou côté escaliers de secours frotte ,elle ne ferme plus",45133,,,Ouvriers_CPAS,,
T_P1333,45139,Sabine Dieu,MRS,Electricité,ch 118 les lampes de la salle de bain ne fonctionnent plus,45139,,,Ouvriers_CPAS,,
T_P1334,45139,Sabine Dieu,MRS,Plomberie,ch 127 le pommeau de douche est déboîté du tuyau,45139,,,Ouvriers_CPAS,,
T_P1336,45141,Sabine Dieu,MRS,Entretien général,ch 107 rattacher les tentures,45141,,,Ouvriers_CPAS,,
T_P1335,45141,Sabine Dieu,MRS,Electricité,ch 106 fiche de téléphone à remplacer,45141,,,Ouvriers_CPAS,,
T_P007,43758,Veronique Roland,MRS,Réunions ,Préparer salle de conseil + hvac,43758,1h,1,Gestionnaire_GTC,,
T_P006,43755,Veronique Roland,MRS,Réunions ,Préparer salle de conseil + hvac,43761,1h,1,Ouvriers_CPAS,Gestionnaire_GTC,
T_P191,43888,Virginie Koval,CPAS,Menuiserie,Monter des lits à l'ILA Cité comsopolite,43888,2,1,Ouvriers_CPAS,,
T_P981,44627,Virginie Koval,MRS,Plomberie,Chambre 26 -eau de la douche bouillante,44627,1,1,Ouvriers_CPAS,Thersa,
T_P989,44637,Virginie Koval,MRS,Entretien général,Chambres 220 et 235 - appel infirmier défectueux - rien ne s'affiche ni ne sonne sur les boitiers lorsque les résidents appellent,44637,,,Televic,,
T_P1056,44706,Virginie Koval,MRS,Entretien général,Chambre 112 - vérifier la télé qui a un gros problème de son (bruit dérangeant) et la changer si nécessaire,44706,,,Ouvriers_CPAS,,
T_P1133,44811,Virginie Koval,MRS,Electricité,"Chambre 136 - lumière d'ambiance ne fonctionne plus dans la chambre, obligation d'allumer les grandes lampes même quand pas nécessaire",44811,,,Ouvriers_CPAS,,
T_P1166,44873,Virginie Koval,MRS,Entretien général,Chambre 224 - une seule ampoule fonctionnelle dans la salle de bains. Remplacer celles qui ne fonctionnent plus,44873,,1,Ouvriers_CPAS,,
,,,,,,,,,,,
,,,,,,,,,,,
T_P051,43795,Veronique Roland,MRS,Réunions ,Préparation de la salle de conseil,43810,1,1,Ouvriers_CPAS,Entretien,Gestionnaire_GTC